{"type":"FeatureCollection","name":"servicios_contexto","features":[{"type":"Feature","id":"10006552","geometry":{"type":"Point","coordinates":[-88.82153298,20.5494151]},"properties":{"id":"10006552","nombre":"TENDEJON CARMELITA","categoria":"abasto","categorias":["abasto"],"clase_actividad":"Comercio al por menor en tiendas de abarrotes, ultramarinos y misceláneas","direccion":"CALLE 14, SAN JOSÉ, CP 97920, YAXCABÁ , Yaxcabá, YUCATÁN","telefono":"9851241474","correo":"","sitio_web":"","fuente":"DENUE, INEGI"}},{"type":"Feature","id":"10025834","geometry":{"type":"Point","coordinates":[-92.00416737,17.51948716]},"properties":{"id":"10025834","nombre":"FARMACIAS SIN MINISÚPER SIN NOMBRE","categoria":"salud","categorias":["salud"],"clase_actividad":"Farmacias sin minisúper","direccion":"CALLE LAS PERLAS, LOS LAURELES, CP 29960, PALENQUE , Palenque, CHIAPAS","telefono":"","correo":"","sitio_web":"","fuente":"DENUE, INEGI"}},{"type":"Feature","id":"10026245","geometry":{"type":"Point","coordinates":[-90.03252857,21.16470056]},"properties":{"id":"10026245","nombre":"EL COMPADRE RENTA DE CUATRIMOTOS","categoria":"transporte","categorias":["transporte"],"clase_actividad":"Alquiler de automóviles sin chofer","direccion":"CALLE 21 AVENIDA FELIPE CARRILLO PUERTO, SISAL, CP 97356, SISAL , Hunucmá, YUCATÁN","telefono":"","correo":"","sitio_web":"","fuente":"DENUE, INEGI"}},{"type":"Feature","id":"10045613","geometry":{"type":"Point","coordinates":[-90.0405034,21.16333176]},"properties":{"id":"10045613","nombre":"SIX FLAMINGOS","categoria":"abasto","categorias":["abasto"],"clase_actividad":"Comercio al por menor en tiendas de abarrotes, ultramarinos y misceláneas","direccion":"CALLE 3 ORIENTE, SISAL, CP 97356, SISAL , Hunucmá, YUCATÁN","telefono":"","correo":"","sitio_web":"","fuente":"DENUE, INEGI"}},{"type":"Feature","id":"10049381","geometry":{"type":"Point","coordinates":[-88.09938023,20.6197072]},"properties":{"id":"10049381","nombre":"VENTA DE ANTOJITOS EL MANZANITO","categoria":"alimentos","categorias":["alimentos"],"clase_actividad":"Restaurantes con servicio de preparación de antojitos","direccion":"CALLE NINGUNO, KANXOC, CP 97785, KANXOC , Valladolid, YUCATÁN","telefono":"","correo":"","sitio_web":"","fuente":"DENUE, INEGI"}},{"type":"Feature","id":"10062596","geometry":{"type":"Point","coordinates":[-89.28211478,20.40458149]},"properties":{"id":"10062596","nombre":"LONCHERIA SIN NOMBRE","categoria":"alimentos","categorias":["alimentos"],"clase_actividad":"Restaurantes con servicio de preparación de pizzas, hamburguesas, hot dogs y pollos rostizados para llevar","direccion":"CALLE 25, TEABO, CP 97910, TEABO , Teabo, YUCATÁN","telefono":"9971154107","correo":"","sitio_web":"","fuente":"DENUE, INEGI"}},{"type":"Feature","id":"10062802","geometry":{"type":"Point","coordinates":[-92.77844672,17.45698171]},"properties":{"id":"10062802","nombre":"TIENDA DE ABARROTES SIN NOMBRE","categoria":"abasto","categorias":["abasto"],"clase_actividad":"Comercio al por menor en tiendas de abarrotes, ultramarinos y misceláneas","direccion":"ANDADOR NINGUNO, SANTA ISABEL, CP 86890, TAPIJULAPA , Tacotalpa, TABASCO","telefono":"","correo":"","sitio_web":"","fuente":"DENUE, INEGI"}},{"type":"Feature","id":"10096018","geometry":{"type":"Point","coordinates":[-90.04013915,21.16328658]},"properties":{"id":"10096018","nombre":"COCINA ECONOMICA DOÑA GENY","categoria":"alimentos","categorias":["alimentos"],"clase_actividad":"Restaurantes que preparan otro tipo de alimentos para llevar","direccion":"CALLE 3 ORIENTE, SISAL, CP 97356, SISAL , Hunucmá, YUCATÁN","telefono":"","correo":"","sitio_web":"","fuente":"DENUE, INEGI"}},{"type":"Feature","id":"10099401","geometry":{"type":"Point","coordinates":[-89.28121663,20.39742074]},"properties":{"id":"10099401","nombre":"BALNEARIO CARIBE SPASH","categoria":"atractivos","categorias":["atractivos"],"clase_actividad":"Parques acuáticos y balnearios del sector privado","direccion":"CALLE 33 203, SAN FRANCISCO, CP 97910, TEABO , Teabo, YUCATÁN","telefono":"9971244929","correo":"","sitio_web":"","fuente":"DENUE, INEGI"}},{"type":"Feature","id":"10106570","geometry":{"type":"Point","coordinates":[-89.39252524,20.38961638]},"properties":{"id":"10106570","nombre":"HOTEL SAC NAJ","categoria":"alojamiento","categorias":["alojamiento"],"clase_actividad":"Hoteles sin otros servicios integrados","direccion":"CALLE 23, CENTRO, CP 97850, MANÍ , Maní, YUCATÁN","telefono":"9971298197","correo":"","sitio_web":"","fuente":"DENUE, INEGI"}},{"type":"Feature","id":"10110339","geometry":{"type":"Point","coordinates":[-88.19977649,20.68845111]},"properties":{"id":"10110339","nombre":"RESTAURANTE KURAN JAPONES Y ORIENTAL","categoria":"alimentos","categorias":["alimentos"],"clase_actividad":"Restaurantes con servicio de preparación de alimentos a la carta o de comida corrida","direccion":"CALLE 43 198, CENTRO, CP 97780, VALLADOLID , Valladolid, YUCATÁN","telefono":"","correo":"","sitio_web":"","fuente":"DENUE, INEGI"}},{"type":"Feature","id":"10147288","geometry":{"type":"Point","coordinates":[-90.17674446,20.12626264]},"properties":{"id":"10147288","nombre":"TIENDA DE ABARROTES SIN NOMBRE","categoria":"abasto","categorias":["abasto"],"clase_actividad":"Comercio al por menor en tiendas de abarrotes, ultramarinos y misceláneas","direccion":"CALLE 27, SAN PEDRO, CP 24810, POMUCH , Hecelchakán, CAMPECHE","telefono":"","correo":"","sitio_web":"","fuente":"DENUE, INEGI"}},{"type":"Feature","id":"10166604","geometry":{"type":"Point","coordinates":[-89.64543311,20.32410593]},"properties":{"id":"10166604","nombre":"TIENDA LA VIRGEN DE LA CONCEPCION","categoria":"abasto","categorias":["abasto"],"clase_actividad":"Comercio al por menor en tiendas de abarrotes, ultramarinos y misceláneas","direccion":"CARRETERA CAMPECHE UMAN, SAN JUAN, CP 97890, SANTA ELENA , Santa Elena, YUCATÁN","telefono":"9971246609","correo":"","sitio_web":"","fuente":"DENUE, INEGI"}},{"type":"Feature","id":"10201170","geometry":{"type":"Point","coordinates":[-89.28484175,20.40827692]},"properties":{"id":"10201170","nombre":"TENDEJON VERONICA","categoria":"abasto","categorias":["abasto"],"clase_actividad":"Comercio al por menor en tiendas de abarrotes, ultramarinos y misceláneas","direccion":"CALLE 23, TEABO, CP 97910, TEABO , Teabo, YUCATÁN","telefono":"","correo":"","sitio_web":"","fuente":"DENUE, INEGI"}},{"type":"Feature","id":"10227451","geometry":{"type":"Point","coordinates":[-92.00566759,17.50189085]},"properties":{"id":"10227451","nombre":"TACOS KATERINE","categoria":"alimentos","categorias":["alimentos"],"clase_actividad":"Restaurantes con servicio de preparación de tacos y tortas","direccion":"CALLE CARRETERA PALENQUE RUINAS, PALENQUE ZONA ARQUEOLOGICA, CP 29960, PALENQUE , Palenque, CHIAPAS","telefono":"","correo":"","sitio_web":"","fuente":"DENUE, INEGI"}},{"type":"Feature","id":"10227565","geometry":{"type":"Point","coordinates":[-92.11215709,16.91092435]},"properties":{"id":"10227565","nombre":"MINI TIENDA SIN NOMBRE","categoria":"abasto","categorias":["abasto"],"clase_actividad":"Comercio al por menor en tiendas de abarrotes, ultramarinos y misceláneas","direccion":"CALLE NINGUNO, EL PORVENIR, CP 29950, OCOSINGO , Ocosingo, CHIAPAS","telefono":"","correo":"","sitio_web":"","fuente":"DENUE, INEGI"}},{"type":"Feature","id":"10245755","geometry":{"type":"Point","coordinates":[-90.03934341,21.16338494]},"properties":{"id":"10245755","nombre":"RESTAURANTE EL CAPITAN","categoria":"alimentos","categorias":["alimentos"],"clase_actividad":"Restaurantes con servicio de preparación de tacos y tortas","direccion":"CALLE 3 ORIENTE, SISAL, CP 97356, SISAL , Hunucmá, YUCATÁN","telefono":"","correo":"","sitio_web":"","fuente":"DENUE, INEGI"}},{"type":"Feature","id":"10258644","geometry":{"type":"Point","coordinates":[-88.1017054,20.61867065]},"properties":{"id":"10258644","nombre":"VENTA DE ANTOJITOS SIN NOMBRE","categoria":"alimentos","categorias":["alimentos"],"clase_actividad":"Restaurantes con servicio de preparación de antojitos","direccion":"CALLE NINGUNO, KANXOC, CP 97785, KANXOC , Valladolid, YUCATÁN","telefono":"","correo":"","sitio_web":"","fuente":"DENUE, INEGI"}},{"type":"Feature","id":"10270639","geometry":{"type":"Point","coordinates":[-92.11028334,16.90623007]},"properties":{"id":"10270639","nombre":"TAMALES DOÑA GERO","categoria":"alimentos","categorias":["alimentos"],"clase_actividad":"Servicios de preparación de otros alimentos para consumo inmediato","direccion":"CALLE NINGUNO, LAJA TENDIDA, CP 29950, OCOSINGO , Ocosingo, CHIAPAS","telefono":"","correo":"","sitio_web":"","fuente":"DENUE, INEGI"}},{"type":"Feature","id":"10273100","geometry":{"type":"Point","coordinates":[-88.82242621,20.54818013]},"properties":{"id":"10273100","nombre":"ELABORACION DE POZOLE DE NIXTAMAL SIN NOMBRE","categoria":"alimentos","categorias":["alimentos"],"clase_actividad":"Servicios de preparación de otros alimentos para consumo inmediato","direccion":"CALLE 21, SAN JOSÉ, CP 97920, YAXCABÁ , Yaxcabá, YUCATÁN","telefono":"","correo":"","sitio_web":"","fuente":"DENUE, INEGI"}},{"type":"Feature","id":"10273638","geometry":{"type":"Point","coordinates":[-88.20098929,20.68390042]},"properties":{"id":"10273638","nombre":"MUREM MUSEO DE ROPA ETNICA DE MEXICO","categoria":"atractivos","categorias":["atractivos"],"clase_actividad":"Museos del sector privado","direccion":"CALLE 49 A 202, SAN JUAN, CP 97783, VALLADOLID , Valladolid, YUCATÁN","telefono":"","correo":"","sitio_web":"","fuente":"DENUE, INEGI"}},{"type":"Feature","id":"10287090","geometry":{"type":"Point","coordinates":[-89.3892059,20.39072019]},"properties":{"id":"10287090","nombre":"TENDEJON LA GUADALUPANA","categoria":"abasto","categorias":["abasto"],"clase_actividad":"Comercio al por menor en tiendas de abarrotes, ultramarinos y misceláneas","direccion":"CALLE 24, SANTA LUCIA, CP 97850, MANÍ , Maní, YUCATÁN","telefono":"9971450987","correo":"","sitio_web":"","fuente":"DENUE, INEGI"}},{"type":"Feature","id":"10287418","geometry":{"type":"Point","coordinates":[-88.82676362,20.54909405]},"properties":{"id":"10287418","nombre":"MEDICO 24-7","categoria":"salud","categorias":["salud"],"clase_actividad":"Consultorios de medicina general del sector público","direccion":"CALLE 20, CENTRO, CP 97920, YAXCABÁ , Yaxcabá, YUCATÁN","telefono":"","correo":"","sitio_web":"","fuente":"DENUE, INEGI"}},{"type":"Feature","id":"10295945","geometry":{"type":"Point","coordinates":[-90.03836211,21.16431867]},"properties":{"id":"10295945","nombre":"COCO BEACH","categoria":"alojamiento","categorias":["alojamiento"],"clase_actividad":"Hoteles sin otros servicios integrados","direccion":"CALLE 36, SISAL, CP 97356, SISAL , Hunucmá, YUCATÁN","telefono":"","correo":"","sitio_web":"","fuente":"DENUE, INEGI"}},{"type":"Feature","id":"10307501","geometry":{"type":"Point","coordinates":[-89.33182993,20.54426959]},"properties":{"id":"10307501","nombre":"TIENDA LA MORENITA DEL TEPEYAC","categoria":"abasto","categorias":["abasto"],"clase_actividad":"Comercio al por menor en tiendas de abarrotes, ultramarinos y misceláneas","direccion":"CALLE 9, MEJORADA, CP 97680, TEKIT , Tekit, YUCATÁN","telefono":"9971036979","correo":"","sitio_web":"","fuente":"DENUE, INEGI"}},{"type":"Feature","id":"10320773","geometry":{"type":"Point","coordinates":[-92.94672549,17.98995179]},"properties":{"id":"10320773","nombre":"LUA AUTOHOTEL","categoria":"alojamiento","categorias":["alojamiento"],"clase_actividad":"Moteles","direccion":"CALLE FRANCISCO J MUGICA 134, ATASTA DE SERRA, CP 86100, VILLAHERMOSA , Centro, TABASCO","telefono":"","correo":"","sitio_web":"","fuente":"DENUE, INEGI"}},{"type":"Feature","id":"10323925","geometry":{"type":"Point","coordinates":[-92.12840556,18.10281804]},"properties":{"id":"10323925","nombre":"FARMACIA 24 HORAS","categoria":"salud","categorias":["salud"],"clase_actividad":"Farmacias con minisúper","direccion":"CALLE JONUTA PALIZADA, CENTRO, CP 86781, JONUTA , Jonuta, TABASCO","telefono":"9932709854","correo":"","sitio_web":"","fuente":"DENUE, INEGI"}},{"type":"Feature","id":"10330027","geometry":{"type":"Point","coordinates":[-88.19926237,20.68840473]},"properties":{"id":"10330027","nombre":"AIEBNB CASA AZUL","categoria":"alojamiento","categorias":["alojamiento"],"clase_actividad":"Pensiones y casas de huéspedes","direccion":"CALLE 38, CENTRO, CP 97780, VALLADOLID , Valladolid, YUCATÁN","telefono":"","correo":"","sitio_web":"","fuente":"DENUE, INEGI"}},{"type":"Feature","id":"10330612","geometry":{"type":"Point","coordinates":[-93.06703177,18.17555603]},"properties":{"id":"10330612","nombre":"TALLER EL TAXISTA","categoria":"transporte","categorias":["transporte"],"clase_actividad":"Reparación mecánica en general de automóviles y camiones","direccion":"CALLE NARCISO MENDOZA, SANTA ANA, CP 86200, JALPA DE MÉNDEZ , Jalpa de Méndez, TABASCO","telefono":"","correo":"","sitio_web":"","fuente":"DENUE, INEGI"}},{"type":"Feature","id":"10339551","geometry":{"type":"Point","coordinates":[-90.03749686,21.16356072]},"properties":{"id":"10339551","nombre":"TIENDA DE VERDURAS Y ABARROTES","categoria":"abasto","categorias":["abasto"],"clase_actividad":"Comercio al por menor de frutas y verduras frescas","direccion":"CALLE 3 ORIENTE, SISAL, CP 97356, SISAL , Hunucmá, YUCATÁN","telefono":"","correo":"","sitio_web":"","fuente":"DENUE, INEGI"}},{"type":"Feature","id":"10346645","geometry":{"type":"Point","coordinates":[-92.11058517,16.9093362]},"properties":{"id":"10346645","nombre":"CORTE DE CABELLO PARA CABALLEROS","categoria":"salud","categorias":["salud"],"clase_actividad":"Salones y clínicas de belleza y peluquerías","direccion":"CALLE EJERCITO NACIONAL, LAJA TENDIDA, CP 29950, OCOSINGO , Ocosingo, CHIAPAS","telefono":"","correo":"","sitio_web":"","fuente":"DENUE, INEGI"}},{"type":"Feature","id":"10358302","geometry":{"type":"Point","coordinates":[-89.38658778,20.38831695]},"properties":{"id":"10358302","nombre":"PANADERIA SIN NOMBRE","categoria":"alimentos","categorias":["alimentos"],"clase_actividad":"Panificación tradicional","direccion":"CALLE 20, CANDELARIA, CP 97850, MANÍ , Maní, YUCATÁN","telefono":"9971204262","correo":"","sitio_web":"","fuente":"DENUE, INEGI"}},{"type":"Feature","id":"10377420","geometry":{"type":"Point","coordinates":[-89.6236447,20.9676879]},"properties":{"id":"10377420","nombre":"GALERIA 10 10","categoria":"atractivos","categorias":["atractivos"],"clase_actividad":"Museos del sector privado","direccion":"CALLE 61 501, CENTRO, CP 97000, MÉRIDA , Mérida, YUCATÁN","telefono":"9996417457","correo":"","sitio_web":"","fuente":"DENUE, INEGI"}},{"type":"Feature","id":"10384156","geometry":{"type":"Point","coordinates":[-92.10982307,16.90552265]},"properties":{"id":"10384156","nombre":"TAMALES SIN NOMBRE","categoria":"alimentos","categorias":["alimentos"],"clase_actividad":"Servicios de preparación de otros alimentos para consumo inmediato","direccion":"OTRO(ESPECIFIQUE) NINGUNO, NUEVO GUADALUPE, CP 29950, OCOSINGO , Ocosingo, CHIAPAS","telefono":"","correo":"","sitio_web":"","fuente":"DENUE, INEGI"}},{"type":"Feature","id":"10390852","geometry":{"type":"Point","coordinates":[-90.0398695,21.16270516]},"properties":{"id":"10390852","nombre":"TIENDA DE ABARROTES DIOS PROVEERA","categoria":"abasto","categorias":["abasto"],"clase_actividad":"Comercio al por menor en tiendas de abarrotes, ultramarinos y misceláneas","direccion":"CALLE NINGUNO, SISAL, CP 97356, SISAL , Hunucmá, YUCATÁN","telefono":"","correo":"","sitio_web":"","fuente":"DENUE, INEGI"}},{"type":"Feature","id":"10407936","geometry":{"type":"Point","coordinates":[-89.64722132,20.32842788]},"properties":{"id":"10407936","nombre":"VENTA DE GASOLINA SIN NOMBE","categoria":"combustible","categorias":["combustible"],"clase_actividad":"Comercio al por menor de gasolina y diesel","direccion":"CALLE 21, SAN JUAN, CP 97890, SANTA ELENA , Santa Elena, YUCATÁN","telefono":"","correo":"","sitio_web":"","fuente":"DENUE, INEGI"}},{"type":"Feature","id":"10410713","geometry":{"type":"Point","coordinates":[-90.03562442,21.16448544]},"properties":{"id":"10410713","nombre":"FARMACIA 3 ANGELITOS","categoria":"salud","categorias":["salud"],"clase_actividad":"Farmacias sin minisúper","direccion":"CALLE 21 AVENIDA FELIPE CARRILLO PUERTO, SISAL, CP 97356, SISAL , Hunucmá, YUCATÁN","telefono":"","correo":"","sitio_web":"","fuente":"DENUE, INEGI"}},{"type":"Feature","id":"10443869","geometry":{"type":"Point","coordinates":[-89.62370168,20.96769685]},"properties":{"id":"10443869","nombre":"MEXICO PREHISPANICO","categoria":"abasto","categorias":["abasto"],"clase_actividad":"Comercio al por menor en tiendas de artesanías","direccion":"CALLE 61, Int. 6, CENTRO, CP 97000, MÉRIDA , Mérida, YUCATÁN","telefono":"","correo":"","sitio_web":"","fuente":"DENUE, INEGI"}},{"type":"Feature","id":"10446733","geometry":{"type":"Point","coordinates":[-92.94677793,17.98944756]},"properties":{"id":"10446733","nombre":"TIENDA DE ABARROTES SIN NOMBRE","categoria":"abasto","categorias":["abasto"],"clase_actividad":"Comercio al por menor en tiendas de abarrotes, ultramarinos y misceláneas","direccion":"CALLE FRANCISCO J MUGICA 128, ATASTA DE SERRA, CP 86100, VILLAHERMOSA , Centro, TABASCO","telefono":"","correo":"","sitio_web":"","fuente":"DENUE, INEGI"}},{"type":"Feature","id":"10513934","geometry":{"type":"Point","coordinates":[-90.04269016,21.16352091]},"properties":{"id":"10513934","nombre":"CENTRO DE SALUD SISAL","categoria":"salud","categorias":["salud"],"clase_actividad":"Clínicas de consultorios médicos del sector público","direccion":"CALLE 21 AVENIDA FELIPE CARRILLO PUERTO, SISAL, CP 97356, SISAL , Hunucmá, YUCATÁN","telefono":"","correo":"","sitio_web":"","fuente":"DENUE, INEGI"}},{"type":"Feature","id":"10525860","geometry":{"type":"Point","coordinates":[-93.05946543,18.16318155]},"properties":{"id":"10525860","nombre":"ANA JULIA TRICOLOGIA COSMETICA","categoria":"salud","categorias":["salud"],"clase_actividad":"Salones y clínicas de belleza y peluquerías","direccion":"CALLE CORREGIDORA JOSEFA ORTIZ DE DOMINGUEZ, LA RESURRECCIÓN, CP 86203, JALPA DE MÉNDEZ , Jalpa de Méndez, TABASCO","telefono":"","correo":"","sitio_web":"","fuente":"DENUE, INEGI"}},{"type":"Feature","id":"10526257","geometry":{"type":"Point","coordinates":[-90.04079983,21.16252919]},"properties":{"id":"10526257","nombre":"DANS HAIR","categoria":"salud","categorias":["salud"],"clase_actividad":"Salones y clínicas de belleza y peluquerías","direccion":"CALLE NINGUNO, SISAL, CP 97356, SISAL , Hunucmá, YUCATÁN","telefono":"","correo":"","sitio_web":"","fuente":"DENUE, INEGI"}},{"type":"Feature","id":"10530871","geometry":{"type":"Point","coordinates":[-89.28273048,20.40142911]},"properties":{"id":"10530871","nombre":"POLLOS ASADOS LA CABAÑA","categoria":"alojamiento","categorias":["alojamiento"],"clase_actividad":"Restaurantes con servicio de preparación de pizzas, hamburguesas, hot dogs y pollos rostizados para llevar","direccion":"CALLE 29, TEABO, CP 97910, TEABO , Teabo, YUCATÁN","telefono":"9971140465","correo":"","sitio_web":"","fuente":"DENUE, INEGI"}},{"type":"Feature","id":"10597836","geometry":{"type":"Point","coordinates":[-92.94560328,17.98889558]},"properties":{"id":"10597836","nombre":"CONSULTORIO CLINICA SKIN-DERMA","categoria":"salud","categorias":["salud"],"clase_actividad":"Consultorios de medicina especializada del sector privado","direccion":"CALLE NIÑOS HEROES 427, ATASTA DE SERRA, CP 86100, VILLAHERMOSA , Centro, TABASCO","telefono":"","correo":"","sitio_web":"","fuente":"DENUE, INEGI"}},{"type":"Feature","id":"10607329","geometry":{"type":"Point","coordinates":[-93.21631024,18.27649686]},"properties":{"id":"10607329","nombre":"LAVADORA DE AUTOS EL TAXISTA","categoria":"transporte","categorias":["transporte"],"clase_actividad":"Lavado y lubricado de automóviles y camiones","direccion":"AVENIDA REVOLUCION, BICENTENARIO, CP 86340, COMALCALCO , Comalcalco, TABASCO","telefono":"","correo":"","sitio_web":"","fuente":"DENUE, INEGI"}},{"type":"Feature","id":"10693255","geometry":{"type":"Point","coordinates":[-92.09434385,16.90879902]},"properties":{"id":"10693255","nombre":"MUSEO POP YAXBITHE H AYUNTAMIENTO CONSTITUCIONAL DE OCOSINGO","categoria":"atractivos","categorias":["atractivos"],"clase_actividad":"Museos del sector público","direccion":"AVENIDA CENTRAL ORIENTE, NORTE, CP 29950, OCOSINGO , Ocosingo, CHIAPAS","telefono":"","correo":"","sitio_web":"","fuente":"DENUE, INEGI"}},{"type":"Feature","id":"10694300","geometry":{"type":"Point","coordinates":[-89.64259695,20.32343178]},"properties":{"id":"10694300","nombre":"TIENDA DE INSUMOS Y ACCESORIOS LOS CACH","categoria":"abasto","categorias":["abasto"],"clase_actividad":"Comercio al por menor en tiendas de abarrotes, ultramarinos y misceláneas","direccion":"CALLE 18, SAN MARCOS, CP 97890, SANTA ELENA , Santa Elena, YUCATÁN","telefono":"","correo":"","sitio_web":"","fuente":"DENUE, INEGI"}},{"type":"Feature","id":"10696222","geometry":{"type":"Point","coordinates":[-89.99517081,20.58391379]},"properties":{"id":"10696222","nombre":"PIZZERIA ELIEL","categoria":"alimentos","categorias":["alimentos"],"clase_actividad":"Restaurantes con servicio de preparación de pizzas, hamburguesas, hot dogs y pollos rostizados para llevar","direccion":"CALLE 21, MONTY, CP 97800, MAXCANÚ , Maxcanú, YUCATÁN","telefono":"9971413090","correo":"","sitio_web":"","fuente":"DENUE, INEGI"}},{"type":"Feature","id":"10702976","geometry":{"type":"Point","coordinates":[-92.94699499,17.98812904]},"properties":{"id":"10702976","nombre":"ABARROTES CESS","categoria":"abasto","categorias":["abasto"],"clase_actividad":"Comercio al por menor en tiendas de abarrotes, ultramarinos y misceláneas","direccion":"CALLE FRANCISCO J MUGICA 109, ATASTA DE SERRA, CP 86100, VILLAHERMOSA , Centro, TABASCO","telefono":"","correo":"","sitio_web":"","fuente":"DENUE, INEGI"}},{"type":"Feature","id":"10736864","geometry":{"type":"Point","coordinates":[-90.17465806,20.13255866]},"properties":{"id":"10736864","nombre":"LABORATORIO DE ANALISIS CLINICOS ALDANA","categoria":"salud","categorias":["salud"],"clase_actividad":"Laboratorios médicos y de diagnóstico del sector privado","direccion":"CALLE 10, SAN PEDRO, CP 24810, POMUCH , Hecelchakán, CAMPECHE","telefono":"9967309011","correo":"LABORATORIOALDANA@HOTMAIL.COM","sitio_web":"","fuente":"DENUE, INEGI"}},{"type":"Feature","id":"10746899","geometry":{"type":"Point","coordinates":[-92.1338644,18.08849124]},"properties":{"id":"10746899","nombre":"CAFETERIA LA TERRAZA","categoria":"alimentos","categorias":["alimentos"],"clase_actividad":"Cafeterías, fuentes de sodas, neverías, refresquerías y similares","direccion":"CALLE MARINA, CENTRO, CP 86781, JONUTA , Jonuta, TABASCO","telefono":"","correo":"","sitio_web":"","fuente":"DENUE, INEGI"}},{"type":"Feature","id":"10757753","geometry":{"type":"Point","coordinates":[-92.10301623,16.90474455]},"properties":{"id":"10757753","nombre":"TALLER SUSPENSION EL OSO","categoria":"alojamiento","categorias":["alojamiento"],"clase_actividad":"Reparación de suspensiones de automóviles y camiones","direccion":"CALLE SEPTIMA PONIENTE SUR, SAN SEBASTIAN, CP 29950, OCOSINGO , Ocosingo, CHIAPAS","telefono":"9191572629","correo":"","sitio_web":"","fuente":"DENUE, INEGI"}},{"type":"Feature","id":"10759794","geometry":{"type":"Point","coordinates":[-88.19871806,20.6932948]},"properties":{"id":"10759794","nombre":"VENTA DE CARBON SIN NOMBRE","categoria":"combustible","categorias":["combustible"],"clase_actividad":"Comercio al por menor de otros combustibles","direccion":"CALLE 35, SANTA ANA, CP 97760, VALLADOLID , Valladolid, YUCATÁN","telefono":"","correo":"","sitio_web":"","fuente":"DENUE, INEGI"}},{"type":"Feature","id":"10759817","geometry":{"type":"Point","coordinates":[-89.33275469,20.53598679]},"properties":{"id":"10759817","nombre":"HOTEL BOUTIQUE UUCHBEN NAJ","categoria":"alojamiento","categorias":["alojamiento"],"clase_actividad":"Hoteles sin otros servicios integrados","direccion":"CALLE 21, MEJORADA, CP 97680, TEKIT , Tekit, YUCATÁN","telefono":"9995699263","correo":"","sitio_web":"","fuente":"DENUE, INEGI"}},{"type":"Feature","id":"10764147","geometry":{"type":"Point","coordinates":[-93.06474858,18.17183358]},"properties":{"id":"10764147","nombre":"CONSULTORIO VETERINARIO JULIAN GALLEGOS","categoria":"salud","categorias":["salud"],"clase_actividad":"Servicios veterinarios para mascotas prestados por el sector privado","direccion":"CALLE PROFESOR EDEL ORUETA LOPEZ, LA CANDELARIA, CP 86200, JALPA DE MÉNDEZ , Jalpa de Méndez, TABASCO","telefono":"","correo":"","sitio_web":"","fuente":"DENUE, INEGI"}},{"type":"Feature","id":"10778410","geometry":{"type":"Point","coordinates":[-93.2157986,18.27541567]},"properties":{"id":"10778410","nombre":"GIOS BURGUERS","categoria":"alimentos","categorias":["alimentos"],"clase_actividad":"Restaurantes con servicio de preparación de pizzas, hamburguesas, hot dogs y pollos rostizados para llevar","direccion":"PRIVADA NINGUNO, BICENTENARIO, CP 86340, COMALCALCO , Comalcalco, TABASCO","telefono":"","correo":"","sitio_web":"","fuente":"DENUE, INEGI"}},{"type":"Feature","id":"10784650","geometry":{"type":"Point","coordinates":[-89.99226643,20.58498213]},"properties":{"id":"10784650","nombre":"VENTA DE PANUCHOS Y SALBUTES SIN NOMBRE","categoria":"alimentos","categorias":["alimentos"],"clase_actividad":"Restaurantes con servicio de preparación de antojitos","direccion":"CALLE 19, MONTY, CP 97800, MAXCANÚ , Maxcanú, YUCATÁN","telefono":"","correo":"","sitio_web":"","fuente":"DENUE, INEGI"}},{"type":"Feature","id":"10828429","geometry":{"type":"Point","coordinates":[-89.28291618,20.40235126]},"properties":{"id":"10828429","nombre":"BALNEARIO LAS PALMAS","categoria":"atractivos","categorias":["atractivos"],"clase_actividad":"Parques acuáticos y balnearios del sector privado","direccion":"CALLE 30, TEABO, CP 97910, TEABO , Teabo, YUCATÁN","telefono":"9971151500","correo":"","sitio_web":"","fuente":"DENUE, INEGI"}},{"type":"Feature","id":"10834550","geometry":{"type":"Point","coordinates":[-90.17613535,20.13046332]},"properties":{"id":"10834550","nombre":"NAILS SLEY ART","categoria":"salud","categorias":["salud"],"clase_actividad":"Salones y clínicas de belleza y peluquerías","direccion":"CALLE 10 A, SAN PEDRO, CP 24810, POMUCH , Hecelchakán, CAMPECHE","telefono":"9381326572","correo":"","sitio_web":"","fuente":"DENUE, INEGI"}},{"type":"Feature","id":"10851831","geometry":{"type":"Point","coordinates":[-92.94725839,17.98774953]},"properties":{"id":"10851831","nombre":"ANTOJITOS SIN NOMBRE","categoria":"alimentos","categorias":["alimentos"],"clase_actividad":"Restaurantes con servicio de preparación de antojitos","direccion":"CALLE EMILIO CARRANZA 121, ATASTA DE SERRA, CP 86100, VILLAHERMOSA , Centro, TABASCO","telefono":"","correo":"","sitio_web":"","fuente":"DENUE, INEGI"}},{"type":"Feature","id":"10866227","geometry":{"type":"Point","coordinates":[-90.39415245,20.86510414]},"properties":{"id":"10866227","nombre":"SALON UNISEX SAMIR","categoria":"salud","categorias":["salud"],"clase_actividad":"Salones y clínicas de belleza y peluquerías","direccion":"CALLE 4, BENITO JUÁREZ, CP 97367, CELESTÚN , Celestún, YUCATÁN","telefono":"","correo":"","sitio_web":"","fuente":"DENUE, INEGI"}},{"type":"Feature","id":"10870043","geometry":{"type":"Point","coordinates":[-90.03434769,21.16500245]},"properties":{"id":"10870043","nombre":"HOSPEDAJE SISAL MAGICO","categoria":"alojamiento","categorias":["alojamiento"],"clase_actividad":"Hoteles sin otros servicios integrados","direccion":"CALLE 2 PONIENTE, SISAL, CP 97356, SISAL , Hunucmá, YUCATÁN","telefono":"","correo":"","sitio_web":"","fuente":"DENUE, INEGI"}},{"type":"Feature","id":"10875960","geometry":{"type":"Point","coordinates":[-89.27480618,20.40351579]},"properties":{"id":"10875960","nombre":"BALNEARIO SAN MIGUEL","categoria":"atractivos","categorias":["atractivos"],"clase_actividad":"Parques acuáticos y balnearios del sector privado","direccion":"CALLE 23 232, TEABO, CP 97910, TEABO , Teabo, YUCATÁN","telefono":"5038690658","correo":"","sitio_web":"","fuente":"DENUE, INEGI"}},{"type":"Feature","id":"10896460","geometry":{"type":"Point","coordinates":[-93.06770399,18.17278322]},"properties":{"id":"10896460","nombre":"TIENDA DE ABARROTES SIN NOMBRE","categoria":"abasto","categorias":["abasto"],"clase_actividad":"Comercio al por menor en tiendas de abarrotes, ultramarinos y misceláneas","direccion":"CALLE CARLOS ALBERTO MADRAZO BECERRA, SANTA ANA, CP 86200, JALPA DE MÉNDEZ , Jalpa de Méndez, TABASCO","telefono":"","correo":"","sitio_web":"","fuente":"DENUE, INEGI"}},{"type":"Feature","id":"10897234","geometry":{"type":"Point","coordinates":[-89.38739756,20.38776236]},"properties":{"id":"10897234","nombre":"CURANDERO HERMANO FELIPE","categoria":"salud","categorias":["salud"],"clase_actividad":"Otros consultorios del sector privado para el cuidado de la salud","direccion":"CALLE 23, CANDELARIA, CP 97850, MANÍ , Maní, YUCATÁN","telefono":"9971148582","correo":"","sitio_web":"","fuente":"DENUE, INEGI"}},{"type":"Feature","id":"10929502","geometry":{"type":"Point","coordinates":[-89.99137356,20.58530437]},"properties":{"id":"10929502","nombre":"TIENDA DE ABARROTES LOS 3 HERMANOS","categoria":"abasto","categorias":["abasto"],"clase_actividad":"Comercio al por menor en tiendas de abarrotes, ultramarinos y misceláneas","direccion":"CALLE 19 59, MONTY, CP 97800, MAXCANÚ , Maxcanú, YUCATÁN","telefono":"","correo":"","sitio_web":"","fuente":"DENUE, INEGI"}},{"type":"Feature","id":"10957804","geometry":{"type":"Point","coordinates":[-92.77981901,17.45866177]},"properties":{"id":"10957804","nombre":"RESTAURANT & SNACK OCELOTL","categoria":"alimentos","categorias":["alimentos"],"clase_actividad":"Restaurantes con servicio de preparación de alimentos a la carta o de comida corrida","direccion":"CALLE CALLEJON DE AMATAN, TAPIJULAPA, CP 86890, TAPIJULAPA , Tacotalpa, TABASCO","telefono":"","correo":"","sitio_web":"","fuente":"DENUE, INEGI"}},{"type":"Feature","id":"10968657","geometry":{"type":"Point","coordinates":[-88.82527852,20.5499778]},"properties":{"id":"10968657","nombre":"VENTA DE CARBON SIN NOMBRE","categoria":"combustible","categorias":["combustible"],"clase_actividad":"Comercio al por menor de otros combustibles","direccion":"CALLE 18 A, CENTRO, CP 97920, YAXCABÁ , Yaxcabá, YUCATÁN","telefono":"","correo":"","sitio_web":"","fuente":"DENUE, INEGI"}},{"type":"Feature","id":"10971417","geometry":{"type":"Point","coordinates":[-89.99923343,20.59106831]},"properties":{"id":"10971417","nombre":"BALNEARIO LA JOYA","categoria":"atractivos","categorias":["atractivos"],"clase_actividad":"Alquiler sin intermediación de salones para fiestas y convenciones","direccion":"CALLE 18, CENTRO, CP 97800, MAXCANÚ , Maxcanú, YUCATÁN","telefono":"9992491463","correo":"","sitio_web":"","fuente":"DENUE, INEGI"}},{"type":"Feature","id":"10980675","geometry":{"type":"Point","coordinates":[-88.19690812,20.69046829]},"properties":{"id":"10980675","nombre":"COMERCIO AL POR MENOR DE OTROS COMBUSTIBLES SIN NOMBRE","categoria":"combustible","categorias":["combustible"],"clase_actividad":"Comercio al por menor de otros combustibles","direccion":"CALLE 34, SANTA ANA, CP 97760, VALLADOLID , Valladolid, YUCATÁN","telefono":"","correo":"","sitio_web":"","fuente":"DENUE, INEGI"}},{"type":"Feature","id":"10981575","geometry":{"type":"Point","coordinates":[-89.38688795,20.38731396]},"properties":{"id":"10981575","nombre":"SALON DE BELLEZA MAR SALON SPA","categoria":"salud","categorias":["salud"],"clase_actividad":"Salones y clínicas de belleza y peluquerías","direccion":"CALLE 20, CANDELARIA, CP 97850, MANÍ , Maní, YUCATÁN","telefono":"9999385073","correo":"","sitio_web":"","fuente":"DENUE, INEGI"}},{"type":"Feature","id":"10996939","geometry":{"type":"Point","coordinates":[-93.06271877,18.18046583]},"properties":{"id":"10996939","nombre":"COCTELERIA LA CABAÑA DEL PAJARO","categoria":"alojamiento","categorias":["alojamiento"],"clase_actividad":"Restaurantes con servicio de preparación de pescados y mariscos","direccion":"CALLE GREGORIO MENDEZ MAGAÑA, SAN LUIS, CP 86200, JALPA DE MÉNDEZ , Jalpa de Méndez, TABASCO","telefono":"9141387448","correo":"","sitio_web":"","fuente":"DENUE, INEGI"}},{"type":"Feature","id":"11019211","geometry":{"type":"Point","coordinates":[-93.21565989,18.27643905]},"properties":{"id":"11019211","nombre":"VENTA DE HAMBURGUESAS Y HOT DOGS SIN NOMBRE","categoria":"alimentos","categorias":["alimentos"],"clase_actividad":"Restaurantes con servicio de preparación de pizzas, hamburguesas, hot dogs y pollos rostizados para llevar","direccion":"AVENIDA REVOLUCION, BICENTENARIO, CP 86340, COMALCALCO , Comalcalco, TABASCO","telefono":"9331114317","correo":"","sitio_web":"","fuente":"DENUE, INEGI"}},{"type":"Feature","id":"11024483","geometry":{"type":"Point","coordinates":[-89.39142759,20.37901528]},"properties":{"id":"11024483","nombre":"BALNEARIO XLUUM CHEE","categoria":"atractivos","categorias":["atractivos"],"clase_actividad":"Parques acuáticos y balnearios del sector privado","direccion":"CALLE 22, SAN ISIDRO, CP 97850, MANÍ , Maní, YUCATÁN","telefono":"9971459801","correo":"","sitio_web":"","fuente":"DENUE, INEGI"}},{"type":"Feature","id":"11025892","geometry":{"type":"Point","coordinates":[-93.06004734,18.16660502]},"properties":{"id":"11025892","nombre":"JENNY NAILS","categoria":"salud","categorias":["salud"],"clase_actividad":"Salones y clínicas de belleza y peluquerías","direccion":"CALLE CORREGIDORA JOSEFA ORTIZ DE DOMINGUEZ, LA RESURRECCIÓN, CP 86200, JALPA DE MÉNDEZ , Jalpa de Méndez, TABASCO","telefono":"","correo":"","sitio_web":"","fuente":"DENUE, INEGI"}},{"type":"Feature","id":"11028294","geometry":{"type":"Point","coordinates":[-90.16822136,20.13118829]},"properties":{"id":"11028294","nombre":"PIBIPOLLITOS DOÑA MIRNA","categoria":"alimentos","categorias":["alimentos"],"clase_actividad":"Restaurantes con servicio de preparación de antojitos","direccion":"CALLE NINGUNO, SAN PEDRO, CP 24810, POMUCH , Hecelchakán, CAMPECHE","telefono":"9824336352","correo":"","sitio_web":"","fuente":"DENUE, INEGI"}},{"type":"Feature","id":"11055432","geometry":{"type":"Point","coordinates":[-88.82344812,20.54684043]},"properties":{"id":"11055432","nombre":"ABARROTES MARTIN","categoria":"abasto","categorias":["abasto"],"clase_actividad":"Comercio al por menor en tiendas de abarrotes, ultramarinos y misceláneas","direccion":"CALLE 16, SANTA LUCÍA, CP 97920, YAXCABÁ , Yaxcabá, YUCATÁN","telefono":"","correo":"","sitio_web":"","fuente":"DENUE, INEGI"}},{"type":"Feature","id":"11058759","geometry":{"type":"Point","coordinates":[-92.00465323,17.51299098]},"properties":{"id":"11058759","nombre":"FRUTERIA LOS MUCHACHOS","categoria":"abasto","categorias":["abasto"],"clase_actividad":"Comercio al por menor en tiendas de abarrotes, ultramarinos y misceláneas","direccion":"CALLE NINGUNO, GUASIVAN, CP 29960, PALENQUE , Palenque, CHIAPAS","telefono":"","correo":"","sitio_web":"","fuente":"DENUE, INEGI"}},{"type":"Feature","id":"11066533","geometry":{"type":"Point","coordinates":[-92.77867269,17.45987143]},"properties":{"id":"11066533","nombre":"HOTEL POSODA LA INDOMABLE","categoria":"alojamiento","categorias":["alojamiento"],"clase_actividad":"Hoteles sin otros servicios integrados","direccion":"CALLE CARLOS PELLICER CAMARA 1, CENTRO, CP 86890, TAPIJULAPA , Tacotalpa, TABASCO","telefono":"9322599668","correo":"","sitio_web":"","fuente":"DENUE, INEGI"}},{"type":"Feature","id":"11088870","geometry":{"type":"Point","coordinates":[-89.39198773,20.39232518]},"properties":{"id":"11088870","nombre":"BALNEARIO LOS TORRES","categoria":"atractivos","categorias":["atractivos"],"clase_actividad":"Parques acuáticos y balnearios del sector privado","direccion":"CALLE 28, SANTA LUCIA, CP 97850, MANÍ , Maní, YUCATÁN","telefono":"","correo":"","sitio_web":"","fuente":"DENUE, INEGI"}},{"type":"Feature","id":"11096424","geometry":{"type":"Point","coordinates":[-88.20082406,20.6895704]},"properties":{"id":"11096424","nombre":"TATUAJES TATOO & PIERCING ACAT INK STUDIO","categoria":"salud","categorias":["salud"],"clase_actividad":"Salones y clínicas de belleza y peluquerías","direccion":"CALLE 41, CENTRO, CP 97780, VALLADOLID , Valladolid, YUCATÁN","telefono":"","correo":"","sitio_web":"","fuente":"DENUE, INEGI"}},{"type":"Feature","id":"11101176","geometry":{"type":"Point","coordinates":[-88.10046382,20.62124872]},"properties":{"id":"11101176","nombre":"TIENDA LA PALMITA","categoria":"abasto","categorias":["abasto"],"clase_actividad":"Comercio al por menor en tiendas de abarrotes, ultramarinos y misceláneas","direccion":"CALLE NINGUNO, KANXOC, CP 97785, KANXOC , Valladolid, YUCATÁN","telefono":"","correo":"","sitio_web":"","fuente":"DENUE, INEGI"}},{"type":"Feature","id":"11101534","geometry":{"type":"Point","coordinates":[-92.1337455,18.08864444]},"properties":{"id":"11101534","nombre":"PANADERIA EL GUERO","categoria":"alimentos","categorias":["alimentos"],"clase_actividad":"Panificación tradicional","direccion":"CALLE MALECON ENRIQUE GONZALEZ PEDRERO, CENTRO, CP 86781, JONUTA , Jonuta, TABASCO","telefono":"","correo":"","sitio_web":"","fuente":"DENUE, INEGI"}},{"type":"Feature","id":"11120676","geometry":{"type":"Point","coordinates":[-89.38801845,20.38978493]},"properties":{"id":"11120676","nombre":"ESTETICA ANGIE","categoria":"salud","categorias":["salud"],"clase_actividad":"Salones y clínicas de belleza y peluquerías","direccion":"CALLE 21, SANTA LUCIA, CP 97850, MANÍ , Maní, YUCATÁN","telefono":"9971384605","correo":"","sitio_web":"","fuente":"DENUE, INEGI"}},{"type":"Feature","id":"11146798","geometry":{"type":"Point","coordinates":[-89.33357933,20.52711348]},"properties":{"id":"11146798","nombre":"SAN LORENZO ACUAPARQUE","categoria":"atractivos","categorias":["atractivos"],"clase_actividad":"Parques acuáticos y balnearios del sector privado","direccion":"CALLE NINGUNO, SAN RAFAEL, CP 97680, TEKIT , Tekit, YUCATÁN","telefono":"9993504350","correo":"","sitio_web":"","fuente":"DENUE, INEGI"}},{"type":"Feature","id":"11179304","geometry":{"type":"Point","coordinates":[-89.34115299,20.54060828]},"properties":{"id":"11179304","nombre":"VENTA DE COMIDA SIN NOMBRE","categoria":"alimentos","categorias":["alimentos"],"clase_actividad":"Restaurantes que preparan otro tipo de alimentos para llevar","direccion":"CALLE 17, SAN MARTIN, CP 97680, TEKIT , Tekit, YUCATÁN","telefono":"9991447497","correo":"","sitio_web":"","fuente":"DENUE, INEGI"}},{"type":"Feature","id":"11181456","geometry":{"type":"Point","coordinates":[-93.05955788,18.16362183]},"properties":{"id":"11181456","nombre":"POLLERIA EL ASADERO 2","categoria":"alimentos","categorias":["alimentos"],"clase_actividad":"Restaurantes con servicio de preparación de pizzas, hamburguesas, hot dogs y pollos rostizados para llevar","direccion":"CALLE CORREGIDORA JOSEFA ORTIZ DE DOMINGUEZ, LA RESURRECCIÓN, CP 86203, JALPA DE MÉNDEZ , Jalpa de Méndez, TABASCO","telefono":"","correo":"","sitio_web":"","fuente":"DENUE, INEGI"}},{"type":"Feature","id":"11181485","geometry":{"type":"Point","coordinates":[-92.77904249,17.45610758]},"properties":{"id":"11181485","nombre":"ABARROTES SIN NOMBRE","categoria":"abasto","categorias":["abasto"],"clase_actividad":"Comercio al por menor en tiendas de abarrotes, ultramarinos y misceláneas","direccion":"CALLE NINGUNO, SANTA ISABEL, CP 86890, TAPIJULAPA , Tacotalpa, TABASCO","telefono":"","correo":"","sitio_web":"","fuente":"DENUE, INEGI"}},{"type":"Feature","id":"11189900","geometry":{"type":"Point","coordinates":[-89.64382617,20.32246078]},"properties":{"id":"11189900","nombre":"COFFE HOUSE CHACMOOL","categoria":"alimentos","categorias":["alimentos"],"clase_actividad":"Cafeterías, fuentes de sodas, neverías, refresquerías y similares","direccion":"CARRETERA CAMPECHE UMAN, SAN MARCOS, CP 97890, SANTA ELENA , Santa Elena, YUCATÁN","telefono":"","correo":"","sitio_web":"","fuente":"DENUE, INEGI"}},{"type":"Feature","id":"11203587","geometry":{"type":"Point","coordinates":[-88.82611139,20.54749008]},"properties":{"id":"11203587","nombre":"MUSEO COMUNITARIO","categoria":"atractivos","categorias":["atractivos"],"clase_actividad":"Museos del sector público","direccion":"CALLE 25, CENTRO, CP 97920, YAXCABÁ , Yaxcabá, YUCATÁN","telefono":"","correo":"","sitio_web":"","fuente":"DENUE, INEGI"}},{"type":"Feature","id":"11220833","geometry":{"type":"Point","coordinates":[-89.33775283,20.54142225]},"properties":{"id":"11220833","nombre":"TIENDA DE ABARROTES MILAGROS","categoria":"abasto","categorias":["abasto"],"clase_actividad":"Comercio al por menor en tiendas de abarrotes, ultramarinos y misceláneas","direccion":"CALLE 36, SAN MARTIN, CP 97680, TEKIT , Tekit, YUCATÁN","telefono":"","correo":"","sitio_web":"","fuente":"DENUE, INEGI"}},{"type":"Feature","id":"11240794","geometry":{"type":"Point","coordinates":[-88.20029176,20.68956521]},"properties":{"id":"11240794","nombre":"TERMINAL FORANEO DE TAXIS","categoria":"transporte","categorias":["transporte"],"clase_actividad":"Transporte colectivo foráneo de pasajeros de ruta fija","direccion":"CALLE 41, CENTRO, CP 97780, VALLADOLID , Valladolid, YUCATÁN","telefono":"","correo":"","sitio_web":"","fuente":"DENUE, INEGI"}},{"type":"Feature","id":"11250370","geometry":{"type":"Point","coordinates":[-92.10545259,16.90422115]},"properties":{"id":"11250370","nombre":"TENDEJON SIN NOMBRE","categoria":"combustible","categorias":["combustible"],"clase_actividad":"Comercio al por menor de otros combustibles","direccion":"CALLE PARAISO, JERUSALEN, CP 29950, OCOSINGO , Ocosingo, CHIAPAS","telefono":"","correo":"","sitio_web":"","fuente":"DENUE, INEGI"}},{"type":"Feature","id":"11259229","geometry":{"type":"Point","coordinates":[-88.19690812,20.69046829]},"properties":{"id":"11259229","nombre":"VENTA DE CARBON","categoria":"combustible","categorias":["combustible"],"clase_actividad":"Comercio al por menor de otros combustibles","direccion":"CALLE 34, SANTA ANA, CP 97760, VALLADOLID , Valladolid, YUCATÁN","telefono":"","correo":"","sitio_web":"","fuente":"DENUE, INEGI"}},{"type":"Feature","id":"11261104","geometry":{"type":"Point","coordinates":[-90.1776286,20.13205162]},"properties":{"id":"11261104","nombre":"SALON DE BELLEZA MONSERRAT STUDIO","categoria":"salud","categorias":["salud"],"clase_actividad":"Salones y clínicas de belleza y peluquerías","direccion":"CALLE 12, SAN PEDRO, CP 24810, POMUCH , Hecelchakán, CAMPECHE","telefono":"9961085837","correo":"","sitio_web":"","fuente":"DENUE, INEGI"}},{"type":"Feature","id":"11266004","geometry":{"type":"Point","coordinates":[-92.10672557,16.9039702]},"properties":{"id":"11266004","nombre":"FARMACIA VINO NUEVO","categoria":"salud","categorias":["salud"],"clase_actividad":"Farmacias sin minisúper","direccion":"CALLE PARAISO, OCTAVIO ALBORES, CP 29950, OCOSINGO , Ocosingo, CHIAPAS","telefono":"","correo":"","sitio_web":"","fuente":"DENUE, INEGI"}},{"type":"Feature","id":"11276726","geometry":{"type":"Point","coordinates":[-90.03158109,21.16506064]},"properties":{"id":"11276726","nombre":"TERMINAL DE AUTOBUSES ORIENTE","categoria":"transporte","categorias":["transporte"],"clase_actividad":"Transporte colectivo urbano y suburbano de pasajeros en autobuses de ruta fija","direccion":"CALLE 20, SISAL, CP 97356, SISAL , Hunucmá, YUCATÁN","telefono":"","correo":"","sitio_web":"","fuente":"DENUE, INEGI"}},{"type":"Feature","id":"11278803","geometry":{"type":"Point","coordinates":[-89.9986738,20.58951405]},"properties":{"id":"11278803","nombre":"BALNEARIO EL RINCONCITO","categoria":"atractivos","categorias":["atractivos"],"clase_actividad":"Parques acuáticos y balnearios del sector privado","direccion":"CALLE 15, CARRILLO PUERTO, CP 97800, MAXCANÚ , Maxcanú, YUCATÁN","telefono":"","correo":"","sitio_web":"","fuente":"DENUE, INEGI"}},{"type":"Feature","id":"11287563","geometry":{"type":"Point","coordinates":[-89.27868481,20.40019084]},"properties":{"id":"11287563","nombre":"VENTA DE LEÑA SIN NOMBRE","categoria":"combustible","categorias":["combustible"],"clase_actividad":"Comercio al por menor de otros combustibles","direccion":"CALLE 29 119, TEABO, CP 97910, TEABO , Teabo, YUCATÁN","telefono":"","correo":"","sitio_web":"","fuente":"DENUE, INEGI"}},{"type":"Feature","id":"11290969","geometry":{"type":"Point","coordinates":[-88.20021815,20.6896201]},"properties":{"id":"11290969","nombre":"FARMACIA DE ORIENTE","categoria":"abasto","categorias":["abasto","salud"],"clase_actividad":"Comercio al por menor en tiendas de abarrotes, ultramarinos y misceláneas","direccion":"CALLE 41 195, CENTRO, CP 97780, VALLADOLID , Valladolid, YUCATÁN","telefono":"","correo":"","sitio_web":"","fuente":"DENUE, INEGI"}},{"type":"Feature","id":"11294166","geometry":{"type":"Point","coordinates":[-92.94555305,17.98846755]},"properties":{"id":"11294166","nombre":"G NAILS","categoria":"salud","categorias":["salud"],"clase_actividad":"Salones y clínicas de belleza y peluquerías","direccion":"CALLE NIÑOS HEROES 176, VILLA HERMOSA, CP 86100, VILLAHERMOSA , Centro, TABASCO","telefono":"9931341250","correo":"","sitio_web":"","fuente":"DENUE, INEGI"}},{"type":"Feature","id":"11318234","geometry":{"type":"Point","coordinates":[-90.04143211,21.1624914]},"properties":{"id":"11318234","nombre":"TIENDA DE ABARROTES LA PALAPITA","categoria":"abasto","categorias":["abasto"],"clase_actividad":"Comercio al por menor en tiendas de abarrotes, ultramarinos y misceláneas","direccion":"CALLE NINGUNO, SISAL, CP 97356, SISAL , Hunucmá, YUCATÁN","telefono":"","correo":"","sitio_web":"","fuente":"DENUE, INEGI"}},{"type":"Feature","id":"11320366","geometry":{"type":"Point","coordinates":[-89.38988994,20.38354033]},"properties":{"id":"11320366","nombre":"BALNEARIO EL MIRADOR","categoria":"atractivos","categorias":["atractivos"],"clase_actividad":"Parques acuáticos y balnearios del sector privado","direccion":"CALLE 22, SAN ISIDRO, CP 97850, MANÍ , Maní, YUCATÁN","telefono":"9837002874","correo":"","sitio_web":"","fuente":"DENUE, INEGI"}},{"type":"Feature","id":"11323711","geometry":{"type":"Point","coordinates":[-92.10874163,16.90547962]},"properties":{"id":"11323711","nombre":"VENTA DE TAMALES RITA","categoria":"alimentos","categorias":["alimentos"],"clase_actividad":"Servicios de preparación de otros alimentos para consumo inmediato","direccion":"PRIVADA 5 DE MAYO, NUEVO GUADALUPE, CP 29950, OCOSINGO , Ocosingo, CHIAPAS","telefono":"","correo":"","sitio_web":"","fuente":"DENUE, INEGI"}},{"type":"Feature","id":"11347804","geometry":{"type":"Point","coordinates":[-89.33692066,20.54214269]},"properties":{"id":"11347804","nombre":"TENDEJON LA GUADALUPANA","categoria":"abasto","categorias":["abasto"],"clase_actividad":"Comercio al por menor en tiendas de abarrotes, ultramarinos y misceláneas","direccion":"CALLE 28, MEJORADA, CP 97680, TEKIT , Tekit, YUCATÁN","telefono":"","correo":"","sitio_web":"","fuente":"DENUE, INEGI"}},{"type":"Feature","id":"11356059","geometry":{"type":"Point","coordinates":[-88.20094013,20.68957152]},"properties":{"id":"11356059","nombre":"CAFETERIA REBELS","categoria":"alimentos","categorias":["alimentos"],"clase_actividad":"Cafeterías, fuentes de sodas, neverías, refresquerías y similares","direccion":"CALLE 41, CENTRO, CP 97780, VALLADOLID , Valladolid, YUCATÁN","telefono":"","correo":"","sitio_web":"","fuente":"DENUE, INEGI"}},{"type":"Feature","id":"11361928","geometry":{"type":"Point","coordinates":[-92.134212,18.08821972]},"properties":{"id":"11361928","nombre":"CONSULTORIO MEDICO","categoria":"salud","categorias":["salud"],"clase_actividad":"Consultorios de medicina general del sector privado","direccion":"CALLE MIGUEL HIDALGO Y COSTILLA, CENTRO, CP 86781, JONUTA , Jonuta, TABASCO","telefono":"9931652813","correo":"","sitio_web":"","fuente":"DENUE, INEGI"}},{"type":"Feature","id":"11362054","geometry":{"type":"Point","coordinates":[-93.0605341,18.16145509]},"properties":{"id":"11362054","nombre":"MINI TIENDA DE ABARROTES EL MILAGRO SAN JUADAS TADEO","categoria":"abasto","categorias":["abasto"],"clase_actividad":"Comercio al por menor en tiendas de abarrotes, ultramarinos y misceláneas","direccion":"CALLE CORONEL GREGORIO MENDEZ MAGAÑA, LA RESURRECCIÓN, CP 86203, JALPA DE MÉNDEZ , Jalpa de Méndez, TABASCO","telefono":"","correo":"","sitio_web":"","fuente":"DENUE, INEGI"}},{"type":"Feature","id":"11366468","geometry":{"type":"Point","coordinates":[-89.28469317,20.4069616]},"properties":{"id":"11366468","nombre":"TIENDA DE ACCESORIOS DARIS PC","categoria":"abasto","categorias":["abasto"],"clase_actividad":"Comercio al por menor de teléfonos y otros aparatos de comunicación","direccion":"CALLE 34, TEABO, CP 97910, TEABO , Teabo, YUCATÁN","telefono":"9992064165","correo":"","sitio_web":"","fuente":"DENUE, INEGI"}},{"type":"Feature","id":"11387099","geometry":{"type":"Point","coordinates":[-88.1008269,20.62101455]},"properties":{"id":"11387099","nombre":"ABARROS DOS HERMANOS","categoria":"abasto","categorias":["abasto"],"clase_actividad":"Comercio al por menor en tiendas de abarrotes, ultramarinos y misceláneas","direccion":"CALLE NINGUNO, KANXOC, CP 97785, KANXOC , Valladolid, YUCATÁN","telefono":"","correo":"","sitio_web":"","fuente":"DENUE, INEGI"}},{"type":"Feature","id":"11391693","geometry":{"type":"Point","coordinates":[-88.82531306,20.54505293]},"properties":{"id":"11391693","nombre":"BARBERIA SIN NOMBRE","categoria":"salud","categorias":["salud"],"clase_actividad":"Salones y clínicas de belleza y peluquerías","direccion":"CALLE 18, KIB-CHOO, CP 97920, YAXCABÁ , Yaxcabá, YUCATÁN","telefono":"9995494860","correo":"","sitio_web":"","fuente":"DENUE, INEGI"}},{"type":"Feature","id":"11407038","geometry":{"type":"Point","coordinates":[-93.2162574,18.27779097]},"properties":{"id":"11407038","nombre":"RESTAURANTE EL SAZON DEL SURESTE","categoria":"alimentos","categorias":["alimentos"],"clase_actividad":"Restaurantes con servicio de preparación de alimentos a la carta o de comida corrida","direccion":"BOULEVARD ADOLFO LOPEZ MATEOS, INFONAVIT COMALCALCO, CP 86324, COMALCALCO , Comalcalco, TABASCO","telefono":"9332071199","correo":"","sitio_web":"","fuente":"DENUE, INEGI"}},{"type":"Feature","id":"11414628","geometry":{"type":"Point","coordinates":[-88.09947267,20.62174737]},"properties":{"id":"11414628","nombre":"TIENDA GRANJA KANXOC","categoria":"abasto","categorias":["abasto"],"clase_actividad":"Comercio al por menor en tiendas de abarrotes, ultramarinos y misceláneas","direccion":"CALLE NINGUNO, KANXOC, CP 97785, KANXOC , Valladolid, YUCATÁN","telefono":"","correo":"","sitio_web":"","fuente":"DENUE, INEGI"}},{"type":"Feature","id":"11430955","geometry":{"type":"Point","coordinates":[-90.04296759,21.16302481]},"properties":{"id":"11430955","nombre":"MICHELADAS EL AMIGO CHOMPIRAS","categoria":"alimentos","categorias":["alimentos"],"clase_actividad":"Restaurantes con servicio de preparación de pescados y mariscos","direccion":"CALLE 3 ORIENTE, SISAL, CP 97356, SISAL , Hunucmá, YUCATÁN","telefono":"","correo":"","sitio_web":"","fuente":"DENUE, INEGI"}},{"type":"Feature","id":"11432848","geometry":{"type":"Point","coordinates":[-90.18092507,20.12788907]},"properties":{"id":"11432848","nombre":"PIZZERIA EL AEROPUERTO","categoria":"alimentos","categorias":["alimentos"],"clase_actividad":"Restaurantes con servicio de preparación de pizzas, hamburguesas, hot dogs y pollos rostizados para llevar","direccion":"CALLE 14, BENITO JUAREZ, CP 24810, POMUCH , Hecelchakán, CAMPECHE","telefono":"9826758790","correo":"","sitio_web":"","fuente":"DENUE, INEGI"}},{"type":"Feature","id":"11441425","geometry":{"type":"Point","coordinates":[-92.13357267,18.09166644]},"properties":{"id":"11441425","nombre":"MINI TIENDA SIN NOMBRE","categoria":"abasto","categorias":["abasto"],"clase_actividad":"Comercio al por menor en tiendas de abarrotes, ultramarinos y misceláneas","direccion":"CALLE NINGUNO, CENTRO, CP 86781, JONUTA , Jonuta, TABASCO","telefono":"","correo":"","sitio_web":"","fuente":"DENUE, INEGI"}},{"type":"Feature","id":"11455062","geometry":{"type":"Point","coordinates":[-88.82164714,20.54868745]},"properties":{"id":"11455062","nombre":"VENTA DE ANTOJITOS","categoria":"alimentos","categorias":["alimentos"],"clase_actividad":"Restaurantes con servicio de preparación de antojitos","direccion":"CALLE 14, SAN JOSÉ, CP 97920, YAXCABÁ , Yaxcabá, YUCATÁN","telefono":"9881035245","correo":"","sitio_web":"","fuente":"DENUE, INEGI"}},{"type":"Feature","id":"11460271","geometry":{"type":"Point","coordinates":[-88.09939055,20.61989936]},"properties":{"id":"11460271","nombre":"VENTA DE ANTOJITOS LA NOJOCH BURGUER","categoria":"alimentos","categorias":["alimentos"],"clase_actividad":"Restaurantes con servicio de preparación de antojitos","direccion":"CALLE NINGUNO, KANXOC, CP 97785, KANXOC , Valladolid, YUCATÁN","telefono":"","correo":"","sitio_web":"","fuente":"DENUE, INEGI"}},{"type":"Feature","id":"11461804","geometry":{"type":"Point","coordinates":[-90.17676719,20.12621878]},"properties":{"id":"11461804","nombre":"TIENDA DE ABARROTES JED","categoria":"abasto","categorias":["abasto"],"clase_actividad":"Comercio al por menor en tiendas de abarrotes, ultramarinos y misceláneas","direccion":"CALLE 27, SAN PEDRO, CP 24810, POMUCH , Hecelchakán, CAMPECHE","telefono":"9961139207","correo":"","sitio_web":"","fuente":"DENUE, INEGI"}},{"type":"Feature","id":"11480619","geometry":{"type":"Point","coordinates":[-88.10061975,20.62133383]},"properties":{"id":"11480619","nombre":"PANADERIA EL TESORO DE LOS CIELOS","categoria":"alimentos","categorias":["alimentos"],"clase_actividad":"Panificación tradicional","direccion":"CALLE NINGUNO, KANXOC, CP 97785, KANXOC , Valladolid, YUCATÁN","telefono":"","correo":"","sitio_web":"","fuente":"DENUE, INEGI"}},{"type":"Feature","id":"11499951","geometry":{"type":"Point","coordinates":[-88.20072721,20.68956944]},"properties":{"id":"11499951","nombre":"TIENDA DE ARTESANIAS ARTES TEXTILES","categoria":"abasto","categorias":["abasto"],"clase_actividad":"Comercio al por menor en tiendas de artesanías","direccion":"CALLE 41, CENTRO, CP 97780, VALLADOLID , Valladolid, YUCATÁN","telefono":"","correo":"","sitio_web":"","fuente":"DENUE, INEGI"}},{"type":"Feature","id":"11512054","geometry":{"type":"Point","coordinates":[-92.10308916,16.90798059]},"properties":{"id":"11512054","nombre":"PELUQUERIA SIN NOMBRE","categoria":"salud","categorias":["salud"],"clase_actividad":"Salones y clínicas de belleza y peluquerías","direccion":"AVENIDA DAMASCO, BELLA VISTA, CP 29950, OCOSINGO , Ocosingo, CHIAPAS","telefono":"","correo":"","sitio_web":"","fuente":"DENUE, INEGI"}},{"type":"Feature","id":"11513763","geometry":{"type":"Point","coordinates":[-90.00167225,20.59361865]},"properties":{"id":"11513763","nombre":"COMERCIALIZADORA DEL SIX LA GASOLINERA","categoria":"combustible","categorias":["combustible"],"clase_actividad":"Comercio al por menor en tiendas de abarrotes, ultramarinos y misceláneas","direccion":"CALLE 22, SAN ROMÁN, CP 97800, MAXCANÚ , Maxcanú, YUCATÁN","telefono":"","correo":"","sitio_web":"","fuente":"DENUE, INEGI"}},{"type":"Feature","id":"11524135","geometry":{"type":"Point","coordinates":[-92.94560328,17.98889558]},"properties":{"id":"11524135","nombre":"CONSULTORIO DRMATOLOGICO SKIN-DERMA","categoria":"salud","categorias":["salud"],"clase_actividad":"Consultorios de medicina especializada del sector privado","direccion":"CALLE NIÑOS HEROES 427, ATASTA DE SERRA, CP 86100, VILLAHERMOSA , Centro, TABASCO","telefono":"","correo":"","sitio_web":"","fuente":"DENUE, INEGI"}},{"type":"Feature","id":"11525601","geometry":{"type":"Point","coordinates":[-89.64277669,20.32304604]},"properties":{"id":"11525601","nombre":"TIENDA DE ROPA Y NOVEDADES EL NUEVO AMANECER","categoria":"abasto","categorias":["abasto"],"clase_actividad":"Comercio al por menor de ropa, excepto de bebé y lencería","direccion":"CALLE 18, SAN MARCOS, CP 97890, SANTA ELENA , Santa Elena, YUCATÁN","telefono":"9994180461","correo":"","sitio_web":"","fuente":"DENUE, INEGI"}},{"type":"Feature","id":"11543049","geometry":{"type":"Point","coordinates":[-89.62392,20.96647999]},"properties":{"id":"11543049","nombre":"CONSULTORIO MEDICO FUNDACION BEST","categoria":"salud","categorias":["salud"],"clase_actividad":"Consultorios de medicina general del sector privado","direccion":"CALLE 63 504, CENTRO, CP 97000, MÉRIDA , Mérida, YUCATÁN","telefono":"","correo":"","sitio_web":"","fuente":"DENUE, INEGI"}},{"type":"Feature","id":"11560302","geometry":{"type":"Point","coordinates":[-90.04092406,21.16383551]},"properties":{"id":"11560302","nombre":"RESTAURANTE LOS PINOS","categoria":"alimentos","categorias":["alimentos"],"clase_actividad":"Restaurantes con servicio de preparación de pescados y mariscos","direccion":"CALLE 21 AVENIDA FELIPE CARRILLO PUERTO, SISAL, CP 97356, SISAL , Hunucmá, YUCATÁN","telefono":"","correo":"","sitio_web":"","fuente":"DENUE, INEGI"}},{"type":"Feature","id":"11566362","geometry":{"type":"Point","coordinates":[-90.00522445,20.5856244]},"properties":{"id":"11566362","nombre":"BALNEARIO LA MAESTRA BETY","categoria":"atractivos","categorias":["atractivos"],"clase_actividad":"Parques acuáticos y balnearios del sector privado","direccion":"CALLE 19, GUADALUPE, CP 97800, MAXCANÚ , Maxcanú, YUCATÁN","telefono":"","correo":"","sitio_web":"","fuente":"DENUE, INEGI"}},{"type":"Feature","id":"11573722","geometry":{"type":"Point","coordinates":[-89.62418791,20.96652384]},"properties":{"id":"11573722","nombre":"BEEL CAR RENTAL","categoria":"transporte","categorias":["transporte"],"clase_actividad":"Alquiler de automóviles sin chofer","direccion":"CALLE 63 508, CENTRO, CP 97000, MÉRIDA , Mérida, YUCATÁN","telefono":"9995535249","correo":"BEELCARRENTAL@GMAIL.COM","sitio_web":"","fuente":"DENUE, INEGI"}},{"type":"Feature","id":"11583603","geometry":{"type":"Point","coordinates":[-89.28395814,20.40470536]},"properties":{"id":"11583603","nombre":"VENTA DE CENAS LA CASITA","categoria":"alimentos","categorias":["alimentos"],"clase_actividad":"Restaurantes de autoservicio","direccion":"CALLE 32, TEABO, CP 97910, TEABO , Teabo, YUCATÁN","telefono":"","correo":"","sitio_web":"","fuente":"DENUE, INEGI"}},{"type":"Feature","id":"11592573","geometry":{"type":"Point","coordinates":[-90.04219325,21.16271576]},"properties":{"id":"11592573","nombre":"SIX YUC SISAL","categoria":"abasto","categorias":["abasto"],"clase_actividad":"Comercio al por menor en tiendas de abarrotes, ultramarinos y misceláneas","direccion":"CALLE 44, SISAL, CP 97356, SISAL , Hunucmá, YUCATÁN","telefono":"","correo":"","sitio_web":"","fuente":"DENUE, INEGI"}},{"type":"Feature","id":"11600322","geometry":{"type":"Point","coordinates":[-93.06022438,18.17750638]},"properties":{"id":"11600322","nombre":"CENTRO CULTURAL JUVENIL","categoria":"atractivos","categorias":["atractivos"],"clase_actividad":"Promotores del sector público de espectáculos artísticos, culturales, deportivos y similares que cuentan con instalaciones para presentarlos","direccion":"CALLE JOSE MARIA MORELOS Y PAVON, SAN LUIS, CP 86200, JALPA DE MÉNDEZ , Jalpa de Méndez, TABASCO","telefono":"","correo":"","sitio_web":"","fuente":"DENUE, INEGI"}},{"type":"Feature","id":"11607767","geometry":{"type":"Point","coordinates":[-93.05963008,18.16327331]},"properties":{"id":"11607767","nombre":"POLLERIA LA ESQUINITA","categoria":"alimentos","categorias":["alimentos"],"clase_actividad":"Restaurantes con servicio de preparación de pizzas, hamburguesas, hot dogs y pollos rostizados para llevar","direccion":"CALLE CORREGIDORA JOSEFA ORTIZ DE DOMINGUEZ, LA RESURRECCIÓN, CP 86200, JALPA DE MÉNDEZ , Jalpa de Méndez, TABASCO","telefono":"","correo":"","sitio_web":"","fuente":"DENUE, INEGI"}},{"type":"Feature","id":"11612132","geometry":{"type":"Point","coordinates":[-93.21535623,18.28189376]},"properties":{"id":"11612132","nombre":"TRANSPORTES MONTEJO","categoria":"transporte","categorias":["transporte"],"clase_actividad":"Alquiler de maquinaria y equipo para construcción, minería y actividades forestales","direccion":"CARRETERA A LA ZONA ARQUEOLOGICA, BELÉN, CP 86324, COMALCALCO , Comalcalco, TABASCO","telefono":"","correo":"","sitio_web":"","fuente":"DENUE, INEGI"}},{"type":"Feature","id":"11615056","geometry":{"type":"Point","coordinates":[-92.10862768,16.90553068]},"properties":{"id":"11615056","nombre":"VENTA DE TAMALES SIN NOMBRE","categoria":"alimentos","categorias":["alimentos"],"clase_actividad":"Servicios de preparación de otros alimentos para consumo inmediato","direccion":"PRIVADA 5 DE MAYO, NUEVO GUADALUPE, CP 29950, OCOSINGO , Ocosingo, CHIAPAS","telefono":"","correo":"","sitio_web":"","fuente":"DENUE, INEGI"}},{"type":"Feature","id":"11622593","geometry":{"type":"Point","coordinates":[-89.38919857,20.38522784]},"properties":{"id":"11622593","nombre":"BALNEARIO LAS PALAPAS","categoria":"atractivos","categorias":["atractivos"],"clase_actividad":"Alquiler sin intermediación de salones para fiestas y convenciones","direccion":"CALLE 27, CANDELARIA, CP 97850, MANÍ , Maní, YUCATÁN","telefono":"9971242190","correo":"","sitio_web":"","fuente":"DENUE, INEGI"}},{"type":"Feature","id":"11643552","geometry":{"type":"Point","coordinates":[-92.00470962,17.51299144]},"properties":{"id":"11643552","nombre":"BODEGA","categoria":"abasto","categorias":["abasto"],"clase_actividad":"Comercio al por menor en tiendas de abarrotes, ultramarinos y misceláneas","direccion":"CALLE NINGUNO, GUASIVAN, CP 29960, PALENQUE , Palenque, CHIAPAS","telefono":"","correo":"","sitio_web":"","fuente":"DENUE, INEGI"}},{"type":"Feature","id":"11673585","geometry":{"type":"Point","coordinates":[-88.0993763,20.61963418]},"properties":{"id":"11673585","nombre":"VENTA DE ANTOJITOS","categoria":"alimentos","categorias":["alimentos"],"clase_actividad":"Restaurantes con servicio de preparación de antojitos","direccion":"CALLE NINGUNO, KANXOC, CP 97785, KANXOC , Valladolid, YUCATÁN","telefono":"","correo":"","sitio_web":"","fuente":"DENUE, INEGI"}},{"type":"Feature","id":"11690841","geometry":{"type":"Point","coordinates":[-88.82023431,20.54716892]},"properties":{"id":"11690841","nombre":"VENTA DE COMIDA SIN NOMBRE","categoria":"alimentos","categorias":["alimentos"],"clase_actividad":"Restaurantes que preparan otro tipo de alimentos para llevar","direccion":"CALLE 25, SAN JOSÉ, CP 97920, YAXCABÁ , Yaxcabá, YUCATÁN","telefono":"9861552260","correo":"","sitio_web":"","fuente":"DENUE, INEGI"}},{"type":"Feature","id":"11735736","geometry":{"type":"Point","coordinates":[-93.07202248,18.17647326]},"properties":{"id":"11735736","nombre":"500 HD JALPA DE MENDEZ","categoria":"combustible","categorias":["combustible"],"clase_actividad":"Comercio al por menor de gasolina y diesel","direccion":"PROLONGACION 27 DE FEBRERO 329, TOMÁS GARRIDO CANABAL (SAN JOSÉ), CP 86200, JALPA DE MÉNDEZ , Jalpa de Méndez, TABASCO","telefono":"","correo":"ATENCIONACLIENTES@HIDROSINA.COM.MX","sitio_web":"WWW.HIDROSINA.COM.MX","fuente":"DENUE, INEGI"}},{"type":"Feature","id":"11764946","geometry":{"type":"Point","coordinates":[-90.03063661,21.16531399]},"properties":{"id":"11764946","nombre":"CASA BALAM","categoria":"alojamiento","categorias":["alojamiento"],"clase_actividad":"Hoteles sin otros servicios integrados","direccion":"CALLE 18, SISAL, CP 97356, SISAL , Hunucmá, YUCATÁN","telefono":"","correo":"","sitio_web":"","fuente":"DENUE, INEGI"}},{"type":"Feature","id":"11776248","geometry":{"type":"Point","coordinates":[-92.77903933,17.45948427]},"properties":{"id":"11776248","nombre":"FONDA MI MORENITA","categoria":"alimentos","categorias":["alimentos"],"clase_actividad":"Restaurantes con servicio de preparación de alimentos a la carta o de comida corrida","direccion":"CALLE CARLOS PELLICER CÁMARA, CENTRO, CP 86890, TAPIJULAPA , Tacotalpa, TABASCO","telefono":"","correo":"","sitio_web":"","fuente":"DENUE, INEGI"}},{"type":"Feature","id":"11801211","geometry":{"type":"Point","coordinates":[-90.0353345,21.16538613]},"properties":{"id":"11801211","nombre":"MECOH AP","categoria":"alojamiento","categorias":["alojamiento"],"clase_actividad":"Hoteles sin otros servicios integrados","direccion":"CALLE 30, SISAL, CP 97356, SISAL , Hunucmá, YUCATÁN","telefono":"9994424478","correo":"","sitio_web":"","fuente":"DENUE, INEGI"}},{"type":"Feature","id":"11803114","geometry":{"type":"Point","coordinates":[-89.33606601,20.54081133]},"properties":{"id":"11803114","nombre":"ESTETICA JESSI","categoria":"salud","categorias":["salud"],"clase_actividad":"Salones y clínicas de belleza y peluquerías","direccion":"CALLE 28, MEJORADA, CP 97680, TEKIT , Tekit, YUCATÁN","telefono":"9971148059","correo":"","sitio_web":"","fuente":"DENUE, INEGI"}},{"type":"Feature","id":"11819272","geometry":{"type":"Point","coordinates":[-92.0157261,17.53766751]},"properties":{"id":"11819272","nombre":"PUNTO DE SUMINISTRO PALENQUE","categoria":"combustible","categorias":["combustible"],"clase_actividad":"Comercio al por mayor de combustibles de uso industrial","direccion":"CARRETERA NINGUNO, AEROPUERTO INTERNACIONAL DE PALENQUE, CP 29960, EL ROSARIO , Palenque, CHIAPAS","telefono":"","correo":"LMM.JESTACION@ASA.GOB.MX","sitio_web":"WWW.ASA.COM.MX","fuente":"DENUE, INEGI"}},{"type":"Feature","id":"12270679","geometry":{"type":"Point","coordinates":[-93.21639575,18.26323227]},"properties":{"id":"12270679","nombre":"TRANSPORTE Y SERVICIO RICARDEZ","categoria":"transporte","categorias":["transporte"],"clase_actividad":"Transporte colectivo urbano y suburbano de pasajeros en autobuses de ruta fija","direccion":"CALLE CEDRO 28, VILLAS DE ORIENTE, CP 86369, COMALCALCO , Comalcalco, TABASCO","telefono":"9331170620","correo":"","sitio_web":"","fuente":"DENUE, INEGI"}},{"type":"Feature","id":"12274418","geometry":{"type":"Point","coordinates":[-92.1432193,18.09450012]},"properties":{"id":"12274418","nombre":"GASOLINERA SINERGIA","categoria":"combustible","categorias":["combustible"],"clase_actividad":"Comercio al por menor de gasolina y diesel","direccion":"CALLE MUNICIPAL, VILLA LAS FLORES, CP 86781, JONUTA , Jonuta, TABASCO","telefono":"","correo":"","sitio_web":"","fuente":"DENUE, INEGI"}},{"type":"Feature","id":"12275622","geometry":{"type":"Point","coordinates":[-89.62183606,20.96722089]},"properties":{"id":"12275622","nombre":"SERVICIOS PORTUARIOS SERPAC","categoria":"transporte","categorias":["transporte"],"clase_actividad":"Transporte marítimo de cabotaje, excepto de petróleo y gas natural","direccion":"CALLE 58 500, CENTRO, CP 97000, MÉRIDA , Mérida, YUCATÁN","telefono":"","correo":"","sitio_web":"WWW.WINJET.MX","fuente":"DENUE, INEGI"}},{"type":"Feature","id":"12276551","geometry":{"type":"Point","coordinates":[-89.62392,20.96647999]},"properties":{"id":"12276551","nombre":"CONSULTORIO MEDICO FUNDACION BEST","categoria":"salud","categorias":["salud"],"clase_actividad":"Consultorios de medicina general del sector privado","direccion":"CALLE 63 504, CENTRO, CP 97000, MÉRIDA , Mérida, YUCATÁN","telefono":"","correo":"","sitio_web":"","fuente":"DENUE, INEGI"}},{"type":"Feature","id":"12280880","geometry":{"type":"Point","coordinates":[-93.21376142,18.27546797]},"properties":{"id":"12280880","nombre":"CONSULTORIO FISIOTERAPIA Y SPA","categoria":"salud","categorias":["salud"],"clase_actividad":"Consultorios de quiropráctica del sector privado","direccion":"CERRADA NIÑOS HEROES, BICENTENARIO, CP 86340, COMALCALCO , Comalcalco, TABASCO","telefono":"9331685802","correo":"","sitio_web":"","fuente":"DENUE, INEGI"}},{"type":"Feature","id":"12282435","geometry":{"type":"Point","coordinates":[-93.2153867,18.27685566]},"properties":{"id":"12282435","nombre":"CUIDATE FISIOTERAPIA Y SPA","categoria":"salud","categorias":["salud"],"clase_actividad":"Consultorios del sector privado de audiología y de terapia ocupacional, física y del lenguaje","direccion":"CALLE BENITO JUAREZ, BICENTENARIO, CP 86340, COMALCALCO , Comalcalco, TABASCO","telefono":"9332095561","correo":"","sitio_web":"","fuente":"DENUE, INEGI"}},{"type":"Feature","id":"12285015","geometry":{"type":"Point","coordinates":[-88.20108005,20.69037493]},"properties":{"id":"12285015","nombre":"BANCO BANCOMER","categoria":"servicios_financieros","categorias":["servicios_financieros"],"clase_actividad":"Banca múltiple","direccion":"CALLE 40, CENTRO, CP 97780, VALLADOLID , Valladolid, YUCATÁN","telefono":"","correo":"","sitio_web":"WWW.BBVA.COM.MX","fuente":"DENUE, INEGI"}},{"type":"Feature","id":"12285737","geometry":{"type":"Point","coordinates":[-89.33474662,20.528607]},"properties":{"id":"12285737","nombre":"BANCO DEL BIENESTAR 2144 TEKIT","categoria":"servicios_financieros","categorias":["servicios_financieros"],"clase_actividad":"Banca de desarrollo","direccion":"CALLE 37, TEKIT, CP 97680, TEKIT , Tekit, YUCATÁN","telefono":"","correo":"","sitio_web":"","fuente":"DENUE, INEGI"}},{"type":"Feature","id":"12286020","geometry":{"type":"Point","coordinates":[-89.3884396,20.39295607]},"properties":{"id":"12286020","nombre":"BANCO DEL BIENESTAR 3022 MANI","categoria":"servicios_financieros","categorias":["servicios_financieros"],"clase_actividad":"Banca de desarrollo","direccion":"CALLE 24, MANI, CP 97850, MANÍ , Maní, YUCATÁN","telefono":"","correo":"","sitio_web":"","fuente":"DENUE, INEGI"}},{"type":"Feature","id":"12286065","geometry":{"type":"Point","coordinates":[-89.29873564,20.42477482]},"properties":{"id":"12286065","nombre":"BANCO DEL BIENESTAR 2802 CHUMAYEL","categoria":"servicios_financieros","categorias":["servicios_financieros"],"clase_actividad":"Banca de desarrollo","direccion":"CALLE 28 A, CHUMAYEL, CP 97904, CHUMAYEL , Chumayel, YUCATÁN","telefono":"","correo":"","sitio_web":"","fuente":"DENUE, INEGI"}},{"type":"Feature","id":"12286170","geometry":{"type":"Point","coordinates":[-89.65320913,20.32867868]},"properties":{"id":"12286170","nombre":"BANCO DEL BIENESTAR 4183 SANTA ELENA","categoria":"servicios_financieros","categorias":["servicios_financieros"],"clase_actividad":"Banca de desarrollo","direccion":"CALLE 21, SAN ROQUE, CP 97890, SANTA ELENA , Santa Elena, YUCATÁN","telefono":"","correo":"","sitio_web":"","fuente":"DENUE, INEGI"}},{"type":"Feature","id":"12288862","geometry":{"type":"Point","coordinates":[-90.13452059,18.62467569]},"properties":{"id":"12288862","nombre":"HOTEL CALAKMUL","categoria":"alojamiento","categorias":["alojamiento"],"clase_actividad":"Hoteles con otros servicios integrados","direccion":"CARRETERA FEDERAL ESCARCEGA A CHETUMAL MARGEN DERECHO KM 70 70, CONSTITUCION, CP 24400, CONSTITUCIÓN , Calakmul, CAMPECHE","telefono":"9831121201","correo":"","sitio_web":"","fuente":"DENUE, INEGI"}},{"type":"Feature","id":"12288971","geometry":{"type":"Point","coordinates":[-90.0306166,21.16607729]},"properties":{"id":"12288971","nombre":"HOTEL LA CASONA DE SISAL","categoria":"alojamiento","categorias":["alojamiento"],"clase_actividad":"Hoteles con otros servicios integrados","direccion":"CALLE 18, SISAL, CP 97356, SISAL , Hunucmá, YUCATÁN","telefono":"","correo":"","sitio_web":"","fuente":"DENUE, INEGI"}},{"type":"Feature","id":"12291172","geometry":{"type":"Point","coordinates":[-90.39438376,20.86632227]},"properties":{"id":"12291172","nombre":"DESAYUNOS LA ESQUINA","categoria":"alimentos","categorias":["alimentos"],"clase_actividad":"Cafeterías, fuentes de sodas, neverías, refresquerías y similares","direccion":"CALLE 6, BENITO JUÁREZ, CP 97367, CELESTÚN , Celestún, YUCATÁN","telefono":"","correo":"","sitio_web":"","fuente":"DENUE, INEGI"}},{"type":"Feature","id":"12312295","geometry":{"type":"Point","coordinates":[-92.13355999,18.08892494]},"properties":{"id":"12312295","nombre":"SIX TOMASA","categoria":"abasto","categorias":["abasto"],"clase_actividad":"Comercio al por menor en tiendas de abarrotes, ultramarinos y misceláneas","direccion":"CALLE MALECÓN ENRIQUE GONZÁLEZ PEDRERO 33, CENTRO, CP 86781, JONUTA , Jonuta, TABASCO","telefono":"","correo":"","sitio_web":"","fuente":"DENUE, INEGI"}},{"type":"Feature","id":"193667","geometry":{"type":"Point","coordinates":[-90.18210954,20.12534755]},"properties":{"id":"193667","nombre":"TIENDA DE ABARROTES ZURI","categoria":"abasto","categorias":["abasto"],"clase_actividad":"Comercio al por menor de frutas y verduras frescas","direccion":"CALLE 39, BENITO JUAREZ, CP 24810, POMUCH , Hecelchakán, CAMPECHE","telefono":"","correo":"","sitio_web":"","fuente":"DENUE, INEGI"}},{"type":"Feature","id":"207028","geometry":{"type":"Point","coordinates":[-90.17451051,20.12979156]},"properties":{"id":"207028","nombre":"PIZZERIA EL AMIGO","categoria":"alimentos","categorias":["alimentos"],"clase_actividad":"Restaurantes con servicio de preparación de pizzas, hamburguesas, hot dogs y pollos rostizados para llevar","direccion":"CALLE 10 32, SAN PEDRO, CP 24810, POMUCH , Hecelchakán, CAMPECHE","telefono":"","correo":"","sitio_web":"","fuente":"DENUE, INEGI"}},{"type":"Feature","id":"3970135","geometry":{"type":"Point","coordinates":[-93.06999803,18.17591423]},"properties":{"id":"3970135","nombre":"UNION DE TAXIS","categoria":"transporte","categorias":["transporte"],"clase_actividad":"Asociaciones, organizaciones y cámaras de productores, comerciantes y prestadores de servicios","direccion":"AVENIDA IGNACIO ZARAGOZA, SANTA ANA, CP 86200, JALPA DE MÉNDEZ , Jalpa de Méndez, TABASCO","telefono":"","correo":"","sitio_web":"","fuente":"DENUE, INEGI"}},{"type":"Feature","id":"3970528","geometry":{"type":"Point","coordinates":[-93.21724588,18.2758646]},"properties":{"id":"3970528","nombre":"EDIFICIO DE DISTRIBUCION Y AGENCIA COMERCIAL COMALCALCO","categoria":"combustible","categorias":["combustible"],"clase_actividad":"Generación de electricidad a partir de combustibles fósiles","direccion":"BOULEVARD ADOLFO LÓPEZ MATEOS, BICENTENARIO, CP 86340, COMALCALCO , Comalcalco, TABASCO","telefono":"9333341188","correo":"","sitio_web":"WWW.CFE.MX","fuente":"DENUE, INEGI"}},{"type":"Feature","id":"3973106","geometry":{"type":"Point","coordinates":[-93.06301847,18.17791877]},"properties":{"id":"3973106","nombre":"CASA MUSEO CORONEL GREGORIO MENDEZ MAGAÑA","categoria":"atractivos","categorias":["atractivos"],"clase_actividad":"Museos del sector público","direccion":"CALLE GREGORIO MENDEZ MAGAÑA 23, SAN LUIS, CP 86200, JALPA DE MÉNDEZ , Jalpa de Méndez, TABASCO","telefono":"","correo":"","sitio_web":"","fuente":"DENUE, INEGI"}},{"type":"Feature","id":"3973258","geometry":{"type":"Point","coordinates":[-93.05968933,18.16455302]},"properties":{"id":"3973258","nombre":"CONSULTORIO MEDICO GENERAL","categoria":"salud","categorias":["salud"],"clase_actividad":"Consultorios de medicina general del sector privado","direccion":"CALLE CORREGIDORA JOSEFA ORTIZ DE DOMINGUEZ, LA RESURRECCIÓN, CP 86203, JALPA DE MÉNDEZ , Jalpa de Méndez, TABASCO","telefono":"9143371208","correo":"","sitio_web":"","fuente":"DENUE, INEGI"}},{"type":"Feature","id":"3973264","geometry":{"type":"Point","coordinates":[-93.05954743,18.16293291]},"properties":{"id":"3973264","nombre":"ANTOJITOS MIGUEL Y TRINI","categoria":"alimentos","categorias":["alimentos"],"clase_actividad":"Restaurantes con servicio de preparación de antojitos","direccion":"CALLE CORREGIDORA JOSEFA ORTIZ DE DOMINGUEZ, LA RESURRECCIÓN, CP 86200, JALPA DE MÉNDEZ , Jalpa de Méndez, TABASCO","telefono":"","correo":"","sitio_web":"","fuente":"DENUE, INEGI"}},{"type":"Feature","id":"3975053","geometry":{"type":"Point","coordinates":[-92.94907801,17.98904675]},"properties":{"id":"3975053","nombre":"GASOLINERA RUIZ CORTINEZ ES 5213","categoria":"combustible","categorias":["combustible"],"clase_actividad":"Comercio al por menor de gasolina y diesel","direccion":"BOULEVARD ADOLFO RUÍZ CORTINES 1803, ATASTA DE SERRA, CP 86139, VILLAHERMOSA , Centro, TABASCO","telefono":"9931468020","correo":"JEFCONT02CT@SERVIFACIL.COM.MX","sitio_web":"","fuente":"DENUE, INEGI"}},{"type":"Feature","id":"3975054","geometry":{"type":"Point","coordinates":[-92.9480267,17.98948158]},"properties":{"id":"3975054","nombre":"TAQUERIA LA VACA SAGRADA","categoria":"alimentos","categorias":["alimentos"],"clase_actividad":"Restaurantes con servicio de preparación de tacos y tortas","direccion":"BOULEVARD ADOLFO RUIZ CORTINES, ATASTA DE SERRA, CP 86100, VILLAHERMOSA , Centro, TABASCO","telefono":"9934309607","correo":"","sitio_web":"","fuente":"DENUE, INEGI"}},{"type":"Feature","id":"3980920","geometry":{"type":"Point","coordinates":[-92.9458672,17.99994957]},"properties":{"id":"3980920","nombre":"CENTRO CULTURAL PLANETARIO TABASCO 2000","categoria":"atractivos","categorias":["atractivos"],"clase_actividad":"Promotores del sector público de espectáculos artísticos, culturales, deportivos y similares que cuentan con instalaciones para presentarlos","direccion":"CALLE PLANETARIO, TABASCO 2000, CP 86035, VILLAHERMOSA , Centro, TABASCO","telefono":"","correo":"","sitio_web":"","fuente":"DENUE, INEGI"}},{"type":"Feature","id":"3980922","geometry":{"type":"Point","coordinates":[-92.94639938,17.99928428]},"properties":{"id":"3980922","nombre":"ESTACIONAMIENTO OFICIAL DEL PLANETARIO TABASCO 2000","categoria":"atractivos","categorias":["atractivos"],"clase_actividad":"Museos del sector público","direccion":"AVENIDA PLANETARIO, TABASCO 2000, CP 86035, VILLAHERMOSA , Centro, TABASCO","telefono":"","correo":"PLANETARIOT2000@HOTMAIL.COM","sitio_web":"","fuente":"DENUE, INEGI"}},{"type":"Feature","id":"3983185","geometry":{"type":"Point","coordinates":[-92.94825906,17.98045344]},"properties":{"id":"3983185","nombre":"CENTRO CULTURAL ROSA CRUZ AMOR TABASCO","categoria":"atractivos","categorias":["atractivos"],"clase_actividad":"Asociaciones y organizaciones civiles","direccion":"CALLE EL AGUILA 201, ATASTA, CP 86100, VILLAHERMOSA , Centro, TABASCO","telefono":"","correo":"ERWINMACARIO@HOTMAIL.COM","sitio_web":"WWW.ROSACRUZ.ORG","fuente":"DENUE, INEGI"}},{"type":"Feature","id":"3983324","geometry":{"type":"Point","coordinates":[-92.94405085,17.99341258]},"properties":{"id":"3983324","nombre":"GASOLINERA MAGALLANES VILLAHERMOSA","categoria":"combustible","categorias":["combustible"],"clase_actividad":"Comercio al por menor de gasolina y diesel","direccion":"BOULEVARD ADOLFO RUÍZ CORTINES, LOMA LINDA, CP 86050, VILLAHERMOSA , Centro, TABASCO","telefono":"","correo":"ES.LOMALINDA@INNOVADORES.ME","sitio_web":"","fuente":"DENUE, INEGI"}},{"type":"Feature","id":"3983334","geometry":{"type":"Point","coordinates":[-93.21825923,18.27440255]},"properties":{"id":"3983334","nombre":"100 HD COMACALCO","categoria":"combustible","categorias":["combustible"],"clase_actividad":"Comercio al por menor de gasolina y diesel","direccion":"BOULEVARD ADOLFO LÓPEZ MATEOS 20, ADOLFO LÓPEZ MATEOS, CP 86630, COMALCALCO , Comalcalco, TABASCO","telefono":"","correo":"NBARRERA@HIDROSINA.COM.MX","sitio_web":"WWW.HIDROSINA.COM.MX","fuente":"DENUE, INEGI"}},{"type":"Feature","id":"3986108","geometry":{"type":"Point","coordinates":[-93.22172558,18.27920645]},"properties":{"id":"3986108","nombre":"TALLER DE AMORTIGUADORES RECONSTRUIDOS SIN NOMBRE","categoria":"alojamiento","categorias":["alojamiento"],"clase_actividad":"Reparación de suspensiones de automóviles y camiones","direccion":"CALLE CARLOS ECHEVERRIA, BELÉN, CP 86320, COMALCALCO , Comalcalco, TABASCO","telefono":"","correo":"","sitio_web":"","fuente":"DENUE, INEGI"}},{"type":"Feature","id":"3986324","geometry":{"type":"Point","coordinates":[-93.21646414,18.27292246]},"properties":{"id":"3986324","nombre":"TAQUERIA DON TAVO","categoria":"alimentos","categorias":["alimentos"],"clase_actividad":"Restaurantes con servicio de preparación de tacos y tortas","direccion":"CALLE LICENCIADO CARLOS SALINAS DE GORTARI, SOLIDARIDAD NACIONAL AC, CP 86340, COMALCALCO , Comalcalco, TABASCO","telefono":"","correo":"","sitio_web":"","fuente":"DENUE, INEGI"}},{"type":"Feature","id":"3986335","geometry":{"type":"Point","coordinates":[-93.21344162,18.27140197]},"properties":{"id":"3986335","nombre":"ESTETICA VIKY","categoria":"salud","categorias":["salud"],"clase_actividad":"Salones y clínicas de belleza y peluquerías","direccion":"CALLE PROFESORA MARIA PAZ CHAPUZ, MAGISTERIAL II, CP 86340, COMALCALCO , Comalcalco, TABASCO","telefono":"","correo":"","sitio_web":"","fuente":"DENUE, INEGI"}},{"type":"Feature","id":"3987526","geometry":{"type":"Point","coordinates":[-93.22126833,18.26580821]},"properties":{"id":"3987526","nombre":"ESTACIONAMIENTO PRIVADO","categoria":"alojamiento","categorias":["alojamiento"],"clase_actividad":"Estacionamientos y pensiones para vehículos automotores","direccion":"CALLE ARISTA, CENTRO, CP 86300, COMALCALCO , Comalcalco, TABASCO","telefono":"","correo":"","sitio_web":"","fuente":"DENUE, INEGI"}},{"type":"Feature","id":"3987556","geometry":{"type":"Point","coordinates":[-93.22106889,18.26421916]},"properties":{"id":"3987556","nombre":"BANCO AZTECA","categoria":"servicios_financieros","categorias":["servicios_financieros"],"clase_actividad":"Banca múltiple","direccion":"AVENIDA GREGORIO MÉNDEZ MAGAÑA 1, CENTRO, CP 86300, COMALCALCO , Comalcalco, TABASCO","telefono":"","correo":"","sitio_web":"","fuente":"DENUE, INEGI"}},{"type":"Feature","id":"3988178","geometry":{"type":"Point","coordinates":[-93.22134597,18.26402215]},"properties":{"id":"3988178","nombre":"PRENDA MEX SERVICIOS FINANCIEROS DEL GOLFO","categoria":"servicios_financieros","categorias":["servicios_financieros"],"clase_actividad":"Casas de empeño","direccion":"AVENIDA GREGORIO MENDEZ MAGAÑA 414, CENTRO, CP 86300, COMALCALCO , Comalcalco, TABASCO","telefono":"9331687604","correo":"","sitio_web":"WWW.PRESTAMEX.COM","fuente":"DENUE, INEGI"}},{"type":"Feature","id":"3997608","geometry":{"type":"Point","coordinates":[-93.07080079,18.17626974]},"properties":{"id":"3997608","nombre":"TALLER MECANICO ELECTRICO RIVERA","categoria":"alojamiento","categorias":["alojamiento"],"clase_actividad":"Reparación de suspensiones de automóviles y camiones","direccion":"PROLONGACION 27 DE FEBRERO, SANTA ANA, CP 86200, JALPA DE MÉNDEZ , Jalpa de Méndez, TABASCO","telefono":"","correo":"","sitio_web":"","fuente":"DENUE, INEGI"}},{"type":"Feature","id":"3997679","geometry":{"type":"Point","coordinates":[-93.0685819,18.17172589]},"properties":{"id":"3997679","nombre":"ABARROTES LA MISERICORDIA","categoria":"abasto","categorias":["abasto"],"clase_actividad":"Comercio al por menor en tiendas de abarrotes, ultramarinos y misceláneas","direccion":"CALLE FRANCISCO MIRABAL HERNANDEZ, LA CANDELARIA, CP 86200, JALPA DE MÉNDEZ , Jalpa de Méndez, TABASCO","telefono":"","correo":"","sitio_web":"","fuente":"DENUE, INEGI"}},{"type":"Feature","id":"3997808","geometry":{"type":"Point","coordinates":[-93.0442291,18.1374273]},"properties":{"id":"3997808","nombre":"CENTRO DE DESCANSO FAMILIAR ARCO IRIS","categoria":"atractivos","categorias":["atractivos"],"clase_actividad":"Parques acuáticos y balnearios del sector privado","direccion":"CALLE SAN PEDRITO, JALUPA, CP 86202, JALUPA , Jalpa de Méndez, TABASCO","telefono":"9932874229","correo":"","sitio_web":"","fuente":"DENUE, INEGI"}},{"type":"Feature","id":"3997862","geometry":{"type":"Point","coordinates":[-93.06467655,18.17549534]},"properties":{"id":"3997862","nombre":"BANCO COMPARTAMOS JALPA","categoria":"servicios_financieros","categorias":["servicios_financieros"],"clase_actividad":"Banca múltiple","direccion":"CALLE DUEÑAS 18, SANTA ANA, CP 86200, JALPA DE MÉNDEZ , Jalpa de Méndez, TABASCO","telefono":"","correo":"JALPA@COMPARTAMOS.COM","sitio_web":"COMPARTAMOS.COM","fuente":"DENUE, INEGI"}},{"type":"Feature","id":"3997922","geometry":{"type":"Point","coordinates":[-93.0534969,18.17653044]},"properties":{"id":"3997922","nombre":"GASOLINERA SERVICIO REGIO TRES","categoria":"combustible","categorias":["combustible"],"clase_actividad":"Comercio al por menor de gasolina y diesel","direccion":"CALLE PRIMERA CONSTITUCION, LA GUADALUPE, CP 86200, JALPA DE MÉNDEZ , Jalpa de Méndez, TABASCO","telefono":"","correo":"ES.JALAPDEMENDEZ@INNOVADORES.ME","sitio_web":"","fuente":"DENUE, INEGI"}},{"type":"Feature","id":"3998137","geometry":{"type":"Point","coordinates":[-93.06247762,18.17669606]},"properties":{"id":"3998137","nombre":"BANCO AZTECA","categoria":"servicios_financieros","categorias":["servicios_financieros"],"clase_actividad":"Banca múltiple","direccion":"CALLE PLAZA HIDALGO, CENTRO, CP 86200, JALPA DE MÉNDEZ , Jalpa de Méndez, TABASCO","telefono":"","correo":"","sitio_web":"","fuente":"DENUE, INEGI"}},{"type":"Feature","id":"3998223","geometry":{"type":"Point","coordinates":[-93.0631058,18.17692731]},"properties":{"id":"3998223","nombre":"CASA DE HUESPEDES AURA","categoria":"alojamiento","categorias":["alojamiento"],"clase_actividad":"Pensiones y casas de huéspedes","direccion":"CALLE GREGORIO MENDEZ MAGAÑA 2, CENTRO, CP 86200, JALPA DE MÉNDEZ , Jalpa de Méndez, TABASCO","telefono":"9142795728","correo":"","sitio_web":"","fuente":"DENUE, INEGI"}},{"type":"Feature","id":"3999315","geometry":{"type":"Point","coordinates":[-92.13952187,18.08980531]},"properties":{"id":"3999315","nombre":"DEPARTAMENTO DE TRANSPORTE FLUVIAL DE JONUTA","categoria":"transporte","categorias":["transporte"],"clase_actividad":"Administración pública en general","direccion":"CALLE ALVARO OBREGON, CENTRO, CP 86781, JONUTA , Jonuta, TABASCO","telefono":"","correo":"","sitio_web":"","fuente":"DENUE, INEGI"}},{"type":"Feature","id":"3999563","geometry":{"type":"Point","coordinates":[-92.13784934,18.09066215]},"properties":{"id":"3999563","nombre":"BANCO AZTECA","categoria":"servicios_financieros","categorias":["servicios_financieros"],"clase_actividad":"Banca múltiple","direccion":"CALLE BENITO JUÁREZ GARCÍA, CENTRO, CP 86780, JONUTA , Jonuta, TABASCO","telefono":"","correo":"","sitio_web":"","fuente":"DENUE, INEGI"}},{"type":"Feature","id":"3999638","geometry":{"type":"Point","coordinates":[-92.13301142,18.09029691]},"properties":{"id":"3999638","nombre":"ESTETICA UNISEX COLOSIO","categoria":"salud","categorias":["salud"],"clase_actividad":"Salones y clínicas de belleza y peluquerías","direccion":"CALLE PRUDENCIO LOPEZ, CENTRO, CP 86781, JONUTA , Jonuta, TABASCO","telefono":"9131085283","correo":"JDIAZ7311@GMAIL.COM","sitio_web":"","fuente":"DENUE, INEGI"}},{"type":"Feature","id":"400298","geometry":{"type":"Point","coordinates":[-92.00504724,17.52041295]},"properties":{"id":"400298","nombre":"TIENDA LA LOMITA","categoria":"abasto","categorias":["abasto"],"clase_actividad":"Comercio al por menor en tiendas de abarrotes, ultramarinos y misceláneas","direccion":"CALLE NINGUNO, Int. 0, LOMAS DE SAN ANGEL, CP 29960, PALENQUE , Palenque, CHIAPAS","telefono":"","correo":"","sitio_web":"","fuente":"DENUE, INEGI"}},{"type":"Feature","id":"400302","geometry":{"type":"Point","coordinates":[-92.00454836,17.51636779]},"properties":{"id":"400302","nombre":"PANADERIA LA BENDICION","categoria":"alimentos","categorias":["alimentos"],"clase_actividad":"Panificación tradicional","direccion":"CALLE NINGUNO, Int. 0, SANTO DOMINGO, CP 29960, PALENQUE , Palenque, CHIAPAS","telefono":"9161220007","correo":"","sitio_web":"","fuente":"DENUE, INEGI"}},{"type":"Feature","id":"4003909","geometry":{"type":"Point","coordinates":[-92.93816988,17.99707776]},"properties":{"id":"4003909","nombre":"CASA DE LA TIERRA","categoria":"atractivos","categorias":["atractivos"],"clase_actividad":"Museos del sector público","direccion":"CALLE PASEO DE LOS FRAMBOYANES, JESUS GARCIA, CP 86040, VILLAHERMOSA , Centro, TABASCO","telefono":"","correo":"CASADELATIERRA.TAB@LIVE.COM","sitio_web":"","fuente":"DENUE, INEGI"}},{"type":"Feature","id":"4006714","geometry":{"type":"Point","coordinates":[-92.94784654,17.98871495]},"properties":{"id":"4006714","nombre":"TALLER MECANICO JF","categoria":"alojamiento","categorias":["alojamiento"],"clase_actividad":"Reparación de suspensiones de automóviles y camiones","direccion":"CALLE MARIANO ABASOLO 628, ATASTA DE SERRA, CP 86100, VILLAHERMOSA , Centro, TABASCO","telefono":"9934259994","correo":"","sitio_web":"","fuente":"DENUE, INEGI"}},{"type":"Feature","id":"4006728","geometry":{"type":"Point","coordinates":[-92.94783005,17.98936355]},"properties":{"id":"4006728","nombre":"INDUSTRIA ACEITERA","categoria":"alimentos","categorias":["alimentos"],"clase_actividad":"Comercio al por mayor de otros alimentos","direccion":"CALLE MARIANO ABASOLO 633, ATASTA, CP 86100, VILLAHERMOSA , Centro, TABASCO","telefono":"","correo":"ADM.VHS@ACEITERA.COM.MX","sitio_web":"WWW.ACEITERA.COM.MX","fuente":"DENUE, INEGI"}},{"type":"Feature","id":"4007564","geometry":{"type":"Point","coordinates":[-92.94637696,17.98386066]},"properties":{"id":"4007564","nombre":"BANCO AZTECA","categoria":"servicios_financieros","categorias":["servicios_financieros"],"clase_actividad":"Banca múltiple","direccion":"AVENIDA CORONEL GREGORIO MÉNDEZ MAGAÑA 2609, ATASTA DE SERRA, CP 86100, VILLAHERMOSA , Centro, TABASCO","telefono":"","correo":"","sitio_web":"","fuente":"DENUE, INEGI"}},{"type":"Feature","id":"4012050","geometry":{"type":"Point","coordinates":[-92.77847667,17.46018872]},"properties":{"id":"4012050","nombre":"CENTRO CULTURAL CRISTIANO TAPIJULAPA","categoria":"atractivos","categorias":["atractivos"],"clase_actividad":"Asociaciones y organizaciones religiosas","direccion":"AVENIDA JOSE LOPEZ PORTILLO 9, CENTRO, CP 86890, TAPIJULAPA , Tacotalpa, TABASCO","telefono":"9931296440","correo":"","sitio_web":"","fuente":"DENUE, INEGI"}},{"type":"Feature","id":"4012060","geometry":{"type":"Point","coordinates":[-92.77734118,17.45744092]},"properties":{"id":"4012060","nombre":"ABARROTES LA DEPORTIVA","categoria":"abasto","categorias":["abasto"],"clase_actividad":"Comercio al por menor en tiendas de abarrotes, ultramarinos y misceláneas","direccion":"ANDADOR NINGUNO, SANTA ISABEL, CP 86890, TAPIJULAPA , Tacotalpa, TABASCO","telefono":"","correo":"","sitio_web":"","fuente":"DENUE, INEGI"}},{"type":"Feature","id":"4012068","geometry":{"type":"Point","coordinates":[-92.77959171,17.45663842]},"properties":{"id":"4012068","nombre":"ABARROTES JOSE ALONSO","categoria":"abasto","categorias":["abasto"],"clase_actividad":"Comercio al por menor en tiendas de abarrotes, ultramarinos y misceláneas","direccion":"ANDADOR NINGUNO, SANTA ISABEL, CP 86890, TAPIJULAPA , Tacotalpa, TABASCO","telefono":"","correo":"","sitio_web":"","fuente":"DENUE, INEGI"}},{"type":"Feature","id":"4018708","geometry":{"type":"Point","coordinates":[-92.78149153,17.45694323]},"properties":{"id":"4018708","nombre":"POLLOS ASADOS AL CARBON Y FRITURAS LOS 3 HERMANOS","categoria":"alimentos","categorias":["alimentos"],"clase_actividad":"Restaurantes con servicio de preparación de pizzas, hamburguesas, hot dogs y pollos rostizados para llevar","direccion":"AVENIDA JOSE LOPEZ PORTILLO, TAPIJULAPA, CP 86890, TAPIJULAPA , Tacotalpa, TABASCO","telefono":"9321122998","correo":"","sitio_web":"","fuente":"DENUE, INEGI"}},{"type":"Feature","id":"4018772","geometry":{"type":"Point","coordinates":[-92.77876081,17.45949274]},"properties":{"id":"4018772","nombre":"POSADA DON JULIAN RESTAURANTE MARIQUITA","categoria":"alimentos","categorias":["alimentos","alojamiento"],"clase_actividad":"Restaurantes con servicio de preparación de alimentos a la carta o de comida corrida","direccion":"CALLE CARLOS PELLICER CAMARA 7, CENTRO, CP 86890, TAPIJULAPA , Tacotalpa, TABASCO","telefono":"9321187672","correo":"","sitio_web":"","fuente":"DENUE, INEGI"}},{"type":"Feature","id":"4018779","geometry":{"type":"Point","coordinates":[-92.77770087,17.46031021]},"properties":{"id":"4018779","nombre":"FARMACIA BOTICA NUEVA","categoria":"salud","categorias":["salud"],"clase_actividad":"Farmacias sin minisúper","direccion":"CALLE TOMAS GARRIDO CANABAL, CENTRO, CP 86890, TAPIJULAPA , Tacotalpa, TABASCO","telefono":"9321129090","correo":"","sitio_web":"","fuente":"DENUE, INEGI"}},{"type":"Feature","id":"4018781","geometry":{"type":"Point","coordinates":[-92.7777031,17.4607096]},"properties":{"id":"4018781","nombre":"CENTRO DE SALUD CON 3 NUCLEO BASICOS VILLA TAPIJULAPA","categoria":"salud","categorias":["salud"],"clase_actividad":"Clínicas de consultorios médicos del sector público","direccion":"CALLE CUAUHTEMOC, CENTRO, CP 86890, TAPIJULAPA , Tacotalpa, TABASCO","telefono":"","correo":"","sitio_web":"","fuente":"DENUE, INEGI"}},{"type":"Feature","id":"4021599","geometry":{"type":"Point","coordinates":[-92.13854865,18.09079909]},"properties":{"id":"4021599","nombre":"MUSEO ARQUEOLOGICO OMAR HUERTA ESCALANTE","categoria":"atractivos","categorias":["atractivos"],"clase_actividad":"Museos del sector público","direccion":"CALLE MIGUEL HIDALGO Y COSTILLA 412, CENTRO, CP 86781, JONUTA , Jonuta, TABASCO","telefono":"","correo":"","sitio_web":"","fuente":"DENUE, INEGI"}},{"type":"Feature","id":"4021859","geometry":{"type":"Point","coordinates":[-92.13426042,18.08818831]},"properties":{"id":"4021859","nombre":"ABARROTES EL CABALLERO","categoria":"abasto","categorias":["abasto"],"clase_actividad":"Comercio al por menor en tiendas de abarrotes, ultramarinos y misceláneas","direccion":"CALLE MIGUEL HIDALGO Y COSTILLA 1, CENTRO, CP 86781, JONUTA , Jonuta, TABASCO","telefono":"9131175503","correo":"","sitio_web":"","fuente":"DENUE, INEGI"}},{"type":"Feature","id":"4025005","geometry":{"type":"Point","coordinates":[-93.22001452,18.26625795]},"properties":{"id":"4025005","nombre":"DIESEL Y PARTES DE TABASCO","categoria":"combustible","categorias":["combustible"],"clase_actividad":"Reparación del sistema eléctrico de automóviles y camiones","direccion":"CALLE MARTINICA, SANTO DOMINGO, CP 86300, COMALCALCO , Comalcalco, TABASCO","telefono":"","correo":"PEREGRINOSCONTADORES@HOTMAIL.COM","sitio_web":"","fuente":"DENUE, INEGI"}},{"type":"Feature","id":"4025446","geometry":{"type":"Point","coordinates":[-93.06393657,18.17614381]},"properties":{"id":"4025446","nombre":"BANAMEX JALPA DE MENDEZ","categoria":"servicios_financieros","categorias":["servicios_financieros"],"clase_actividad":"Banca múltiple","direccion":"CALLE PLAZA HIDALGO 58, SANTA ANA, CP 86200, JALPA DE MÉNDEZ , Jalpa de Méndez, TABASCO","telefono":"","correo":"","sitio_web":"BANAMEX.COM","fuente":"DENUE, INEGI"}},{"type":"Feature","id":"403893","geometry":{"type":"Point","coordinates":[-92.09524389,16.91103739]},"properties":{"id":"403893","nombre":"BANCO COMPARTAMOS OCOSINGO","categoria":"servicios_financieros","categorias":["servicios_financieros"],"clase_actividad":"Banca múltiple","direccion":"CALLE PRIMERA ORIENTE NORTE, OCOSINGO CENTRO, CP 29950, OCOSINGO , Ocosingo, CHIAPAS","telefono":"","correo":"","sitio_web":"","fuente":"DENUE, INEGI"}},{"type":"Feature","id":"4494493","geometry":{"type":"Point","coordinates":[-88.20094673,20.68798124]},"properties":{"id":"4494493","nombre":"BANCO COMPARTAMOS VALLADOLID","categoria":"servicios_financieros","categorias":["servicios_financieros"],"clase_actividad":"Banca múltiple","direccion":"CALLE 40 207, CENTRO, CP 97780, VALLADOLID , Valladolid, YUCATÁN","telefono":"9858560951","correo":"VALLADOLID@COMPARTAMOS.COM","sitio_web":"COMPARTAMOS.COM.MX","fuente":"DENUE, INEGI"}},{"type":"Feature","id":"4495497","geometry":{"type":"Point","coordinates":[-88.1971759,20.68477886]},"properties":{"id":"4495497","nombre":"VENTA DE MADERAS","categoria":"combustible","categorias":["combustible"],"clase_actividad":"Comercio al por menor de otros combustibles","direccion":"CALLE 34 210, SAN JUAN, CP 97780, VALLADOLID , Valladolid, YUCATÁN","telefono":"","correo":"","sitio_web":"","fuente":"DENUE, INEGI"}},{"type":"Feature","id":"4498132","geometry":{"type":"Point","coordinates":[-88.19993799,20.68961676]},"properties":{"id":"4498132","nombre":"MUSEO SAN ROQUE","categoria":"atractivos","categorias":["atractivos"],"clase_actividad":"Museos del sector público","direccion":"CALLE 41, CENTRO, CP 97780, VALLADOLID , Valladolid, YUCATÁN","telefono":"","correo":"","sitio_web":"","fuente":"DENUE, INEGI"}},{"type":"Feature","id":"4498173","geometry":{"type":"Point","coordinates":[-88.20096802,20.68908751]},"properties":{"id":"4498173","nombre":"CASA DE LOS VENADOS","categoria":"atractivos","categorias":["atractivos"],"clase_actividad":"Museos del sector privado","direccion":"CALLE 40 204, CENTRO, CP 97780, VALLADOLID , Valladolid, YUCATÁN","telefono":"","correo":"","sitio_web":"","fuente":"DENUE, INEGI"}},{"type":"Feature","id":"4498177","geometry":{"type":"Point","coordinates":[-88.20103885,20.68928617]},"properties":{"id":"4498177","nombre":"LA CONDEZA COCINA BAR","categoria":"alimentos","categorias":["alimentos"],"clase_actividad":"Restaurantes que preparan otro tipo de alimentos para llevar","direccion":"CALLE 40, CENTRO, CP 97780, VALLADOLID , Valladolid, YUCATÁN","telefono":"","correo":"GERENCIA@CONDESACOCINABAR.COM","sitio_web":"WWW.CONDESACOCINABAR.COM","fuente":"DENUE, INEGI"}},{"type":"Feature","id":"4499188","geometry":{"type":"Point","coordinates":[-88.82253641,20.54814753]},"properties":{"id":"4499188","nombre":"TIENDA RUBY","categoria":"abasto","categorias":["abasto"],"clase_actividad":"Comercio al por menor en tiendas de abarrotes, ultramarinos y misceláneas","direccion":"CALLE 21, SAN JOSÉ, CP 97920, YAXCABÁ , Yaxcabá, YUCATÁN","telefono":"","correo":"","sitio_web":"","fuente":"DENUE, INEGI"}},{"type":"Feature","id":"4499189","geometry":{"type":"Point","coordinates":[-88.82265678,20.54731685]},"properties":{"id":"4499189","nombre":"PASTELERIA SIN NOMBRE","categoria":"alimentos","categorias":["alimentos"],"clase_actividad":"Comercio al por menor de otros alimentos","direccion":"CALLE 25, SAN JOSÉ, CP 97920, YAXCABÁ , Yaxcabá, YUCATÁN","telefono":"","correo":"","sitio_web":"","fuente":"DENUE, INEGI"}},{"type":"Feature","id":"4499300","geometry":{"type":"Point","coordinates":[-88.2052471,20.69076452]},"properties":{"id":"4499300","nombre":"TERMINAL VALLADOLID ADO","categoria":"transporte","categorias":["transporte"],"clase_actividad":"Transporte colectivo foráneo de pasajeros de ruta fija","direccion":"CALLE 39 221, CENTRO, VALLADOLID , Valladolid, YUCATÁN","telefono":"","correo":"","sitio_web":"","fuente":"DENUE, INEGI"}},{"type":"Feature","id":"4499341","geometry":{"type":"Point","coordinates":[-88.81863239,20.54703542]},"properties":{"id":"4499341","nombre":"CENTRO DE ATENCION MULTIPLE YAXCABA","categoria":"salud","categorias":["salud"],"clase_actividad":"Consultorios del sector público de audiología y de terapia ocupacional, física y del lenguaje","direccion":"CALLE 25, SAN JOSÉ, CP 97920, YAXCABÁ , Yaxcabá, YUCATÁN","telefono":"9991060661","correo":"YAXCABA.CAM@OUTLOOK.COM","sitio_web":"","fuente":"DENUE, INEGI"}},{"type":"Feature","id":"4499343","geometry":{"type":"Point","coordinates":[-88.81941862,20.54710492]},"properties":{"id":"4499343","nombre":"TENDEJON ERNESTINA","categoria":"abasto","categorias":["abasto"],"clase_actividad":"Comercio al por menor en tiendas de abarrotes, ultramarinos y misceláneas","direccion":"CALLE 25, SAN JOSÉ, CP 97920, YAXCABÁ , Yaxcabá, YUCATÁN","telefono":"","correo":"","sitio_web":"","fuente":"DENUE, INEGI"}},{"type":"Feature","id":"4500831","geometry":{"type":"Point","coordinates":[-88.19854811,20.69193476]},"properties":{"id":"4500831","nombre":"TERMINAL ADO","categoria":"transporte","categorias":["transporte"],"clase_actividad":"Transporte colectivo foráneo de pasajeros de ruta fija","direccion":"CALLE 37 187, SAN CARLOS, VALLADOLID , Valladolid, YUCATÁN","telefono":"","correo":"","sitio_web":"","fuente":"DENUE, INEGI"}},{"type":"Feature","id":"4501021","geometry":{"type":"Point","coordinates":[-88.09939712,20.62149507]},"properties":{"id":"4501021","nombre":"TIENDA LA ESCONDIDA","categoria":"abasto","categorias":["abasto"],"clase_actividad":"Comercio al por menor en tiendas de abarrotes, ultramarinos y misceláneas","direccion":"CALLE NINGUNO, KANXOC, CP 97785, KANXOC , Valladolid, YUCATÁN","telefono":"","correo":"","sitio_web":"","fuente":"DENUE, INEGI"}},{"type":"Feature","id":"4501050","geometry":{"type":"Point","coordinates":[-88.09823446,20.61696809]},"properties":{"id":"4501050","nombre":"UNIDAD MEDICA RURAL NUMERO 9 KANXOC","categoria":"salud","categorias":["salud"],"clase_actividad":"Hospitales generales del sector público","direccion":"CALLE 21, KANXOC, CP 97785, KANXOC , Valladolid, YUCATÁN","telefono":"","correo":"","sitio_web":"","fuente":"DENUE, INEGI"}},{"type":"Feature","id":"4510856","geometry":{"type":"Point","coordinates":[-89.99702905,20.58423209]},"properties":{"id":"4510856","nombre":"IMSS INSTITUTO MEXICANO DEL SEGURO SOCIAL","categoria":"salud","categorias":["salud"],"clase_actividad":"Hospitales generales del sector público","direccion":"CALLE 16, CENTRO, CP 97800, MAXCANÚ , Maxcanú, YUCATÁN","telefono":"","correo":"","sitio_web":"","fuente":"DENUE, INEGI"}},{"type":"Feature","id":"4511030","geometry":{"type":"Point","coordinates":[-89.99612356,20.58396123]},"properties":{"id":"4511030","nombre":"PELUQUERIA SIN NOMBRE","categoria":"salud","categorias":["salud"],"clase_actividad":"Salones y clínicas de belleza y peluquerías","direccion":"CALLE 21, CENTRO, CP 97800, MAXCANÚ , Maxcanú, YUCATÁN","telefono":"","correo":"","sitio_web":"","fuente":"DENUE, INEGI"}},{"type":"Feature","id":"4511582","geometry":{"type":"Point","coordinates":[-89.99265042,20.59015495]},"properties":{"id":"4511582","nombre":"UNIDAD BASICA DE REHABILITACION","categoria":"salud","categorias":["salud"],"clase_actividad":"Consultorios del sector público de audiología y de terapia ocupacional, física y del lenguaje","direccion":"CALLE 17, BELEM, CP 97800, MAXCANÚ , Maxcanú, YUCATÁN","telefono":"","correo":"","sitio_web":"","fuente":"DENUE, INEGI"}},{"type":"Feature","id":"4511584","geometry":{"type":"Point","coordinates":[-89.99099654,20.59131581]},"properties":{"id":"4511584","nombre":"BASE DE OPERACIONES MAXCANU","categoria":"transporte","categorias":["transporte"],"clase_actividad":"Transporte colectivo foráneo de pasajeros de ruta fija","direccion":"CALLE 17 554, MAXCANU, CP 97800, MAXCANÚ , Maxcanú, YUCATÁN","telefono":"","correo":"INFORMATION@MOBILITYADO.COM","sitio_web":"","fuente":"DENUE, INEGI"}},{"type":"Feature","id":"4511608","geometry":{"type":"Point","coordinates":[-90.00015039,20.5857897]},"properties":{"id":"4511608","nombre":"POSADA SAN VALENTIN","categoria":"alojamiento","categorias":["alojamiento"],"clase_actividad":"Pensiones y casas de huéspedes","direccion":"CALLE 18 A, CENTRO, CP 97800, MAXCANÚ , Maxcanú, YUCATÁN","telefono":"","correo":"","sitio_web":"","fuente":"DENUE, INEGI"}},{"type":"Feature","id":"4511611","geometry":{"type":"Point","coordinates":[-89.99450853,20.58462889]},"properties":{"id":"4511611","nombre":"PESCADERIA SOLDADO DE DIOS","categoria":"alimentos","categorias":["alimentos"],"clase_actividad":"Restaurantes con servicio de preparación de pescados y mariscos","direccion":"CALLE 19, MONTY, CP 97800, MAXCANÚ , Maxcanú, YUCATÁN","telefono":"","correo":"","sitio_web":"","fuente":"DENUE, INEGI"}},{"type":"Feature","id":"4511615","geometry":{"type":"Point","coordinates":[-89.99520653,20.58832269]},"properties":{"id":"4511615","nombre":"TIENDA IRENE","categoria":"abasto","categorias":["abasto"],"clase_actividad":"Comercio al por menor de bebidas no alcohólicas y hielo","direccion":"CALLE 14 80, MAXCANU, CP 97800, MAXCANÚ , Maxcanú, YUCATÁN","telefono":"","correo":"","sitio_web":"","fuente":"DENUE, INEGI"}},{"type":"Feature","id":"4511616","geometry":{"type":"Point","coordinates":[-89.99406355,20.58905677]},"properties":{"id":"4511616","nombre":"ESTETICA GRISEL","categoria":"salud","categorias":["salud"],"clase_actividad":"Salones y clínicas de belleza y peluquerías","direccion":"CALLE 17 78, MAXCANU, CP 97800, MAXCANÚ , Maxcanú, YUCATÁN","telefono":"","correo":"","sitio_web":"","fuente":"DENUE, INEGI"}},{"type":"Feature","id":"4512520","geometry":{"type":"Point","coordinates":[-90.00035906,20.58556607]},"properties":{"id":"4512520","nombre":"ESTACIONAMIENTO DE MOTOS SIN NOMBRE","categoria":"alojamiento","categorias":["alojamiento"],"clase_actividad":"Estacionamientos y pensiones para vehículos automotores","direccion":"CALLE 17, CENTRO, CP 97800, MAXCANÚ , Maxcanú, YUCATÁN","telefono":"","correo":"","sitio_web":"","fuente":"DENUE, INEGI"}},{"type":"Feature","id":"4514758","geometry":{"type":"Point","coordinates":[-89.61483228,20.96306373]},"properties":{"id":"4514758","nombre":"TALLER DE REPARACION DE MOTORES A GASOLINA","categoria":"combustible","categorias":["combustible"],"clase_actividad":"Reparación y mantenimiento de maquinaria y equipo industrial","direccion":"CALLE 46 517, CENTRO, CP 97000, MÉRIDA , Mérida, YUCATÁN","telefono":"9991079101","correo":"","sitio_web":"","fuente":"DENUE, INEGI"}},{"type":"Feature","id":"4515754","geometry":{"type":"Point","coordinates":[-89.6403984,20.32753918]},"properties":{"id":"4515754","nombre":"CHAPOTEADERO SIN NOMBRE","categoria":"atractivos","categorias":["atractivos"],"clase_actividad":"Parques acuáticos y balnearios del sector privado","direccion":"CALLE 16, CENTRO, CP 97890, SANTA ELENA , Santa Elena, YUCATÁN","telefono":"","correo":"","sitio_web":"","fuente":"DENUE, INEGI"}},{"type":"Feature","id":"4515757","geometry":{"type":"Point","coordinates":[-89.64177798,20.32822267]},"properties":{"id":"4515757","nombre":"MUSEO DE LAS MOMIAS DE SANTA ELENA","categoria":"atractivos","categorias":["atractivos"],"clase_actividad":"Museos del sector público","direccion":"CALLE NINGUNO, CENTRO, CP 97890, SANTA ELENA , Santa Elena, YUCATÁN","telefono":"","correo":"","sitio_web":"","fuente":"DENUE, INEGI"}},{"type":"Feature","id":"4515766","geometry":{"type":"Point","coordinates":[-89.64306336,20.32904112]},"properties":{"id":"4515766","nombre":"OFICINA DE SERVICIO DE TRANSPORTE","categoria":"transporte","categorias":["transporte"],"clase_actividad":"Regulación y fomento del desarrollo económico","direccion":"CALLE 20, CENTRO, CP 97890, SANTA ELENA , Santa Elena, YUCATÁN","telefono":"","correo":"","sitio_web":"","fuente":"DENUE, INEGI"}},{"type":"Feature","id":"4515785","geometry":{"type":"Point","coordinates":[-89.64354235,20.32697843]},"properties":{"id":"4515785","nombre":"CONSULTORIO MEDICO","categoria":"salud","categorias":["salud"],"clase_actividad":"Consultorios de medicina general del sector privado","direccion":"CALLE 23, SANTA BÁRBARA, CP 97890, SANTA ELENA , Santa Elena, YUCATÁN","telefono":"","correo":"SANSORESMIANLUIS@HOTMAIL.COM","sitio_web":"","fuente":"DENUE, INEGI"}},{"type":"Feature","id":"4515786","geometry":{"type":"Point","coordinates":[-89.64360049,20.3269172]},"properties":{"id":"4515786","nombre":"FARMACIA Y NOVEDADES MIRNA","categoria":"salud","categorias":["salud"],"clase_actividad":"Farmacias con minisúper","direccion":"CALLE 20, SANTA BÁRBARA, CP 97890, SANTA ELENA , Santa Elena, YUCATÁN","telefono":"","correo":"","sitio_web":"","fuente":"DENUE, INEGI"}},{"type":"Feature","id":"4515792","geometry":{"type":"Point","coordinates":[-89.64343443,20.32729599]},"properties":{"id":"4515792","nombre":"MATERIALES LA TERMINAL","categoria":"transporte","categorias":["transporte"],"clase_actividad":"Comercio al por menor en ferreterías y tlapalerías","direccion":"CALLE 20, CENTRO, CP 97890, SANTA ELENA , Santa Elena, YUCATÁN","telefono":"9971459930","correo":"FERROMATERIALESLATERMINAL@HOTMAIL.COM","sitio_web":"","fuente":"DENUE, INEGI"}},{"type":"Feature","id":"4515821","geometry":{"type":"Point","coordinates":[-89.6506726,20.32748089]},"properties":{"id":"4515821","nombre":"EXPENDIO DE ACEITES EL CARMIN","categoria":"combustible","categorias":["combustible"],"clase_actividad":"Comercio al por menor de gasolina y diesel","direccion":"CARRETERA CAMPECHE UMAN, SAN JUAN, CP 97890, SANTA ELENA , Santa Elena, YUCATÁN","telefono":"","correo":"","sitio_web":"","fuente":"DENUE, INEGI"}},{"type":"Feature","id":"4515831","geometry":{"type":"Point","coordinates":[-89.64330943,20.32065996]},"properties":{"id":"4515831","nombre":"RESTAURANTE Y HOTEL THE PICKLED ONION","categoria":"alimentos","categorias":["alimentos","alojamiento"],"clase_actividad":"Restaurantes con servicio de preparación de alimentos a la carta o de comida corrida","direccion":"CALLE 18, SAN MARCOS, CP 97890, SANTA ELENA , Santa Elena, YUCATÁN","telefono":"9971117922","correo":"THEPICLEDONION@GMAIL.COM","sitio_web":"WWW.THEPIKLEDONIONYUCATAN.COM","fuente":"DENUE, INEGI"}},{"type":"Feature","id":"4515838","geometry":{"type":"Point","coordinates":[-89.64399081,20.32410062]},"properties":{"id":"4515838","nombre":"TIENDA Y PAPELERIA EL ROBLE","categoria":"abasto","categorias":["abasto"],"clase_actividad":"Comercio al por menor de artículos de papelería","direccion":"CALLE 20, SAN MARCOS, CP 97890, SANTA ELENA , Santa Elena, YUCATÁN","telefono":"9971074469","correo":"","sitio_web":"","fuente":"DENUE, INEGI"}},{"type":"Feature","id":"4515845","geometry":{"type":"Point","coordinates":[-89.64365029,20.32222075]},"properties":{"id":"4515845","nombre":"RESTAURANTE EL CHACMOL","categoria":"alimentos","categorias":["alimentos"],"clase_actividad":"Restaurantes con servicio de preparación de alimentos a la carta o de comida corrida","direccion":"CARRETERA CAMPECHE UMAN, SAN MARCOS, CP 97890, SANTA ELENA , Santa Elena, YUCATÁN","telefono":"9991507561","correo":"","sitio_web":"","fuente":"DENUE, INEGI"}},{"type":"Feature","id":"4526152","geometry":{"type":"Point","coordinates":[-90.39700427,20.86675079]},"properties":{"id":"4526152","nombre":"RESTAURANT BAR EL POSEIDON","categoria":"alimentos","categorias":["alimentos"],"clase_actividad":"Restaurantes con servicio de preparación de alimentos a la carta o de comida corrida","direccion":"CALLE 12, BENITO JUÁREZ, CP 97367, CELESTÚN , Celestún, YUCATÁN","telefono":"","correo":"","sitio_web":"","fuente":"DENUE, INEGI"}},{"type":"Feature","id":"4526154","geometry":{"type":"Point","coordinates":[-90.39489431,20.86652796]},"properties":{"id":"4526154","nombre":"CAFETERIA COBAY","categoria":"alimentos","categorias":["alimentos"],"clase_actividad":"Cafeterías, fuentes de sodas, neverías, refresquerías y similares","direccion":"CALLE 3 B, BENITO JUÁREZ, CP 97367, CELESTÚN , Celestún, YUCATÁN","telefono":"","correo":"","sitio_web":"","fuente":"DENUE, INEGI"}},{"type":"Feature","id":"4526172","geometry":{"type":"Point","coordinates":[-90.39724147,20.86207988]},"properties":{"id":"4526172","nombre":"VENTA DE LEÑA SIN NOMBRE","categoria":"combustible","categorias":["combustible"],"clase_actividad":"Comercio al por menor de otros combustibles","direccion":"CALLE 7, HOBONCHÉ, CP 97367, CELESTÚN , Celestún, YUCATÁN","telefono":"","correo":"","sitio_web":"","fuente":"DENUE, INEGI"}},{"type":"Feature","id":"4526362","geometry":{"type":"Point","coordinates":[-90.39338872,20.86701236]},"properties":{"id":"4526362","nombre":"COCINA ECONOMICA LAGUNA CELESTUN","categoria":"abasto","categorias":["abasto"],"clase_actividad":"Comercio al por menor en tiendas de abarrotes, ultramarinos y misceláneas","direccion":"CALLE 4, BENITO JUÁREZ, CP 97367, CELESTÚN , Celestún, YUCATÁN","telefono":"","correo":"","sitio_web":"","fuente":"DENUE, INEGI"}},{"type":"Feature","id":"4540892","geometry":{"type":"Point","coordinates":[-88.82828933,20.55195792]},"properties":{"id":"4540892","nombre":"VENTA DE GASOLINA SIN NOMBRE","categoria":"combustible","categorias":["combustible"],"clase_actividad":"Comercio al por menor de gasolina y diesel","direccion":"CALLE 24, SAN PEDRO, CP 97920, YAXCABÁ , Yaxcabá, YUCATÁN","telefono":"9851025904","correo":"ALBADIAZCOX@GMAIL.COM","sitio_web":"","fuente":"DENUE, INEGI"}},{"type":"Feature","id":"4541189","geometry":{"type":"Point","coordinates":[-88.82080007,20.54721747]},"properties":{"id":"4541189","nombre":"VENTA DE RASPADOS SIN NOMBRE","categoria":"alimentos","categorias":["alimentos"],"clase_actividad":"Servicios de preparación de otros alimentos para consumo inmediato","direccion":"CALLE 25, SAN JOSÉ, CP 97920, YAXCABÁ , Yaxcabá, YUCATÁN","telefono":"","correo":"","sitio_web":"","fuente":"DENUE, INEGI"}},{"type":"Feature","id":"4543078","geometry":{"type":"Point","coordinates":[-88.20262702,20.69332052]},"properties":{"id":"4543078","nombre":"CENTRO CULTURAL LA AURORA","categoria":"atractivos","categorias":["atractivos"],"clase_actividad":"Promotores del sector público de espectáculos artísticos, culturales, deportivos y similares que cuentan con instalaciones para presentarlos","direccion":"CALLE 42, CANDELARIA, CP 97780, VALLADOLID , Valladolid, YUCATÁN","telefono":"9858588494","correo":"","sitio_web":"","fuente":"DENUE, INEGI"}},{"type":"Feature","id":"4543132","geometry":{"type":"Point","coordinates":[-88.20048432,20.68844485]},"properties":{"id":"4543132","nombre":"EXPENDIO BIMBO","categoria":"abasto","categorias":["abasto"],"clase_actividad":"Comercio al por menor en tiendas de abarrotes, ultramarinos y misceláneas","direccion":"CALLE 43, CENTRO, CP 97780, VALLADOLID , Valladolid, YUCATÁN","telefono":"","correo":"","sitio_web":"","fuente":"DENUE, INEGI"}},{"type":"Feature","id":"4543271","geometry":{"type":"Point","coordinates":[-88.2010749,20.69032332]},"properties":{"id":"4543271","nombre":"BBVA BANCOMER VALLADOLID CENTRO","categoria":"servicios_financieros","categorias":["servicios_financieros"],"clase_actividad":"Banca múltiple","direccion":"CALLE 40 196, CENTRO, CP 97780, VALLADOLID , Valladolid, YUCATÁN","telefono":"","correo":"","sitio_web":"","fuente":"DENUE, INEGI"}},{"type":"Feature","id":"4543298","geometry":{"type":"Point","coordinates":[-88.19925679,20.68955514]},"properties":{"id":"4543298","nombre":"CONSULTORIO MEDICO FC-1440 VALLADOLID","categoria":"salud","categorias":["salud"],"clase_actividad":"Consultorios de medicina general del sector privado","direccion":"CALLE 41 196, SANTA ANA, CP 97780, VALLADOLID , Valladolid, YUCATÁN","telefono":"","correo":"","sitio_web":"","fuente":"DENUE, INEGI"}},{"type":"Feature","id":"4552667","geometry":{"type":"Point","coordinates":[-89.62120409,20.96439203]},"properties":{"id":"4552667","nombre":"MUSEO DE LA CIUDAD DE MERIDA","categoria":"atractivos","categorias":["atractivos"],"clase_actividad":"Museos del sector público","direccion":"CALLE 56 529, CENTRO, CP 97000, MÉRIDA , Mérida, YUCATÁN","telefono":"9999244273","correo":"","sitio_web":"","fuente":"DENUE, INEGI"}},{"type":"Feature","id":"4555576","geometry":{"type":"Point","coordinates":[-89.62392,20.96647999]},"properties":{"id":"4555576","nombre":"CONSULTORIO MEDICO FUNDACION BEST","categoria":"salud","categorias":["salud"],"clase_actividad":"Consultorios de medicina general del sector privado","direccion":"CALLE 63 504, CENTRO, CP 97000, MÉRIDA , Mérida, YUCATÁN","telefono":"","correo":"","sitio_web":"","fuente":"DENUE, INEGI"}},{"type":"Feature","id":"4556142","geometry":{"type":"Point","coordinates":[-89.38461017,20.38690445]},"properties":{"id":"4556142","nombre":"ELABORACION DE JUGOS NATURALES TUZ","categoria":"alimentos","categorias":["alimentos"],"clase_actividad":"Cafeterías, fuentes de sodas, neverías, refresquerías y similares","direccion":"CALLE 23, CANDELARIA, CP 97850, MANÍ , Maní, YUCATÁN","telefono":"9971233399","correo":"","sitio_web":"","fuente":"DENUE, INEGI"}},{"type":"Feature","id":"4556147","geometry":{"type":"Point","coordinates":[-89.38364524,20.38599626]},"properties":{"id":"4556147","nombre":"TIENDA DE ABARROTES SIN NOMBRE","categoria":"abasto","categorias":["abasto"],"clase_actividad":"Comercio al por menor en tiendas de abarrotes, ultramarinos y misceláneas","direccion":"CALLE 16, CANDELARIA, CP 97850, MANÍ , Maní, YUCATÁN","telefono":"","correo":"","sitio_web":"","fuente":"DENUE, INEGI"}},{"type":"Feature","id":"4556220","geometry":{"type":"Point","coordinates":[-89.33654534,20.54150458]},"properties":{"id":"4556220","nombre":"TENDEJON ADONAY","categoria":"abasto","categorias":["abasto"],"clase_actividad":"Comercio al por menor en tiendas de abarrotes, ultramarinos y misceláneas","direccion":"CALLE 28, SAN MARTIN, CP 97680, TEKIT , Tekit, YUCATÁN","telefono":"9971028719","correo":"","sitio_web":"","fuente":"DENUE, INEGI"}},{"type":"Feature","id":"4556228","geometry":{"type":"Point","coordinates":[-89.3367303,20.54177655]},"properties":{"id":"4556228","nombre":"PANADERIA EL YUCA","categoria":"alimentos","categorias":["alimentos"],"clase_actividad":"Panificación tradicional","direccion":"CALLE 28, SAN MARTIN, CP 97680, TEKIT , Tekit, YUCATÁN","telefono":"4159177321","correo":"","sitio_web":"","fuente":"DENUE, INEGI"}},{"type":"Feature","id":"4556389","geometry":{"type":"Point","coordinates":[-89.33574247,20.53624548]},"properties":{"id":"4556389","nombre":"EL PASO","categoria":"combustible","categorias":["combustible"],"clase_actividad":"Comercio al por menor de gasolina y diesel","direccion":"CALLE 32, SAN MARTIN, CP 97680, TEKIT , Tekit, YUCATÁN","telefono":"","correo":"ELENAXOOL9@GMAIL.COM","sitio_web":"","fuente":"DENUE, INEGI"}},{"type":"Feature","id":"4557862","geometry":{"type":"Point","coordinates":[-89.63891974,20.32898514]},"properties":{"id":"4557862","nombre":"VENTA DE LEÑA SIN NOMBRE","categoria":"combustible","categorias":["combustible"],"clase_actividad":"Comercio al por menor de otros combustibles","direccion":"CALLE 19 DIAGONAL, SAN JOAQUÍN, CP 97890, SANTA ELENA , Santa Elena, YUCATÁN","telefono":"","correo":"","sitio_web":"","fuente":"DENUE, INEGI"}},{"type":"Feature","id":"4557876","geometry":{"type":"Point","coordinates":[-89.64899184,20.33280154]},"properties":{"id":"4557876","nombre":"RENTADORA DE LOCAL GALMA","categoria":"atractivos","categorias":["atractivos"],"clase_actividad":"Parques acuáticos y balnearios del sector privado","direccion":"CALLE 15, SAN ROQUE, CP 97890, SANTA ELENA , Santa Elena, YUCATÁN","telefono":"","correo":"","sitio_web":"","fuente":"DENUE, INEGI"}},{"type":"Feature","id":"4557915","geometry":{"type":"Point","coordinates":[-89.64878239,20.32855576]},"properties":{"id":"4557915","nombre":"ESTETICA RUBIA","categoria":"salud","categorias":["salud"],"clase_actividad":"Salones y clínicas de belleza y peluquerías","direccion":"CALLE 21, SAN ROQUE, CP 97890, SANTA ELENA , Santa Elena, YUCATÁN","telefono":"9971274480","correo":"","sitio_web":"","fuente":"DENUE, INEGI"}},{"type":"Feature","id":"4557943","geometry":{"type":"Point","coordinates":[-89.64372532,20.3265995]},"properties":{"id":"4557943","nombre":"ESTETICA CORA","categoria":"salud","categorias":["salud"],"clase_actividad":"Salones y clínicas de belleza y peluquerías","direccion":"CALLE 20, SANTA BÁRBARA, CP 97890, SANTA ELENA , Santa Elena, YUCATÁN","telefono":"9971331513","correo":"","sitio_web":"","fuente":"DENUE, INEGI"}},{"type":"Feature","id":"4558273","geometry":{"type":"Point","coordinates":[-89.64613621,20.32452929]},"properties":{"id":"4558273","nombre":"TENDEJON LA GRACIA DE DIOS","categoria":"abasto","categorias":["abasto"],"clase_actividad":"Comercio al por menor en tiendas de abarrotes, ultramarinos y misceláneas","direccion":"CARRETERA CAMPECHE UMAN, Int. 0, SAN JUAN, CP 97890, SANTA ELENA , Santa Elena, YUCATÁN","telefono":"","correo":"","sitio_web":"","fuente":"DENUE, INEGI"}},{"type":"Feature","id":"4559255","geometry":{"type":"Point","coordinates":[-90.00116503,20.58387761]},"properties":{"id":"4559255","nombre":"BANCO AZTECA","categoria":"servicios_financieros","categorias":["servicios_financieros"],"clase_actividad":"Banca múltiple","direccion":"CALLE 21, CENTRO, CP 97800, MAXCANÚ , Maxcanú, YUCATÁN","telefono":"9979712156","correo":"","sitio_web":"","fuente":"DENUE, INEGI"}},{"type":"Feature","id":"4559415","geometry":{"type":"Point","coordinates":[-90.01207271,20.59195025]},"properties":{"id":"4559415","nombre":"VENTA DE LEÑA SIN NOMBRE","categoria":"combustible","categorias":["combustible"],"clase_actividad":"Comercio al por menor de otros combustibles","direccion":"CALLE 13, Int. 144, SAN PERIQUITO, CP 97800, MAXCANÚ , Maxcanú, YUCATÁN","telefono":"","correo":"","sitio_web":"","fuente":"DENUE, INEGI"}},{"type":"Feature","id":"4563370","geometry":{"type":"Point","coordinates":[-89.2848235,20.40212733]},"properties":{"id":"4563370","nombre":"LINEAS UNIDAS DEL SUR","categoria":"transporte","categorias":["transporte"],"clase_actividad":"Transporte colectivo foráneo de pasajeros de ruta fija","direccion":"CALLE 32 181, TEABO, CP 97910, TEABO , Teabo, YUCATÁN","telefono":"9991273539","correo":"LUS23@PRODIGY.NE.MX","sitio_web":"","fuente":"DENUE, INEGI"}},{"type":"Feature","id":"4563637","geometry":{"type":"Point","coordinates":[-89.28331751,20.40483024]},"properties":{"id":"4563637","nombre":"COCINA ECONOMICA ANGELES","categoria":"alimentos","categorias":["alimentos"],"clase_actividad":"Restaurantes que preparan otro tipo de alimentos para llevar","direccion":"CALLE 25 171, TEABO, CP 97910, TEABO , Teabo, YUCATÁN","telefono":"9971150068","correo":"","sitio_web":"","fuente":"DENUE, INEGI"}},{"type":"Feature","id":"4569560","geometry":{"type":"Point","coordinates":[-89.33528881,20.53796081]},"properties":{"id":"4569560","nombre":"UNIDAD BASICA DE REHABILITACION","categoria":"salud","categorias":["salud"],"clase_actividad":"Consultorios del sector público de audiología y de terapia ocupacional, física y del lenguaje","direccion":"CALLE 30, SAN MARTIN, CP 97680, TEKIT , Tekit, YUCATÁN","telefono":"9971052223","correo":"UBR.TEKIT.TR@GMAIL.COM","sitio_web":"","fuente":"DENUE, INEGI"}},{"type":"Feature","id":"4569789","geometry":{"type":"Point","coordinates":[-89.33919289,20.53441251]},"properties":{"id":"4569789","nombre":"VENTA DE COMIDA PARA LLEVAR Y BALNEARIO LOS ARCOS DE PIÑA","categoria":"atractivos","categorias":["atractivos"],"clase_actividad":"Restaurantes que preparan otro tipo de alimentos para llevar","direccion":"CALLE 36, SAN JUAN, CP 97680, TEKIT , Tekit, YUCATÁN","telefono":"9971131526","correo":"","sitio_web":"","fuente":"DENUE, INEGI"}},{"type":"Feature","id":"4570583","geometry":{"type":"Point","coordinates":[-89.32688408,20.53170346]},"properties":{"id":"4570583","nombre":"BALNEARIO LUZ MARIA","categoria":"atractivos","categorias":["atractivos"],"clase_actividad":"Parques acuáticos y balnearios del sector privado","direccion":"CALLE 29, SAN CRISTOBAL, CP 97680, TEKIT , Tekit, YUCATÁN","telefono":"9979738152","correo":"","sitio_web":"","fuente":"DENUE, INEGI"}},{"type":"Feature","id":"4570896","geometry":{"type":"Point","coordinates":[-89.39225129,20.3865583]},"properties":{"id":"4570896","nombre":"HOSPEDAJE Y BORDADOS MARI","categoria":"alojamiento","categorias":["alojamiento"],"clase_actividad":"Confección, bordado y deshilado de productos textiles","direccion":"CALLE 26, CENTRO, CP 97850, MANÍ , Maní, YUCATÁN","telefono":"9971085043","correo":"","sitio_web":"","fuente":"DENUE, INEGI"}},{"type":"Feature","id":"4571112","geometry":{"type":"Point","coordinates":[-89.38714282,20.38672467]},"properties":{"id":"4571112","nombre":"ESTETICA SIN NOMBRE","categoria":"salud","categorias":["salud"],"clase_actividad":"Salones y clínicas de belleza y peluquerías","direccion":"CALLE 20, CANDELARIA, CP 97850, MANÍ , Maní, YUCATÁN","telefono":"9971211800","correo":"","sitio_web":"","fuente":"DENUE, INEGI"}},{"type":"Feature","id":"4571764","geometry":{"type":"Point","coordinates":[-89.28033048,20.40731966]},"properties":{"id":"4571764","nombre":"SANACIONES MEDICAS","categoria":"salud","categorias":["salud"],"clase_actividad":"Consultorios de medicina general del sector privado","direccion":"CALLE 21 199, TEABO, CP 97910, TEABO , Teabo, YUCATÁN","telefono":"9991718720","correo":"","sitio_web":"","fuente":"DENUE, INEGI"}},{"type":"Feature","id":"4571793","geometry":{"type":"Point","coordinates":[-89.28499398,20.40864429]},"properties":{"id":"4571793","nombre":"COPERATIVA SIN NOMBRE","categoria":"alimentos","categorias":["alimentos"],"clase_actividad":"Cafeterías, fuentes de sodas, neverías, refresquerías y similares","direccion":"CALLE 23, TEABO, CP 97910, TEABO , Teabo, YUCATÁN","telefono":"","correo":"","sitio_web":"","fuente":"DENUE, INEGI"}},{"type":"Feature","id":"4571818","geometry":{"type":"Point","coordinates":[-89.28396653,20.40693003]},"properties":{"id":"4571818","nombre":"TENDEJON LA PLACITA","categoria":"abasto","categorias":["abasto"],"clase_actividad":"Comercio al por menor en tiendas de abarrotes, ultramarinos y misceláneas","direccion":"CALLE 23 208, TEABO, CP 97910, TEABO , Teabo, YUCATÁN","telefono":"","correo":"","sitio_web":"","fuente":"DENUE, INEGI"}},{"type":"Feature","id":"4571833","geometry":{"type":"Point","coordinates":[-89.28391423,20.40483773]},"properties":{"id":"4571833","nombre":"TIENDA DE ABARROTES LA PROSPERIDAD","categoria":"abasto","categorias":["abasto"],"clase_actividad":"Comercio al por menor en tiendas de abarrotes, ultramarinos y misceláneas","direccion":"CALLE 32 165, TEABO, CP 97910, TEABO , Teabo, YUCATÁN","telefono":"","correo":"","sitio_web":"","fuente":"DENUE, INEGI"}},{"type":"Feature","id":"4576138","geometry":{"type":"Point","coordinates":[-89.62049744,20.97538222]},"properties":{"id":"4576138","nombre":"GASOLINERA DE SANTANA","categoria":"combustible","categorias":["combustible"],"clase_actividad":"Comercio al por menor de gasolina y diesel","direccion":"CALLE 47 433, CENTRO, CP 97000, MÉRIDA , Mérida, YUCATÁN","telefono":"","correo":"VENTAS_GASOLINERA_ISELACANTO@HOTMAIL.COM","sitio_web":"","fuente":"DENUE, INEGI"}},{"type":"Feature","id":"4579333","geometry":{"type":"Point","coordinates":[-89.62427314,20.96771035]},"properties":{"id":"4579333","nombre":"CENTRO CULTURAL DE MERIDA EL OLIMPO","categoria":"atractivos","categorias":["atractivos"],"clase_actividad":"Promotores del sector público de espectáculos artísticos, culturales, deportivos y similares que cuentan con instalaciones para presentarlos","direccion":"CALLE 62, CENTRO, CP 97000, MÉRIDA , Mérida, YUCATÁN","telefono":"","correo":"","sitio_web":"WWW.MERIDA.GOB.MX","fuente":"DENUE, INEGI"}},{"type":"Feature","id":"4579336","geometry":{"type":"Point","coordinates":[-89.62442945,20.96703059]},"properties":{"id":"4579336","nombre":"CASA DE ARTESANIAS ZAC BE","categoria":"abasto","categorias":["abasto"],"clase_actividad":"Comercio al por menor en tiendas de artesanías","direccion":"CALLE 62, CENTRO, CP 97000, MÉRIDA , Mérida, YUCATÁN","telefono":"","correo":"GEOVANNY2192@GMAIL.COM","sitio_web":"","fuente":"DENUE, INEGI"}},{"type":"Feature","id":"4579338","geometry":{"type":"Point","coordinates":[-89.62446637,20.96686999]},"properties":{"id":"4579338","nombre":"LA AUTENTICA JARANA YUCATECA","categoria":"alimentos","categorias":["alimentos"],"clase_actividad":"Restaurantes con servicio de preparación de alimentos a la carta o de comida corrida","direccion":"CALLE 62 503, CENTRO, CP 97000, MÉRIDA , Mérida, YUCATÁN","telefono":"","correo":"GERENCIA@LAAUTENTICAJARANA.COM.MX","sitio_web":"","fuente":"DENUE, INEGI"}},{"type":"Feature","id":"4579410","geometry":{"type":"Point","coordinates":[-89.62496176,20.96664936]},"properties":{"id":"4579410","nombre":"ESTACIONAMIENTO PUBLICO DIAMANTE","categoria":"alojamiento","categorias":["alojamiento"],"clase_actividad":"Estacionamientos y pensiones para vehículos automotores","direccion":"CALLE 63 505, Int. 0, CENTRO, CP 97000, MÉRIDA , Mérida, YUCATÁN","telefono":"9991925669","correo":"","sitio_web":"","fuente":"DENUE, INEGI"}},{"type":"Feature","id":"4579541","geometry":{"type":"Point","coordinates":[-89.6263535,20.96539288]},"properties":{"id":"4579541","nombre":"LONCHERIA Y ABARROTES DE LA SOCIEDAD DE TRANSPORTES DE HUNUCMA","categoria":"transporte","categorias":["transporte"],"clase_actividad":"Comercio al por menor en tiendas de abarrotes, ultramarinos y misceláneas","direccion":"CALLE 64 527, CENTRO, CP 97000, MÉRIDA , Mérida, YUCATÁN","telefono":"9999703071","correo":"","sitio_web":"","fuente":"DENUE, INEGI"}},{"type":"Feature","id":"4579778","geometry":{"type":"Point","coordinates":[-89.62652062,20.96311275]},"properties":{"id":"4579778","nombre":"GASOLINERA SERVICIO LOPEZ","categoria":"combustible","categorias":["combustible"],"clase_actividad":"Comercio al por menor de gasolina y diesel","direccion":"CALLE 67 A 539, CENTRO, CP 97000, MÉRIDA , Mérida, YUCATÁN","telefono":"","correo":"SERVICIOLOPEZ5@HOTMAIL.COM","sitio_web":"","fuente":"DENUE, INEGI"}},{"type":"Feature","id":"4580442","geometry":{"type":"Point","coordinates":[-89.62374992,20.96770442]},"properties":{"id":"4580442","nombre":"RESTAURANTE NICTE HA","categoria":"alimentos","categorias":["alimentos"],"clase_actividad":"Restaurantes con servicio de preparación de alimentos a la carta o de comida corrida","direccion":"CALLE 61, CENTRO, CP 97000, MÉRIDA , Mérida, YUCATÁN","telefono":"","correo":"JOBADILLO43@HOTMAIL.COM","sitio_web":"","fuente":"DENUE, INEGI"}},{"type":"Feature","id":"4580445","geometry":{"type":"Point","coordinates":[-89.62386388,20.96772232]},"properties":{"id":"4580445","nombre":"DULCERIA Y SORBETERIA COLON","categoria":"alimentos","categorias":["alimentos"],"clase_actividad":"Cafeterías, fuentes de sodas, neverías, refresquerías y similares","direccion":"CALLE 61 500, CENTRO, CP 97000, MÉRIDA , Mérida, YUCATÁN","telefono":"9999281497","correo":"","sitio_web":"","fuente":"DENUE, INEGI"}},{"type":"Feature","id":"4583544","geometry":{"type":"Point","coordinates":[-89.62516561,20.97077619]},"properties":{"id":"4583544","nombre":"G500 ESTACIONES DE SERVICIO","categoria":"combustible","categorias":["combustible"],"clase_actividad":"Comercio al por menor de gasolina y diesel","direccion":"CALLE 64 513, CENTRO, CP 97000, MÉRIDA , Mérida, YUCATÁN","telefono":"","correo":"ESTEFANIA@GRUPOABOL.COM","sitio_web":"WWW.GRUPOABOL.COM","fuente":"DENUE, INEGI"}},{"type":"Feature","id":"4584671","geometry":{"type":"Point","coordinates":[-90.39708466,20.86535395]},"properties":{"id":"4584671","nombre":"TIENDA DE ABARROTES SAN JUDAS TADEO","categoria":"abasto","categorias":["abasto"],"clase_actividad":"Comercio al por menor en tiendas de abarrotes, ultramarinos y misceláneas","direccion":"CALLE 3, BENITO JUÁREZ, CP 97367, CELESTÚN , Celestún, YUCATÁN","telefono":"","correo":"","sitio_web":"","fuente":"DENUE, INEGI"}},{"type":"Feature","id":"4584788","geometry":{"type":"Point","coordinates":[-90.39440303,20.86475868]},"properties":{"id":"4584788","nombre":"TENDEJON SANTA CECILIA","categoria":"abasto","categorias":["abasto"],"clase_actividad":"Comercio al por menor en tiendas de abarrotes, ultramarinos y misceláneas","direccion":"CALLE 4, BENITO JUÁREZ, CP 97367, CELESTÚN , Celestún, YUCATÁN","telefono":"","correo":"","sitio_web":"","fuente":"DENUE, INEGI"}},{"type":"Feature","id":"4584837","geometry":{"type":"Point","coordinates":[-90.38586929,20.85833735]},"properties":{"id":"4584837","nombre":"PARQUE RECREATIVO JALTUN DE CELESTUN","categoria":"atractivos","categorias":["atractivos"],"clase_actividad":"Parques de diversiones y temáticos del sector privado","direccion":"CALLE 11, FELIPE CARRILLO PUERTO, CP 97367, CELESTÚN , Celestún, YUCATÁN","telefono":"9992447923","correo":"","sitio_web":"","fuente":"DENUE, INEGI"}},{"type":"Feature","id":"4584846","geometry":{"type":"Point","coordinates":[-90.3945881,20.86047752]},"properties":{"id":"4584846","nombre":"FABRICA DE LANCHAS YAHVE","categoria":"transporte","categorias":["transporte"],"clase_actividad":"Otros servicios relacionados con el transporte por agua","direccion":"CALLE 2 A, LOMA BONITA, CP 97367, CELESTÚN , Celestún, YUCATÁN","telefono":"","correo":"DIONISIOSS10@GMAIL.COM","sitio_web":"","fuente":"DENUE, INEGI"}},{"type":"Feature","id":"4584907","geometry":{"type":"Point","coordinates":[-90.4001273,20.85414795]},"properties":{"id":"4584907","nombre":"VENTA DE CARBON SIN NOMBRE","categoria":"combustible","categorias":["combustible"],"clase_actividad":"Comercio al por menor de otros combustibles","direccion":"CALLE 10 A, SAN ROMÁN, CP 97367, CELESTÚN , Celestún, YUCATÁN","telefono":"","correo":"","sitio_web":"","fuente":"DENUE, INEGI"}},{"type":"Feature","id":"4592677","geometry":{"type":"Point","coordinates":[-89.62130685,20.9647254]},"properties":{"id":"4592677","nombre":"MUSEO DE MÉRIDA","categoria":"atractivos","categorias":["atractivos"],"clase_actividad":"Operadores de servicios de telecomunicaciones alámbricas","direccion":"CALLE 65, CENTRO, CP 97000, MÉRIDA , Mérida, YUCATÁN","telefono":"9999282566","correo":"YUCATAN@TELECOMM.NET.MX","sitio_web":"WWW.TELECOMM.NET.MX","fuente":"DENUE, INEGI"}},{"type":"Feature","id":"4593312","geometry":{"type":"Point","coordinates":[-89.62409191,20.96537496]},"properties":{"id":"4593312","nombre":"BANORTE MERIDA CENTRO","categoria":"servicios_financieros","categorias":["servicios_financieros"],"clase_actividad":"Banca múltiple","direccion":"CALLE 65 505, CENTRO, CP 97000, MÉRIDA , Mérida, YUCATÁN","telefono":"","correo":"UNE@BANORTE.COM","sitio_web":"WWW.BANORTE.COM","fuente":"DENUE, INEGI"}},{"type":"Feature","id":"4593343","geometry":{"type":"Point","coordinates":[-89.62287847,20.96841607]},"properties":{"id":"4593343","nombre":"BANCO AZTECA","categoria":"servicios_financieros","categorias":["servicios_financieros"],"clase_actividad":"Banca múltiple","direccion":"CALLE 60 499, CENTRO, CP 97000, MÉRIDA , Mérida, YUCATÁN","telefono":"","correo":"","sitio_web":"","fuente":"DENUE, INEGI"}},{"type":"Feature","id":"4593356","geometry":{"type":"Point","coordinates":[-88.20248472,20.68958677]},"properties":{"id":"4593356","nombre":"BANAMEX VALLADOLID YUCATAN","categoria":"servicios_financieros","categorias":["servicios_financieros"],"clase_actividad":"Banca múltiple","direccion":"CALLE 41 206, CENTRO, CP 97780, VALLADOLID , Valladolid, YUCATÁN","telefono":"","correo":"","sitio_web":"BANAMEX.COM","fuente":"DENUE, INEGI"}},{"type":"Feature","id":"4593425","geometry":{"type":"Point","coordinates":[-89.28504318,20.4012632]},"properties":{"id":"4593425","nombre":"MUSEO COMUNITARIO KAN PEPEN","categoria":"atractivos","categorias":["atractivos"],"clase_actividad":"Museos del sector público","direccion":"CALLE 32, TEABO, CP 97910, TEABO , Teabo, YUCATÁN","telefono":"9971275429","correo":"","sitio_web":"","fuente":"DENUE, INEGI"}},{"type":"Feature","id":"480556","geometry":{"type":"Point","coordinates":[-92.10111007,16.89422223]},"properties":{"id":"480556","nombre":"GASOLINERA SAN JACINTO","categoria":"combustible","categorias":["combustible"],"clase_actividad":"Comercio al por menor de gasolina y diesel","direccion":"CALLE NINGUNO, GUADALUPE, CP 29950, OCOSINGO , Ocosingo, CHIAPAS","telefono":"9196730427","correo":"GASNJACINTO@HOTMAIL.COM","sitio_web":"","fuente":"DENUE, INEGI"}},{"type":"Feature","id":"493851","geometry":{"type":"Point","coordinates":[-92.00573696,17.50187477]},"properties":{"id":"493851","nombre":"TIENDITA ESCOLAR SIN NOMBRE","categoria":"alimentos","categorias":["alimentos"],"clase_actividad":"Cafeterías, fuentes de sodas, neverías, refresquerías y similares","direccion":"CALLE CARRETERA PALENQUE RUINAS, PALENQUE ZONA ARQUEOLOGICA, CP 29960, PALENQUE , Palenque, CHIAPAS","telefono":"","correo":"","sitio_web":"","fuente":"DENUE, INEGI"}},{"type":"Feature","id":"523319","geometry":{"type":"Point","coordinates":[-92.09582595,16.90827966]},"properties":{"id":"523319","nombre":"BBVA BANCOMER OCOSINGO CHIAPAS","categoria":"servicios_financieros","categorias":["servicios_financieros"],"clase_actividad":"Banca múltiple","direccion":"AVENIDA CENTRAL PONIENTE 24, CENTRO, CP 29950, OCOSINGO , Ocosingo, CHIAPAS","telefono":"","correo":"","sitio_web":"","fuente":"DENUE, INEGI"}},{"type":"Feature","id":"6154436","geometry":{"type":"Point","coordinates":[-92.0998618,16.90933089]},"properties":{"id":"6154436","nombre":"TRANSPORTE DE SOCIEDAD COPERATIVA CIUDAD COLONIAL","categoria":"transporte","categorias":["transporte"],"clase_actividad":"Transporte colectivo foráneo de pasajeros de ruta fija","direccion":"BOULEVARD NINGUNO, LINDA VISTA, CP 29270, OCOSINGO , Ocosingo, CHIAPAS","telefono":"","correo":"","sitio_web":"","fuente":"DENUE, INEGI"}},{"type":"Feature","id":"6162391","geometry":{"type":"Point","coordinates":[-93.06045509,18.17056981]},"properties":{"id":"6162391","nombre":"UNION DE CHOFERES PROPIETARIOS DE CAMIONES DE VOLTEO DE JALPA TABASCO","categoria":"transporte","categorias":["transporte"],"clase_actividad":"Autotransporte local de materiales para la construcción","direccion":"CALLE CORREGIDORA JOSEFA ORTIZ DE DOMINGUEZ 137, LA CANDELARIA, CP 86200, JALPA DE MÉNDEZ , Jalpa de Méndez, TABASCO","telefono":"9141228048","correo":"UNION_VOLTEOS@HOTMAIL.COM","sitio_web":"","fuente":"DENUE, INEGI"}},{"type":"Feature","id":"6162433","geometry":{"type":"Point","coordinates":[-93.06492955,18.17551076]},"properties":{"id":"6162433","nombre":"AUTOTRANSPORTES HERMANOS DE LA CRUZ","categoria":"transporte","categorias":["transporte"],"clase_actividad":"Transporte colectivo urbano y suburbano de pasajeros en autobuses de ruta fija","direccion":"CALLE DUEÑAS 28, SANTA ANA, CP 86200, JALPA DE MÉNDEZ , Jalpa de Méndez, TABASCO","telefono":"","correo":"SEPSA2010@HOTMAIL.COM","sitio_web":"","fuente":"DENUE, INEGI"}},{"type":"Feature","id":"6162510","geometry":{"type":"Point","coordinates":[-92.94715401,17.98532282]},"properties":{"id":"6162510","nombre":"REYES DELTRANSPORTE Y MAQUINARIA BABALU","categoria":"transporte","categorias":["transporte"],"clase_actividad":"Autotransporte foráneo de materiales y residuos peligrosos","direccion":"CALLE BUENA VISTA 113, ATASTA DE SERRA, CP 86100, VILLAHERMOSA , Centro, TABASCO","telefono":"","correo":"POCHITOKE2012@HOTMAIL.COM","sitio_web":"","fuente":"DENUE, INEGI"}},{"type":"Feature","id":"6163876","geometry":{"type":"Point","coordinates":[-89.62337209,20.96987971]},"properties":{"id":"6163876","nombre":"TRANSPORTACION TURISTICA CARNAVALITO","categoria":"transporte","categorias":["transporte"],"clase_actividad":"Alquiler de autobuses con chofer","direccion":"CALLE 57 510, CENTRO, CP 97000, MÉRIDA , Mérida, YUCATÁN","telefono":"","correo":"RESERVACIONES@CARNAVALITOCITYTOUR.COM.MX","sitio_web":"CARNAVALITOCITYTOUR.COM.MX","fuente":"DENUE, INEGI"}},{"type":"Feature","id":"6163903","geometry":{"type":"Point","coordinates":[-88.19847593,20.69193766]},"properties":{"id":"6163903","nombre":"AUTOTRANSPORTE DE PASAJEROS DE ORIENTE ZACI HUAL, SA DE CV","categoria":"transporte","categorias":["transporte"],"clase_actividad":"Asociaciones y organizaciones civiles","direccion":"CALLE 37 168, SANTA ANA, VALLADOLID , Valladolid, YUCATÁN","telefono":"9851009850","correo":"","sitio_web":"","fuente":"DENUE, INEGI"}},{"type":"Feature","id":"6163929","geometry":{"type":"Point","coordinates":[-90.40082695,20.86094581]},"properties":{"id":"6163929","nombre":"SOCIEDAD COOPERATIVA IXTUN DE CELESTUN DE RL DE CV","categoria":"transporte","categorias":["transporte"],"clase_actividad":"Transporte turístico por agua","direccion":"CALLE PLAYA, CENTRO, CP 97367, CELESTÚN , Celestún, YUCATÁN","telefono":"","correo":"","sitio_web":"","fuente":"DENUE, INEGI"}},{"type":"Feature","id":"6163930","geometry":{"type":"Point","coordinates":[-90.40083701,20.86092712]},"properties":{"id":"6163930","nombre":"SOCIEDAD COOPERATIVA NUEVA DZIDZILAM","categoria":"transporte","categorias":["transporte"],"clase_actividad":"Transporte turístico por agua","direccion":"BOULEVARD PLAYA, CENTRO, CP 97367, CELESTÚN , Celestún, YUCATÁN","telefono":"","correo":"","sitio_web":"","fuente":"DENUE, INEGI"}},{"type":"Feature","id":"6223795","geometry":{"type":"Point","coordinates":[-90.40151595,20.84909625]},"properties":{"id":"6223795","nombre":"ESTACION DE SERVICIO 4914","categoria":"combustible","categorias":["combustible"],"clase_actividad":"Comercio al por menor de gasolina y diesel","direccion":"CALLE 10A 201, DE ABRIGO, CP 97367, CELESTÚN , Celestún, YUCATÁN","telefono":"","correo":"JEFATURA.CONTABLE@ENERKOM.COM.MX","sitio_web":"WWW.ENERKOM.COM.MX","fuente":"DENUE, INEGI"}},{"type":"Feature","id":"6254945","geometry":{"type":"Point","coordinates":[-92.10006842,16.91444633]},"properties":{"id":"6254945","nombre":"HOTEL MAYA MI-SOL","categoria":"alojamiento","categorias":["alojamiento"],"clase_actividad":"Hoteles sin otros servicios integrados","direccion":"CALLE NINGUNO 20, LISTA VISTA, CP 29950, OCOSINGO , Ocosingo, CHIAPAS","telefono":"","correo":"MAYAMISOL@HOTMAIL.COM","sitio_web":"","fuente":"DENUE, INEGI"}},{"type":"Feature","id":"6254959","geometry":{"type":"Point","coordinates":[-92.09817122,16.90571302]},"properties":{"id":"6254959","nombre":"HOTEL REAL PLAZA","categoria":"alojamiento","categorias":["alojamiento"],"clase_actividad":"Hoteles con otros servicios integrados","direccion":"AVENIDA TERCERA SUR PONIENTE 410, SAN SEBASTIAN, CP 29950, OCOSINGO , Ocosingo, CHIAPAS","telefono":"9191503982","correo":"HOTEL.REAL.PLAZA@HOTMAIL.COM","sitio_web":"","fuente":"DENUE, INEGI"}},{"type":"Feature","id":"6255339","geometry":{"type":"Point","coordinates":[-92.01193619,17.49981281]},"properties":{"id":"6255339","nombre":"HOTEL LOS LEONES","categoria":"alojamiento","categorias":["alojamiento"],"clase_actividad":"Hoteles con otros servicios integrados","direccion":"CARRETERA RUINAS KM 2+500, ZONA ARQUEOLOGICA, CP 29960, LOS LEONES (EL PARAÍSO) , Palenque, CHIAPAS","telefono":"","correo":"LEAGUI000@GMAIL.COM","sitio_web":"","fuente":"DENUE, INEGI"}},{"type":"Feature","id":"6255340","geometry":{"type":"Point","coordinates":[-92.03749146,17.4881827]},"properties":{"id":"6255340","nombre":"HOTEL MAYABELL","categoria":"alojamiento","categorias":["alojamiento"],"clase_actividad":"Hoteles con otros servicios integrados","direccion":"CARRETERA RUINAS KM 6, ZONA ARQUEOLOGICA, CP 29960, LOS POTRILLOS , Palenque, CHIAPAS","telefono":"","correo":"MAYABELLPALENQUE@GMAIL.COM","sitio_web":"WWW.MAYABELL.MX","fuente":"DENUE, INEGI"}},{"type":"Feature","id":"6276181","geometry":{"type":"Point","coordinates":[-92.13884784,18.08982659]},"properties":{"id":"6276181","nombre":"CASA DE HUESPEDES 3 DE MAYO","categoria":"alojamiento","categorias":["alojamiento"],"clase_actividad":"Pensiones y casas de huéspedes","direccion":"AVENIDA JOSE MARIA PINO SUAREZ 513, CENTRO, CP 86781, JONUTA , Jonuta, TABASCO","telefono":"","correo":"","sitio_web":"","fuente":"DENUE, INEGI"}},{"type":"Feature","id":"6276182","geometry":{"type":"Point","coordinates":[-92.13625424,18.08987867]},"properties":{"id":"6276182","nombre":"HOTEL ROSAGELIS","categoria":"alojamiento","categorias":["alojamiento"],"clase_actividad":"Hoteles sin otros servicios integrados","direccion":"CALLE BENITO JUAREZ GARCIA 206, CENTRO, CP 86781, JONUTA , Jonuta, TABASCO","telefono":"","correo":"","sitio_web":"","fuente":"DENUE, INEGI"}},{"type":"Feature","id":"6276232","geometry":{"type":"Point","coordinates":[-92.1354317,18.08896281]},"properties":{"id":"6276232","nombre":"HOTEL REAL CRISTAL","categoria":"alojamiento","categorias":["alojamiento"],"clase_actividad":"Hoteles sin otros servicios integrados","direccion":"CALLE MIGUEL HIDALGO Y COSTILLA 102, Int. 0, CENTRO, CP 86780, JONUTA , Jonuta, TABASCO","telefono":"9993947321","correo":"HOTELREALCRISTAL@HOTMAIL.COM","sitio_web":"","fuente":"DENUE, INEGI"}},{"type":"Feature","id":"6276311","geometry":{"type":"Point","coordinates":[-92.13178918,18.09802742]},"properties":{"id":"6276311","nombre":"ESTACION DE SERVICIO JONUTA","categoria":"combustible","categorias":["combustible"],"clase_actividad":"Comercio al por menor de gasolina y diesel","direccion":"CARRETERA JONUTA A PALIZADA KM 1 1, JONUTA, CP 86781, JONUTA , Jonuta, TABASCO","telefono":"","correo":"QUEJASYSUGERENCIAS@CORPORATIVOGES.MX","sitio_web":"WWW.GRUGES.COM.MX","fuente":"DENUE, INEGI"}},{"type":"Feature","id":"6280175","geometry":{"type":"Point","coordinates":[-89.62624956,20.96592276]},"properties":{"id":"6280175","nombre":"COMBUSTIBLES DE YUCATAN","categoria":"combustible","categorias":["combustible"],"clase_actividad":"Comercio al por menor de gasolina y diesel","direccion":"CALLE 64 519, CENTRO, CP 97000, MÉRIDA , Mérida, YUCATÁN","telefono":"","correo":"SAMUEL.HERRERA@LODEMORED.COM.MX","sitio_web":"WWW.LODEMORED.COM.MX","fuente":"DENUE, INEGI"}},{"type":"Feature","id":"6280238","geometry":{"type":"Point","coordinates":[-89.62174573,20.96914635]},"properties":{"id":"6280238","nombre":"RENTADORA DE AUTOS MEXICO RENT A CAR","categoria":"transporte","categorias":["transporte"],"clase_actividad":"Alquiler de automóviles sin chofer","direccion":"CALLE 57 A 491, Int. 12, CENTRO, CP 97000, MÉRIDA , Mérida, YUCATÁN","telefono":"","correo":"","sitio_web":"","fuente":"DENUE, INEGI"}},{"type":"Feature","id":"6280256","geometry":{"type":"Point","coordinates":[-88.82977196,20.54970404]},"properties":{"id":"6280256","nombre":"RENTA DE CUARTOS GREGORIA","categoria":"alojamiento","categorias":["alojamiento"],"clase_actividad":"Pensiones y casas de huéspedes","direccion":"CALLE 21, SANTA CRUZ, CP 97920, YAXCABÁ , Yaxcabá, YUCATÁN","telefono":"9871129330","correo":"","sitio_web":"","fuente":"DENUE, INEGI"}},{"type":"Feature","id":"6280307","geometry":{"type":"Point","coordinates":[-89.64440632,20.32241747]},"properties":{"id":"6280307","nombre":"COYOTE MISTICO BED & BREAKFAST","categoria":"alojamiento","categorias":["alojamiento"],"clase_actividad":"Hoteles con otros servicios integrados","direccion":"CALLE 20 223, SAN MARCOS, CP 97890, SANTA ELENA , Santa Elena, YUCATÁN","telefono":"9994515477","correo":"CASCOSLIBRES@GMAIL.COM","sitio_web":"WWW.COYOTEMISTICO.COM","fuente":"DENUE, INEGI"}},{"type":"Feature","id":"6280308","geometry":{"type":"Point","coordinates":[-89.64366717,20.32226711]},"properties":{"id":"6280308","nombre":"HOTEL EL CHACMOL","categoria":"alojamiento","categorias":["alojamiento"],"clase_actividad":"Hoteles sin otros servicios integrados","direccion":"CARRETERA CAMPECHE UMAN 211, SAN MARCOS, CP 97890, SANTA ELENA , Santa Elena, YUCATÁN","telefono":"9991507561","correo":"","sitio_web":"","fuente":"DENUE, INEGI"}},{"type":"Feature","id":"6280313","geometry":{"type":"Point","coordinates":[-89.62434989,20.96655036]},"properties":{"id":"6280313","nombre":"HOSTAL ZOCALO","categoria":"alojamiento","categorias":["alojamiento"],"clase_actividad":"Cabañas, villas y similares","direccion":"CALLE 63 508, CENTRO, CP 97000, MÉRIDA , Mérida, YUCATÁN","telefono":"9996080309","correo":"HOSTALZOCALO@YAHOO.COM","sitio_web":"WWW.HOSTALZOCALO.COM.MX","fuente":"DENUE, INEGI"}},{"type":"Feature","id":"6280336","geometry":{"type":"Point","coordinates":[-90.39648112,20.86766719]},"properties":{"id":"6280336","nombre":"HOTEL PLAYA 55 BEACH ESCAPE","categoria":"alojamiento","categorias":["alojamiento"],"clase_actividad":"Hoteles sin otros servicios integrados","direccion":"CALLE 12, BENITO JUÁREZ, CP 97367, CELESTÚN , Celestún, YUCATÁN","telefono":"","correo":"","sitio_web":"","fuente":"DENUE, INEGI"}},{"type":"Feature","id":"6280389","geometry":{"type":"Point","coordinates":[-90.39780276,20.86543642]},"properties":{"id":"6280389","nombre":"ECOHOTEL FLAMINGO PLAYA","categoria":"alojamiento","categorias":["alojamiento"],"clase_actividad":"Hoteles sin otros servicios integrados","direccion":"CALLE 12, BENITO JUÁREZ, CP 97367, CELESTÚN , Celestún, YUCATÁN","telefono":"","correo":"","sitio_web":"","fuente":"DENUE, INEGI"}},{"type":"Feature","id":"6280524","geometry":{"type":"Point","coordinates":[-89.33300011,20.53469689]},"properties":{"id":"6280524","nombre":"POSADA KAN SAC BEH","categoria":"alojamiento","categorias":["alojamiento"],"clase_actividad":"Pensiones y casas de huéspedes","direccion":"CALLE 23, CENTRO, CP 97680, TEKIT , Tekit, YUCATÁN","telefono":"9971001536","correo":"DGUEZJH12@HOTMAIL.COM","sitio_web":"","fuente":"DENUE, INEGI"}},{"type":"Feature","id":"6297140","geometry":{"type":"Point","coordinates":[-92.09997075,16.91386164]},"properties":{"id":"6297140","nombre":"HOTEL EXHACIENDA LA ILUSION","categoria":"alojamiento","categorias":["alojamiento"],"clase_actividad":"Hoteles con otros servicios integrados","direccion":"CALLE MARÍA LETICIA, LINDA VISTA, CP 29950, OCOSINGO , Ocosingo, CHIAPAS","telefono":"","correo":"HOTELEXHACIENDA@HOTMAIL.COM","sitio_web":"WWW.HOTELEXHACIENDALAILUSION.COM.MX","fuente":"DENUE, INEGI"}},{"type":"Feature","id":"6298368","geometry":{"type":"Point","coordinates":[-92.01889167,17.49254444]},"properties":{"id":"6298368","nombre":"HOTEL CHANKAH RESORT VILLAGE","categoria":"alojamiento","categorias":["alojamiento"],"clase_actividad":"Hoteles con otros servicios integrados","direccion":"CARRETERA LAS RUINAS KM 3, ZONA ARQUEOLOGICA, CP 29960, CHAN KAH , Palenque, CHIAPAS","telefono":"","correo":"CONTABILIDAD@CHAN-KAH.COM.MX","sitio_web":"WWW.HOTELCHAN-KAH.COM.MX","fuente":"DENUE, INEGI"}},{"type":"Feature","id":"6298802","geometry":{"type":"Point","coordinates":[-92.01534444,17.49651667]},"properties":{"id":"6298802","nombre":"HOTEL LA ALDEA DEL HALACH HUINIC","categoria":"alojamiento","categorias":["alojamiento"],"clase_actividad":"Hoteles con otros servicios integrados","direccion":"CARRETERA RUINAS PALENQUE KM 2+800, LA ALDEA, CP 29960, LA ALDEA , Palenque, CHIAPAS","telefono":"","correo":"RESERVACIONES@HOTELLAALDEA.NET","sitio_web":"WWW.HOTELLAALDEA.NET","fuente":"DENUE, INEGI"}},{"type":"Feature","id":"6356692","geometry":{"type":"Point","coordinates":[-92.9418859,17.99623581]},"properties":{"id":"6356692","nombre":"INTERJET","categoria":"transporte","categorias":["transporte"],"clase_actividad":"Transporte aéreo regular en líneas aéreas nacionales","direccion":"BOULEVARD ADOLFO RUIZ CORTINES 1300, TABASCO 2000, VILLAHERMOSA , Centro, TABASCO","telefono":"","correo":"","sitio_web":"","fuente":"DENUE, INEGI"}},{"type":"Feature","id":"6399264","geometry":{"type":"Point","coordinates":[-92.9470712,17.99052227]},"properties":{"id":"6399264","nombre":"SUPERCENTER BLVD RUIZ CORTINEZ 3293","categoria":"abasto","categorias":["abasto"],"clase_actividad":"Comercio al por menor en supermercados","direccion":"BOULEVARD ADOLFO RUÍZ CORTINES, ATASTA DE SERRA, CP 86100, VILLAHERMOSA , Centro, TABASCO","telefono":"","correo":"","sitio_web":"WWW.WALMART.COM.MX","fuente":"DENUE, INEGI"}},{"type":"Feature","id":"6399688","geometry":{"type":"Point","coordinates":[-92.95507554,17.98678357]},"properties":{"id":"6399688","nombre":"BP SERVICIO VILLAHERMOSA","categoria":"combustible","categorias":["combustible"],"clase_actividad":"Comercio al por menor de gasolina y diesel","direccion":"BOULEVARD ADOLFO RUÍZ CORTINES, ATASTA DE SERRA, CP 86100, VILLAHERMOSA , Centro, TABASCO","telefono":"9931161220","correo":"JULIO.SOLORZANO@GRUPOZURITA.COM.MX","sitio_web":"","fuente":"DENUE, INEGI"}},{"type":"Feature","id":"6399761","geometry":{"type":"Point","coordinates":[-92.94785215,17.9886874]},"properties":{"id":"6399761","nombre":"AUTOHOTEL DIAMANTE","categoria":"alojamiento","categorias":["alojamiento"],"clase_actividad":"Moteles","direccion":"CALLE MARIANO ABASOLO 524, ATASTA DE SERRA, CP 86100, VILLAHERMOSA , Centro, TABASCO","telefono":"","correo":"","sitio_web":"","fuente":"DENUE, INEGI"}},{"type":"Feature","id":"6399850","geometry":{"type":"Point","coordinates":[-93.22059788,18.26769511]},"properties":{"id":"6399850","nombre":"HOTEL NAPOLES","categoria":"alojamiento","categorias":["alojamiento"],"clase_actividad":"Hoteles sin otros servicios integrados","direccion":"BOULEVARD ADOLFO LOPEZ MATEOS, CENTRO, CP 86300, COMALCALCO , Comalcalco, TABASCO","telefono":"9331206394","correo":"","sitio_web":"","fuente":"DENUE, INEGI"}},{"type":"Feature","id":"6399891","geometry":{"type":"Point","coordinates":[-93.04902131,18.17565027]},"properties":{"id":"6399891","nombre":"SERVICIO JALPA","categoria":"combustible","categorias":["combustible"],"clase_actividad":"Comercio al por menor de gasolina y diesel","direccion":"CALLE NINGUNO, Int. 0, RIVERA ALTA, CP 86200, JALPA DE MÉNDEZ , Jalpa de Méndez, TABASCO","telefono":"","correo":"CONTACTO@ORSAN.COM.MX","sitio_web":"WWW.ORSAN.COM.MX","fuente":"DENUE, INEGI"}},{"type":"Feature","id":"6400111","geometry":{"type":"Point","coordinates":[-92.94831118,17.98936392]},"properties":{"id":"6400111","nombre":"CEVSA CE VILLA HERMOSA","categoria":"alojamiento","categorias":["alojamiento"],"clase_actividad":"Hoteles con otros servicios integrados","direccion":"BOULEVARD ADOLFO RUÍZ CORTINES 1803, ATASTA DE SERRA, CP 86100, VILLAHERMOSA , Centro, TABASCO","telefono":"","correo":"","sitio_web":"WWW.HOTELESCITYEXPRESS.COM","fuente":"DENUE, INEGI"}},{"type":"Feature","id":"6400205","geometry":{"type":"Point","coordinates":[-92.13907006,18.09007233]},"properties":{"id":"6400205","nombre":"HOTEL THERE","categoria":"alojamiento","categorias":["alojamiento"],"clase_actividad":"Hoteles sin otros servicios integrados","direccion":"AVENIDA JOSÉ MARÍA PINO SUÁREZ 517, Int. 0, CENTRO, CP 86781, JONUTA , Jonuta, TABASCO","telefono":"9931212569","correo":"JOSELUIS_15@HOTMAIL.COM","sitio_web":"","fuente":"DENUE, INEGI"}},{"type":"Feature","id":"6400580","geometry":{"type":"Point","coordinates":[-92.95013328,17.9886199]},"properties":{"id":"6400580","nombre":"GRUPO MERCURIO DE TRANSPORTES","categoria":"transporte","categorias":["transporte"],"clase_actividad":"Servicios de investigación y de protección y custodia, excepto mediante monitoreo","direccion":"BOULEVARD ADOLFO RUÍZ CORTINES 2023, ATASTA DE SERRA, CP 86100, VILLAHERMOSA , Centro, TABASCO","telefono":"","correo":"RIGOBERTO.AGUILAR@GRUMERMEXICO.COM","sitio_web":"","fuente":"DENUE, INEGI"}},{"type":"Feature","id":"6400791","geometry":{"type":"Point","coordinates":[-92.94503248,17.99290142]},"properties":{"id":"6400791","nombre":"TIENDA COMEX SUCURSAL PARQUE MUSEO 339","categoria":"atractivos","categorias":["atractivos"],"clase_actividad":"Comercio al por menor de pintura","direccion":"BOULEVARD ADOLFO RUÍZ CORTINES 1602, OROPEZA, CP 86030, VILLAHERMOSA , Centro, TABASCO","telefono":"","correo":"RICARDO.ROMERO@GRUPOPINTURERIAS.COM.MX","sitio_web":"WWW.PINTURERIAS.COM.MX","fuente":"DENUE, INEGI"}},{"type":"Feature","id":"6401232","geometry":{"type":"Point","coordinates":[-92.94905186,17.98961278]},"properties":{"id":"6401232","nombre":"FAJA DE ORO","categoria":"combustible","categorias":["combustible"],"clase_actividad":"Comercio al por menor de gasolina y diesel","direccion":"BOULEVARD ADOLFO RUÍZ CORTINES 1418, Int. 0, ATASTA DE SERRA, CP 86100, VILLAHERMOSA , Centro, TABASCO","telefono":"9931164549","correo":"CONTACTO@ORSAN.COM.MX","sitio_web":"","fuente":"DENUE, INEGI"}},{"type":"Feature","id":"6413404","geometry":{"type":"Point","coordinates":[-89.62499302,20.96673246]},"properties":{"id":"6413404","nombre":"HOTEL SAN JOSE","categoria":"alojamiento","categorias":["alojamiento"],"clase_actividad":"Hoteles sin otros servicios integrados","direccion":"CALLE 63 503, Int. 0, CENTRO, CP 97000, MÉRIDA , Mérida, YUCATÁN","telefono":"","correo":"J.BARRIOSO@HOTMAIL.COM","sitio_web":"WWW.SANJOSEHOTEL.COM.MX","fuente":"DENUE, INEGI"}},{"type":"Feature","id":"6413428","geometry":{"type":"Point","coordinates":[-89.62349393,20.96641023]},"properties":{"id":"6413428","nombre":"FARMACIAS YZA SUC 1693 CENTRO","categoria":"abasto","categorias":["abasto"],"clase_actividad":"Farmacias sin minisúper","direccion":"CALLE 63 502, CENTRO, CP 97000, MÉRIDA , Mérida, YUCATÁN","telefono":"","correo":"ATENCIONACLIENTES@YZA.MX","sitio_web":"WWW.YZA.MX","fuente":"DENUE, INEGI"}},{"type":"Feature","id":"6413639","geometry":{"type":"Point","coordinates":[-88.20515218,20.68969785]},"properties":{"id":"6413639","nombre":"GASOLINERA DE ALCOCER","categoria":"combustible","categorias":["combustible"],"clase_actividad":"Comercio al por menor de gasolina y diesel","direccion":"CALLE 41 217, CENTRO, CP 97780, VALLADOLID , Valladolid, YUCATÁN","telefono":"","correo":"GALCOCER02@HOTMAIL.COM","sitio_web":"","fuente":"DENUE, INEGI"}},{"type":"Feature","id":"6413736","geometry":{"type":"Point","coordinates":[-89.62287639,20.96811572]},"properties":{"id":"6413736","nombre":"GRAN HOTEL","categoria":"alojamiento","categorias":["alojamiento"],"clase_actividad":"Hoteles sin otros servicios integrados","direccion":"CALLE 60 496, CENTRO, CP 97000, MÉRIDA , Mérida, YUCATÁN","telefono":"","correo":"","sitio_web":"","fuente":"DENUE, INEGI"}},{"type":"Feature","id":"6413945","geometry":{"type":"Point","coordinates":[-90.00160803,20.59378786]},"properties":{"id":"6413945","nombre":"SERVICIO DOGRE","categoria":"combustible","categorias":["combustible"],"clase_actividad":"Comercio al por menor de gasolina y diesel","direccion":"CALLE 22, SAN ROMÁN, CP 97800, MAXCANÚ , Maxcanú, YUCATÁN","telefono":"9999190613","correo":"ALEXIS.ARGUELLES@PETROMAYAB.COM.MX","sitio_web":"WWW.SERVICIODOGRE.COM","fuente":"DENUE, INEGI"}},{"type":"Feature","id":"6414023","geometry":{"type":"Point","coordinates":[-88.19927921,20.68955536]},"properties":{"id":"6414023","nombre":"FC1440 FARMACIAS SIMILARES VALLADOLID 2","categoria":"salud","categorias":["salud"],"clase_actividad":"Farmacias sin minisúper","direccion":"CALLE 41, SANTA ANA, CP 97782, VALLADOLID , Valladolid, YUCATÁN","telefono":"","correo":"DANIEL.GOMEZ@SIMICUN.COM","sitio_web":"WWW.FARMACIASDESIMILARES.COM","fuente":"DENUE, INEGI"}},{"type":"Feature","id":"6414058","geometry":{"type":"Point","coordinates":[-89.62267316,20.96684601]},"properties":{"id":"6414058","nombre":"MUSEO DE ARTE CONTEMPORANEO MACAY","categoria":"atractivos","categorias":["atractivos"],"clase_actividad":"Museos del sector privado","direccion":"PASAJE DE LA REVOLUCION 502, CENTRO, CP 97000, MÉRIDA , Mérida, YUCATÁN","telefono":"","correo":"FUNDACIONCULTURALMACAYAC@PRODIGY.NET.MX","sitio_web":"WWW.MACAY.ORG","fuente":"DENUE, INEGI"}},{"type":"Feature","id":"6414386","geometry":{"type":"Point","coordinates":[-90.39755457,20.86585404]},"properties":{"id":"6414386","nombre":"HOTEL MANGLARES","categoria":"alojamiento","categorias":["alojamiento"],"clase_actividad":"Hoteles con otros servicios integrados","direccion":"CALLE 12 63, BENITO JUÁREZ, CP 97367, CELESTÚN , Celestún, YUCATÁN","telefono":"9992973608","correo":"HIELOS77@HOTMAIL.COM","sitio_web":"","fuente":"DENUE, INEGI"}},{"type":"Feature","id":"6415022","geometry":{"type":"Point","coordinates":[-89.62373327,20.96644942]},"properties":{"id":"6415022","nombre":"FARMACIAS DE SIMILARES MERIDA 10","categoria":"abasto","categorias":["abasto","salud"],"clase_actividad":"Farmacias sin minisúper","direccion":"CALLE 63 504, MERIDA CENTRO, CP 97000, MÉRIDA , Mérida, YUCATÁN","telefono":"","correo":"REDESL@PORUNPAISMEJOR.COM.MX","sitio_web":"WWW.FARMACIASDESIMILARES.COM.MX","fuente":"DENUE, INEGI"}},{"type":"Feature","id":"6415574","geometry":{"type":"Point","coordinates":[-88.20095164,20.68957163]},"properties":{"id":"6415574","nombre":"FARMACIAS YZA SUC 1941 VALLAD. PALACIO","categoria":"salud","categorias":["salud"],"clase_actividad":"Farmacias sin minisúper","direccion":"CALLE 41 201, CENTRO, CP 97780, VALLADOLID , Valladolid, YUCATÁN","telefono":"","correo":"ATENCIONACLIENTES@YZA.MX","sitio_web":"WWW.YZA.MX","fuente":"DENUE, INEGI"}},{"type":"Feature","id":"6416052","geometry":{"type":"Point","coordinates":[-89.30649248,20.40403636]},"properties":{"id":"6416052","nombre":"ESTACION TEABO","categoria":"combustible","categorias":["combustible"],"clase_actividad":"Comercio al por menor de gasolina y diesel","direccion":"OTRO(ESPECIFIQUE) NINGUNO 2087, CHUMAYEL, CP 97904, AUTOSERVICIO YUCATÁN [GASOLINERA] , Teabo, YUCATÁN","telefono":"","correo":"CONTADORGENERAL@GMEGASUR.COM.MX","sitio_web":"WWW.MEGASUR.COM.MX","fuente":"DENUE, INEGI"}},{"type":"Feature","id":"6455069","geometry":{"type":"Point","coordinates":[-92.94671004,17.99333316]},"properties":{"id":"6455069","nombre":"GASOLINERA SERVICIOS USUMACINTA","categoria":"combustible","categorias":["combustible"],"clase_actividad":"Comercio al por menor de gasolina y diesel","direccion":"AVENIDA PASEO USUMACINTA 1203, Int. 0, TABASCO 2000, CP 86035, VILLAHERMOSA , Centro, TABASCO","telefono":"9933836131","correo":"EROA@INNOVADORES.ME","sitio_web":"","fuente":"DENUE, INEGI"}},{"type":"Feature","id":"6515941","geometry":{"type":"Point","coordinates":[-90.38334815,20.85790161]},"properties":{"id":"6515941","nombre":"RIA ESPERANZA","categoria":"transporte","categorias":["transporte"],"clase_actividad":"Transporte turístico por agua","direccion":"CALLE 11 1, FELIPE CARRILLO PUERTO, CP 97367, CELESTÚN , Celestún, YUCATÁN","telefono":"9992165646","correo":"","sitio_web":"","fuente":"DENUE, INEGI"}},{"type":"Feature","id":"6694502","geometry":{"type":"Point","coordinates":[-93.21933639,18.26790671]},"properties":{"id":"6694502","nombre":"TRANSPORTES BAHER","categoria":"transporte","categorias":["transporte"],"clase_actividad":"Transporte colectivo foráneo de pasajeros de ruta fija","direccion":"CERRADA GIL Y SAENZ, CENTRO, CP 86300, COMALCALCO , Comalcalco, TABASCO","telefono":"9331017061","correo":"BAHER_18@HOTMAIL.COM","sitio_web":"","fuente":"DENUE, INEGI"}},{"type":"Feature","id":"6758077","geometry":{"type":"Point","coordinates":[-92.01121518,17.49997351]},"properties":{"id":"6758077","nombre":"HOTEL BOUTIQUE PIEDRA DE AGUA","categoria":"alojamiento","categorias":["alojamiento"],"clase_actividad":"Hoteles con otros servicios integrados","direccion":"OTRO(ESPECIFIQUE) NINGUNO, PALENQUE, CP 29960, LOS LEONES (EL PARAÍSO) , Palenque, CHIAPAS","telefono":"","correo":"ADMON.PIEDRADEAGUA@GMAIL.COM","sitio_web":"WWW.PALENQUEPIEDRADEAGUA.COM","fuente":"DENUE, INEGI"}},{"type":"Feature","id":"6812185","geometry":{"type":"Point","coordinates":[-88.20122886,20.68959313]},"properties":{"id":"6812185","nombre":"RESTAURANTE LOS PORTALES","categoria":"alimentos","categorias":["alimentos"],"clase_actividad":"Restaurantes con servicio de preparación de alimentos a la carta o de comida corrida","direccion":"CALLE 41 202, CENTRO, CP 97780, VALLADOLID , Valladolid, YUCATÁN","telefono":"","correo":"TABERNAFRAILES@GMAIL.COM","sitio_web":"WWW.LOSPORTALESVALLADOLID.MX","fuente":"DENUE, INEGI"}},{"type":"Feature","id":"6854860","geometry":{"type":"Point","coordinates":[-92.94854782,17.98926604]},"properties":{"id":"6854860","nombre":"OXXO SUC 50PNZ KRONOS VSA","categoria":"abasto","categorias":["abasto"],"clase_actividad":"Comercio al por menor en minisupers","direccion":"BOULEVARD ADOLFO RUÍZ CORTINES 2107, ATASTA, CP 86100, VILLAHERMOSA , Centro, TABASCO","telefono":"","correo":"ATENCIONCLIENTES@OXXO.COM","sitio_web":"WWW.OXXO.COM","fuente":"DENUE, INEGI"}},{"type":"Feature","id":"6858322","geometry":{"type":"Point","coordinates":[-92.10451,16.91944417]},"properties":{"id":"6858322","nombre":"OPERADORA TONINA","categoria":"combustible","categorias":["combustible"],"clase_actividad":"Comercio al por menor de gasolina y diesel","direccion":"CARRETERA INTERNACIONAL, EL BOSQUE, CP 29950, NINGUNO [SALVADOR MONTERROSA ZAPEDA] , Ocosingo, CHIAPAS","telefono":"","correo":"OPERADORATONINA@HOTMAIL.COM","sitio_web":"","fuente":"DENUE, INEGI"}},{"type":"Feature","id":"6859310","geometry":{"type":"Point","coordinates":[-92.95343127,17.98586452]},"properties":{"id":"6859310","nombre":"GOICO SOLUCIONES INTEGRALES PETROLERAS","categoria":"transporte","categorias":["transporte"],"clase_actividad":"Autotransporte foráneo de materiales y residuos peligrosos","direccion":"CALLE AGUSTIN BELTRAN BASTAR 338, Int. 3, ATASTA DE SERRA, CP 86100, VILLAHERMOSA , Centro, TABASCO","telefono":"9932525284","correo":"BAEZATILO6312@HOTMAIL.COM","sitio_web":"WWW.QUIMINET.COM","fuente":"DENUE, INEGI"}},{"type":"Feature","id":"6876683","geometry":{"type":"Point","coordinates":[-92.10451,16.91944417]},"properties":{"id":"6876683","nombre":"GASOLINERA OCOCINGO","categoria":"combustible","categorias":["combustible"],"clase_actividad":"Comercio al por menor de gasolina y diesel","direccion":"CARRETERA PALENQUE, NINGUNO, CP 29950, NINGUNO [SALVADOR MONTERROSA ZAPEDA] , Ocosingo, CHIAPAS","telefono":"","correo":"GASOLDSARE@GMAIL.COM","sitio_web":"","fuente":"DENUE, INEGI"}},{"type":"Feature","id":"6880681","geometry":{"type":"Point","coordinates":[-92.94867374,17.98784942]},"properties":{"id":"6880681","nombre":"EF EQUILIBRIO FARMACEUTICO","categoria":"salud","categorias":["salud"],"clase_actividad":"Farmacias sin minisúper","direccion":"CALLE EMILIO CARRANZA 209, ATASA, CP 86100, VILLAHERMOSA , Centro, TABASCO","telefono":"","correo":"EQFVILLAHERMOSA@EQUILIBRIOFARMACEUTICO.COM.MX","sitio_web":"","fuente":"DENUE, INEGI"}},{"type":"Feature","id":"6885459","geometry":{"type":"Point","coordinates":[-93.06581542,18.18570419]},"properties":{"id":"6885459","nombre":"GASOLINERA EL CARMELO II","categoria":"combustible","categorias":["combustible"],"clase_actividad":"Comercio al por menor de gasolina y diesel","direccion":"PROLONGACION GREGORIO MÉNDEZ MAGAÑA, SAN FELIPE, CP 86200, JALPA DE MÉNDEZ , Jalpa de Méndez, TABASCO","telefono":"","correo":"ELCARMELO2@OUTLOOK.COM","sitio_web":"","fuente":"DENUE, INEGI"}},{"type":"Feature","id":"6949293","geometry":{"type":"Point","coordinates":[-92.00457744,17.52050661]},"properties":{"id":"6949293","nombre":"TIENDA SIN NOMBRE","categoria":"abasto","categorias":["abasto"],"clase_actividad":"Comercio al por menor en tiendas de abarrotes, ultramarinos y misceláneas","direccion":"CALLE LAS PERLAS, Int. 0, LA MONTAÑA, CP 29960, PALENQUE , Palenque, CHIAPAS","telefono":"","correo":"","sitio_web":"","fuente":"DENUE, INEGI"}},{"type":"Feature","id":"6965075","geometry":{"type":"Point","coordinates":[-89.64921495,20.32569072]},"properties":{"id":"6965075","nombre":"PANADERIA IMPERIO","categoria":"alimentos","categorias":["alimentos"],"clase_actividad":"Panificación tradicional","direccion":"CALLE 28, SAN JUAN, CP 97890, SANTA ELENA , Santa Elena, YUCATÁN","telefono":"9971003335","correo":"","sitio_web":"","fuente":"DENUE, INEGI"}},{"type":"Feature","id":"6982634","geometry":{"type":"Point","coordinates":[-89.99573607,20.58451393]},"properties":{"id":"6982634","nombre":"LONCHERIA PASOS","categoria":"alimentos","categorias":["alimentos"],"clase_actividad":"Restaurantes con servicio de preparación de antojitos","direccion":"CALLE 19, CENTRO, CP 97800, MAXCANÚ , Maxcanú, YUCATÁN","telefono":"","correo":"","sitio_web":"","fuente":"DENUE, INEGI"}},{"type":"Feature","id":"6982689","geometry":{"type":"Point","coordinates":[-89.99197284,20.58368308]},"properties":{"id":"6982689","nombre":"MINI TIENDA EL GALLO","categoria":"abasto","categorias":["abasto"],"clase_actividad":"Comercio al por menor en tiendas de abarrotes, ultramarinos y misceláneas","direccion":"CALLE 21, MONTY, CP 97800, MAXCANÚ , Maxcanú, YUCATÁN","telefono":"","correo":"","sitio_web":"","fuente":"DENUE, INEGI"}},{"type":"Feature","id":"6988531","geometry":{"type":"Point","coordinates":[-89.33256195,20.54496883]},"properties":{"id":"6988531","nombre":"TENDEJON SAN JUDAS","categoria":"alimentos","categorias":["alimentos"],"clase_actividad":"Comercio al por menor de otros alimentos","direccion":"CALLE 26, MEJORADA, CP 97680, TEKIT , Tekit, YUCATÁN","telefono":"","correo":"","sitio_web":"","fuente":"DENUE, INEGI"}},{"type":"Feature","id":"6988536","geometry":{"type":"Point","coordinates":[-89.33339099,20.54320708]},"properties":{"id":"6988536","nombre":"BALNEARIO EL CERRITO","categoria":"atractivos","categorias":["atractivos"],"clase_actividad":"Parques acuáticos y balnearios del sector privado","direccion":"CALLE 26 A, MEJORADA, CP 97680, TEKIT , Tekit, YUCATÁN","telefono":"9971070676","correo":"","sitio_web":"","fuente":"DENUE, INEGI"}},{"type":"Feature","id":"6989549","geometry":{"type":"Point","coordinates":[-89.38794354,20.38976039]},"properties":{"id":"6989549","nombre":"VENTA DE ANTOJITOS SIN NOMBRE","categoria":"alimentos","categorias":["alimentos"],"clase_actividad":"Servicios de preparación de otros alimentos para consumo inmediato","direccion":"CALLE 21, SANTA LUCIA, CP 97850, MANÍ , Maní, YUCATÁN","telefono":"9971519350","correo":"","sitio_web":"","fuente":"DENUE, INEGI"}},{"type":"Feature","id":"6989591","geometry":{"type":"Point","coordinates":[-89.28281149,20.40266882]},"properties":{"id":"6989591","nombre":"ESTETICA MERLISA","categoria":"salud","categorias":["salud"],"clase_actividad":"Salones y clínicas de belleza y peluquerías","direccion":"CALLE 30 186, TEABO, CP 97910, TEABO , Teabo, YUCATÁN","telefono":"9971554879","correo":"","sitio_web":"","fuente":"DENUE, INEGI"}},{"type":"Feature","id":"6989665","geometry":{"type":"Point","coordinates":[-89.28275575,20.40315573]},"properties":{"id":"6989665","nombre":"BARBERIA FORASTERO","categoria":"salud","categorias":["salud"],"clase_actividad":"Salones y clínicas de belleza y peluquerías","direccion":"CALLE 30 201, TEABO, CP 97910, TEABO , Teabo, YUCATÁN","telefono":"9971289517","correo":"","sitio_web":"","fuente":"DENUE, INEGI"}},{"type":"Feature","id":"6989739","geometry":{"type":"Point","coordinates":[-89.2808978,20.40744263]},"properties":{"id":"6989739","nombre":"TENDEJON EL CAMPESINO","categoria":"abasto","categorias":["abasto"],"clase_actividad":"Comercio al por menor en tiendas de abarrotes, ultramarinos y misceláneas","direccion":"CALLE 21 200, TEABO, CP 97910, TEABO , Teabo, YUCATÁN","telefono":"","correo":"","sitio_web":"","fuente":"DENUE, INEGI"}},{"type":"Feature","id":"6989838","geometry":{"type":"Point","coordinates":[-89.38271591,20.38834002]},"properties":{"id":"6989838","nombre":"SALON GISELA","categoria":"salud","categorias":["salud"],"clase_actividad":"Salones y clínicas de belleza y peluquerías","direccion":"CALLE 16, CANDELARIA, CP 97850, MANÍ , Maní, YUCATÁN","telefono":"","correo":"","sitio_web":"","fuente":"DENUE, INEGI"}},{"type":"Feature","id":"7011825","geometry":{"type":"Point","coordinates":[-92.10500752,16.89799114]},"properties":{"id":"7011825","nombre":"CONSULTORIO DENTAL J ROBSEL","categoria":"salud","categorias":["salud"],"clase_actividad":"Consultorios dentales del sector privado","direccion":"AVENIDA GUAYACAN, FLANBOYANT, CP 29950, OCOSINGO , Ocosingo, CHIAPAS","telefono":"9191211938","correo":"ROBERTOBAOSSOTO@YAHOO.COM","sitio_web":"","fuente":"DENUE, INEGI"}},{"type":"Feature","id":"7033394","geometry":{"type":"Point","coordinates":[-89.30733691,20.43161778]},"properties":{"id":"7033394","nombre":"VENTA DE LEÑA SIN NOMBRE","categoria":"combustible","categorias":["combustible"],"clase_actividad":"Comercio al por menor de otros combustibles","direccion":"CALLE NINGUNO, CHUMAYEL, CP 97904, CHUMAYEL , Chumayel, YUCATÁN","telefono":"","correo":"","sitio_web":"","fuente":"DENUE, INEGI"}},{"type":"Feature","id":"7053570","geometry":{"type":"Point","coordinates":[-89.99892521,20.58500132]},"properties":{"id":"7053570","nombre":"POSADA DOÑA BETY","categoria":"alojamiento","categorias":["alojamiento"],"clase_actividad":"Pensiones y casas de huéspedes","direccion":"CALLE 18, CENTRO, CP 97800, MAXCANÚ , Maxcanú, YUCATÁN","telefono":"","correo":"","sitio_web":"","fuente":"DENUE, INEGI"}},{"type":"Feature","id":"7053572","geometry":{"type":"Point","coordinates":[-90.00007699,20.58463981]},"properties":{"id":"7053572","nombre":"ESTACIONAMIENTO PARTICULAR","categoria":"alojamiento","categorias":["alojamiento"],"clase_actividad":"Estacionamientos y pensiones para vehículos automotores","direccion":"CALLE 20, CENTRO, CP 97800, MAXCANÚ , Maxcanú, YUCATÁN","telefono":"","correo":"","sitio_web":"","fuente":"DENUE, INEGI"}},{"type":"Feature","id":"7053636","geometry":{"type":"Point","coordinates":[-89.99302039,20.58753342]},"properties":{"id":"7053636","nombre":"BRENDA","categoria":"abasto","categorias":["abasto"],"clase_actividad":"Comercio al por menor en tiendas de abarrotes, ultramarinos y misceláneas","direccion":"CALLE 14 106, MONTY, CP 97800, MAXCANÚ , Maxcanú, YUCATÁN","telefono":"","correo":"","sitio_web":"","fuente":"DENUE, INEGI"}},{"type":"Feature","id":"7067871","geometry":{"type":"Point","coordinates":[-92.11213832,16.91351454]},"properties":{"id":"7067871","nombre":"MINI ABARROTES AMAYRANI","categoria":"abasto","categorias":["abasto"],"clase_actividad":"Comercio al por menor en tiendas de abarrotes, ultramarinos y misceláneas","direccion":"CALLE NINGUNO, EL ARROYO, CP 29950, OCOSINGO , Ocosingo, CHIAPAS","telefono":"","correo":"","sitio_web":"","fuente":"DENUE, INEGI"}},{"type":"Feature","id":"7131468","geometry":{"type":"Point","coordinates":[-92.10957116,16.9084179]},"properties":{"id":"7131468","nombre":"VENTA DE ANTOJITOS SIN NOMBRE","categoria":"alimentos","categorias":["alimentos"],"clase_actividad":"Restaurantes con servicio de preparación de antojitos","direccion":"CALLE NIÑOS HEROES, MIRADOR, CP 29950, OCOSINGO , Ocosingo, CHIAPAS","telefono":"9191210848","correo":"","sitio_web":"","fuente":"DENUE, INEGI"}},{"type":"Feature","id":"7131476","geometry":{"type":"Point","coordinates":[-92.11172147,16.91058649]},"properties":{"id":"7131476","nombre":"ABARROTES SIN NOMBRE","categoria":"abasto","categorias":["abasto"],"clase_actividad":"Comercio al por menor en tiendas de abarrotes, ultramarinos y misceláneas","direccion":"CALLE NINGUNO, LAJA TENDIDA, CP 29950, OCOSINGO , Ocosingo, CHIAPAS","telefono":"","correo":"","sitio_web":"","fuente":"DENUE, INEGI"}},{"type":"Feature","id":"7285618","geometry":{"type":"Point","coordinates":[-90.18061501,20.12709884]},"properties":{"id":"7285618","nombre":"TIENDA DE ABARROTES SIN NOMBRE","categoria":"abasto","categorias":["abasto"],"clase_actividad":"Comercio al por menor en tiendas de abarrotes, ultramarinos y misceláneas","direccion":"CALLE 12, SAN PEDRO, CP 24810, POMUCH , Hecelchakán, CAMPECHE","telefono":"","correo":"","sitio_web":"","fuente":"DENUE, INEGI"}},{"type":"Feature","id":"7286457","geometry":{"type":"Point","coordinates":[-90.17762308,20.13206217]},"properties":{"id":"7286457","nombre":"LABORATORIO Y CONSULTORIO MEDICO SIN NOMBRE","categoria":"salud","categorias":["salud"],"clase_actividad":"Consultorios de medicina general del sector privado","direccion":"CALLE 12, SAN PEDRO, CP 24810, POMUCH , Hecelchakán, CAMPECHE","telefono":"9811064074","correo":"","sitio_web":"","fuente":"DENUE, INEGI"}},{"type":"Feature","id":"7286504","geometry":{"type":"Point","coordinates":[-90.17943836,20.12893825]},"properties":{"id":"7286504","nombre":"TIENDA DE ABARROTES MIRNA","categoria":"abasto","categorias":["abasto"],"clase_actividad":"Comercio al por menor en tiendas de abarrotes, ultramarinos y misceláneas","direccion":"CALLE 12, BENITO JUAREZ, CP 24810, POMUCH , Hecelchakán, CAMPECHE","telefono":"","correo":"","sitio_web":"","fuente":"DENUE, INEGI"}},{"type":"Feature","id":"7286518","geometry":{"type":"Point","coordinates":[-90.1689564,20.13123916]},"properties":{"id":"7286518","nombre":"PANADERIA DOÑA MARY","categoria":"alimentos","categorias":["alimentos"],"clase_actividad":"Panificación tradicional","direccion":"CARRETERA CAMPECHE MERIDA, SAN PEDRO, CP 24810, POMUCH , Hecelchakán, CAMPECHE","telefono":"9811330929","correo":"","sitio_web":"","fuente":"DENUE, INEGI"}},{"type":"Feature","id":"7515959","geometry":{"type":"Point","coordinates":[-90.39392382,20.86738833]},"properties":{"id":"7515959","nombre":"TIENDA YESHIA","categoria":"abasto","categorias":["abasto"],"clase_actividad":"Comercio al por menor en tiendas de abarrotes, ultramarinos y misceláneas","direccion":"CALLE 6, BENITO JUÁREZ, CP 97367, CELESTÚN , Celestún, YUCATÁN","telefono":"","correo":"","sitio_web":"","fuente":"DENUE, INEGI"}},{"type":"Feature","id":"7515960","geometry":{"type":"Point","coordinates":[-90.39623244,20.86792898]},"properties":{"id":"7515960","nombre":"POSADA EL PRINCIPE JOAQUIN","categoria":"alojamiento","categorias":["alojamiento"],"clase_actividad":"Pensiones y casas de huéspedes","direccion":"CALLE 12, BENITO JUÁREZ, CP 97367, CELESTÚN , Celestún, YUCATÁN","telefono":"","correo":"","sitio_web":"","fuente":"DENUE, INEGI"}},{"type":"Feature","id":"7516007","geometry":{"type":"Point","coordinates":[-90.39728901,20.86628198]},"properties":{"id":"7516007","nombre":"HOTEL MANGLARES","categoria":"alojamiento","categorias":["alojamiento"],"clase_actividad":"Hoteles sin otros servicios integrados","direccion":"CALLE 12, BENITO JUÁREZ, CP 97367, CELESTÚN , Celestún, YUCATÁN","telefono":"","correo":"HOTELMANGLARES@HOTMAIL.COM","sitio_web":"","fuente":"DENUE, INEGI"}},{"type":"Feature","id":"7516077","geometry":{"type":"Point","coordinates":[-90.39236128,20.86625175]},"properties":{"id":"7516077","nombre":"PELUQUERIA SIN NOMBRE","categoria":"salud","categorias":["salud"],"clase_actividad":"Salones y clínicas de belleza y peluquerías","direccion":"CALLE 2, BENITO JUÁREZ, CP 97367, CELESTÚN , Celestún, YUCATÁN","telefono":"","correo":"","sitio_web":"","fuente":"DENUE, INEGI"}},{"type":"Feature","id":"7516080","geometry":{"type":"Point","coordinates":[-90.39416935,20.86675421]},"properties":{"id":"7516080","nombre":"ANTOJITOS DE KIBIS","categoria":"alimentos","categorias":["alimentos"],"clase_actividad":"Restaurantes con servicio de preparación de antojitos","direccion":"CALLE 6, BENITO JUÁREZ, CP 97367, CELESTÚN , Celestún, YUCATÁN","telefono":"","correo":"","sitio_web":"","fuente":"DENUE, INEGI"}},{"type":"Feature","id":"7516081","geometry":{"type":"Point","coordinates":[-90.39468769,20.86431911]},"properties":{"id":"7516081","nombre":"FARMACIA ESTRELLA DEL MAR","categoria":"salud","categorias":["salud"],"clase_actividad":"Farmacias sin minisúper","direccion":"CALLE 3, BENITO JUÁREZ, CP 97367, CELESTÚN , Celestún, YUCATÁN","telefono":"","correo":"","sitio_web":"","fuente":"DENUE, INEGI"}},{"type":"Feature","id":"7516130","geometry":{"type":"Point","coordinates":[-90.39540715,20.86408175]},"properties":{"id":"7516130","nombre":"ESTETICA AZUL TURQUESA","categoria":"salud","categorias":["salud"],"clase_actividad":"Salones y clínicas de belleza y peluquerías","direccion":"CALLE 6, BENITO JUÁREZ, CP 97367, CELESTÚN , Celestún, YUCATÁN","telefono":"","correo":"","sitio_web":"","fuente":"DENUE, INEGI"}},{"type":"Feature","id":"7516247","geometry":{"type":"Point","coordinates":[-90.39925006,20.86003281]},"properties":{"id":"7516247","nombre":"TERMINAL DE AUTOBUS ORIENTE","categoria":"transporte","categorias":["transporte"],"clase_actividad":"Transporte colectivo foráneo de pasajeros de ruta fija","direccion":"CALLE 13 98, CENTRO, CP 97367, CELESTÚN , Celestún, YUCATÁN","telefono":"","correo":"INFORMATION@MOBILITYADO.COM","sitio_web":"","fuente":"DENUE, INEGI"}},{"type":"Feature","id":"7632403","geometry":{"type":"Point","coordinates":[-92.94867843,17.98921202]},"properties":{"id":"7632403","nombre":"SANTO PIKETE","categoria":"alimentos","categorias":["alimentos"],"clase_actividad":"Cafeterías, fuentes de sodas, neverías, refresquerías y similares","direccion":"BOULEVARD ADOLFO RUIZ CORTINES 2103, ATASTA DE SERRA, CP 86100, VILLAHERMOSA , Centro, TABASCO","telefono":"9933228155","correo":"PEDROVOLANTE15@GMAIL.COM","sitio_web":"CAFECOLIBRI.COM.MX","fuente":"DENUE, INEGI"}},{"type":"Feature","id":"7670716","geometry":{"type":"Point","coordinates":[-92.9478775,17.98856303]},"properties":{"id":"7670716","nombre":"ABARROTES MARY","categoria":"abasto","categorias":["abasto"],"clase_actividad":"Comercio al por menor en tiendas de abarrotes, ultramarinos y misceláneas","direccion":"CALLE MARIANO ABASOLO 518, ATASTA DE SERRA, CP 86100, VILLAHERMOSA , Centro, TABASCO","telefono":"9932858101","correo":"","sitio_web":"","fuente":"DENUE, INEGI"}},{"type":"Feature","id":"7670719","geometry":{"type":"Point","coordinates":[-92.94585436,17.99008386]},"properties":{"id":"7670719","nombre":"TALLER LOS CHELOS","categoria":"alojamiento","categorias":["alojamiento"],"clase_actividad":"Reparación de suspensiones de automóviles y camiones","direccion":"CALLE EMILIANO ZAPATA 109, ATASTA DE SERRA, CP 86100, VILLAHERMOSA , Centro, TABASCO","telefono":"9932239838","correo":"","sitio_web":"","fuente":"DENUE, INEGI"}},{"type":"Feature","id":"7670773","geometry":{"type":"Point","coordinates":[-92.94800155,17.98795424]},"properties":{"id":"7670773","nombre":"LA PASADITA","categoria":"alimentos","categorias":["alimentos"],"clase_actividad":"Restaurantes con servicio de preparación de antojitos","direccion":"CALLE MARIANO ABASOLO 504, ATASTA DE SERRA, CP 86100, VILLAHERMOSA , Centro, TABASCO","telefono":"9931349292","correo":"","sitio_web":"","fuente":"DENUE, INEGI"}},{"type":"Feature","id":"7675146","geometry":{"type":"Point","coordinates":[-89.62241306,20.96746847]},"properties":{"id":"7675146","nombre":"HOTEL LA CATEDRAL","categoria":"alojamiento","categorias":["alojamiento"],"clase_actividad":"Cabañas, villas y similares","direccion":"CALLE 61 499, CENTRO, CP 97000, MÉRIDA , Mérida, YUCATÁN","telefono":"9992928988","correo":"HOTELCATEDRALMERIDA@HOTMAIL.COM","sitio_web":"","fuente":"DENUE, INEGI"}},{"type":"Feature","id":"7712039","geometry":{"type":"Point","coordinates":[-93.21529131,18.27572095]},"properties":{"id":"7712039","nombre":"ESTETICA STUDIO JENNY NAILS","categoria":"salud","categorias":["salud"],"clase_actividad":"Salones y clínicas de belleza y peluquerías","direccion":"CERRADA SOR JUANA INES, BICENTENARIO, CP 86340, COMALCALCO , Comalcalco, TABASCO","telefono":"9331084721","correo":"","sitio_web":"","fuente":"DENUE, INEGI"}},{"type":"Feature","id":"7712247","geometry":{"type":"Point","coordinates":[-93.20592824,18.28023864]},"properties":{"id":"7712247","nombre":"MUSEO DE SITIO DE COMALCALCO","categoria":"atractivos","categorias":["atractivos"],"clase_actividad":"Museos del sector público","direccion":"CARRETERA A LA ZONA ARQUEOLOGICA, NORTE PRIMERA, CP 86670, COMALCALCO , Comalcalco, TABASCO","telefono":"","correo":"","sitio_web":"","fuente":"DENUE, INEGI"}},{"type":"Feature","id":"7712306","geometry":{"type":"Point","coordinates":[-93.21377444,18.27610207]},"properties":{"id":"7712306","nombre":"TIENDA DE ABARROTES MINI MART","categoria":"abasto","categorias":["abasto"],"clase_actividad":"Comercio al por menor en tiendas de abarrotes, ultramarinos y misceláneas","direccion":"AVENIDA REVOLUCION, BICENTENARIO, CP 86340, COMALCALCO , Comalcalco, TABASCO","telefono":"","correo":"","sitio_web":"","fuente":"DENUE, INEGI"}},{"type":"Feature","id":"7712311","geometry":{"type":"Point","coordinates":[-93.21296338,18.27647683]},"properties":{"id":"7712311","nombre":"TIENDA DE ABARROTES YOLI","categoria":"abasto","categorias":["abasto"],"clase_actividad":"Comercio al por menor en tiendas de abarrotes, ultramarinos y misceláneas","direccion":"PRIVADA DOS, BICENTENARIO, CP 86340, COMALCALCO , Comalcalco, TABASCO","telefono":"","correo":"","sitio_web":"","fuente":"DENUE, INEGI"}},{"type":"Feature","id":"7720826","geometry":{"type":"Point","coordinates":[-92.13426686,18.0887619]},"properties":{"id":"7720826","nombre":"CONSULTORIO MEDICO ISSSTE","categoria":"salud","categorias":["salud"],"clase_actividad":"Consultorios de medicina general del sector privado","direccion":"CALLE BENITO JUAREZ GARCIA 11, CENTRO, CP 86781, JONUTA , Jonuta, TABASCO","telefono":"","correo":"","sitio_web":"","fuente":"DENUE, INEGI"}},{"type":"Feature","id":"7723898","geometry":{"type":"Point","coordinates":[-93.06473033,18.17138812]},"properties":{"id":"7723898","nombre":"ABARROTES DEL ANGEL","categoria":"abasto","categorias":["abasto"],"clase_actividad":"Comercio al por menor en tiendas de abarrotes, ultramarinos y misceláneas","direccion":"CALLE PROFESOR EDEL ORUETA LOPEZ, LA CANDELARIA, CP 86200, JALPA DE MÉNDEZ , Jalpa de Méndez, TABASCO","telefono":"","correo":"","sitio_web":"","fuente":"DENUE, INEGI"}},{"type":"Feature","id":"7723951","geometry":{"type":"Point","coordinates":[-93.06701555,18.17560186]},"properties":{"id":"7723951","nombre":"REFACCIONARIA EL TAXISTA","categoria":"transporte","categorias":["transporte"],"clase_actividad":"Comercio al por menor de partes y refacciones nuevas para automóviles, camionetas y camiones","direccion":"CALLE DUEÑAS, SANTA ANA, CP 86200, JALPA DE MÉNDEZ , Jalpa de Méndez, TABASCO","telefono":"","correo":"","sitio_web":"","fuente":"DENUE, INEGI"}},{"type":"Feature","id":"7731220","geometry":{"type":"Point","coordinates":[-92.77905523,17.4595047]},"properties":{"id":"7731220","nombre":"ETETICA UNISEX MAYI","categoria":"salud","categorias":["salud"],"clase_actividad":"Salones y clínicas de belleza y peluquerías","direccion":"CALLE CARLOS PELLICER CAMARA, CENTRO, CP 86890, TAPIJULAPA , Tacotalpa, TABASCO","telefono":"","correo":"","sitio_web":"","fuente":"DENUE, INEGI"}},{"type":"Feature","id":"7731273","geometry":{"type":"Point","coordinates":[-92.77971874,17.45952249]},"properties":{"id":"7731273","nombre":"ISSET","categoria":"salud","categorias":["salud"],"clase_actividad":"Consultorios de medicina general del sector público","direccion":"CALLE CARLOS ALBERTO MADRAZO BECERRA, TAPIJULPA, CP 86890, TAPIJULAPA , Tacotalpa, TABASCO","telefono":"","correo":"","sitio_web":"","fuente":"DENUE, INEGI"}},{"type":"Feature","id":"7752148","geometry":{"type":"Point","coordinates":[-92.77837812,17.46038113]},"properties":{"id":"7752148","nombre":"HOTEL COMUNITARIO ANTURIO","categoria":"alojamiento","categorias":["alojamiento"],"clase_actividad":"Hoteles sin otros servicios integrados","direccion":"AVENIDA JOSE LOPEZ PORTILLO, CENTRO, CP 86890, TAPIJULAPA , Tacotalpa, TABASCO","telefono":"9323277240","correo":"","sitio_web":"","fuente":"DENUE, INEGI"}},{"type":"Feature","id":"7757772","geometry":{"type":"Point","coordinates":[-88.81941413,20.5470521]},"properties":{"id":"7757772","nombre":"ESTETICA SIN NOMBRE","categoria":"salud","categorias":["salud"],"clase_actividad":"Salones y clínicas de belleza y peluquerías","direccion":"CALLE 25, SAN JOSÉ, CP 97920, YAXCABÁ , Yaxcabá, YUCATÁN","telefono":"","correo":"","sitio_web":"","fuente":"DENUE, INEGI"}},{"type":"Feature","id":"7785461","geometry":{"type":"Point","coordinates":[-92.10011598,16.90887639]},"properties":{"id":"7785461","nombre":"BAÑOS PUBLICOS DE LA SOCIEDAD DE AUTOTRANSPORTE DE COMBIS VALLE DE JOVEL","categoria":"transporte","categorias":["transporte"],"clase_actividad":"Sanitarios públicos y bolerías","direccion":"CALLE CUARTA PONIENTE NORTE, LINDA VISTA, CP 29950, OCOSINGO , Ocosingo, CHIAPAS","telefono":"","correo":"","sitio_web":"","fuente":"DENUE, INEGI"}},{"type":"Feature","id":"7801153","geometry":{"type":"Point","coordinates":[-88.82368298,20.54564878]},"properties":{"id":"7801153","nombre":"PELUQUERIA SIN NOMBRE","categoria":"salud","categorias":["salud"],"clase_actividad":"Salones y clínicas de belleza y peluquerías","direccion":"CALLE 16, SANTA LUCÍA, CP 97920, YAXCABÁ , Yaxcabá, YUCATÁN","telefono":"","correo":"","sitio_web":"","fuente":"DENUE, INEGI"}},{"type":"Feature","id":"7990507","geometry":{"type":"Point","coordinates":[-90.39406838,20.86696311]},"properties":{"id":"7990507","nombre":"ANTOJITOS LA GUADALUPANA","categoria":"alimentos","categorias":["alimentos"],"clase_actividad":"Restaurantes con servicio de preparación de antojitos","direccion":"CALLE 6, BENITO JUÁREZ, CP 97367, CELESTÚN , Celestún, YUCATÁN","telefono":"","correo":"","sitio_web":"","fuente":"DENUE, INEGI"}},{"type":"Feature","id":"7990609","geometry":{"type":"Point","coordinates":[-90.00084539,20.59170619]},"properties":{"id":"7990609","nombre":"BALNEARIO SAN ROMAN","categoria":"atractivos","categorias":["atractivos"],"clase_actividad":"Alquiler sin intermediación de salones para fiestas y convenciones","direccion":"CALLE 11, CENTRO, CP 97800, MAXCANÚ , Maxcanú, YUCATÁN","telefono":"","correo":"","sitio_web":"","fuente":"DENUE, INEGI"}},{"type":"Feature","id":"7990611","geometry":{"type":"Point","coordinates":[-90.00010328,20.58647727]},"properties":{"id":"7990611","nombre":"PLAZA HORTENCIA Y MIGUEL ANGEL","categoria":"alojamiento","categorias":["alojamiento"],"clase_actividad":"Departamentos y casas amueblados con servicios de hotelería","direccion":"CALLE 18 A, CENTRO, CP 97800, MAXCANÚ , Maxcanú, YUCATÁN","telefono":"9971016166","correo":"","sitio_web":"","fuente":"DENUE, INEGI"}},{"type":"Feature","id":"7991673","geometry":{"type":"Point","coordinates":[-92.13374287,18.09078247]},"properties":{"id":"7991673","nombre":"MINI ABARROTES JUAN","categoria":"abasto","categorias":["abasto"],"clase_actividad":"Comercio al por menor en tiendas de abarrotes, ultramarinos y misceláneas","direccion":"CALLE PRUDENCIO LOPEZ, CENTRO, CP 86781, JONUTA , Jonuta, TABASCO","telefono":"","correo":"","sitio_web":"","fuente":"DENUE, INEGI"}},{"type":"Feature","id":"7991738","geometry":{"type":"Point","coordinates":[-93.22239654,18.2643746]},"properties":{"id":"7991738","nombre":"BANCO COMPARTAMOS COMALCALCO REFORMA","categoria":"servicios_financieros","categorias":["servicios_financieros"],"clase_actividad":"Banca múltiple","direccion":"AVENIDA REFORMA 208, CENTRO, CP 86300, COMALCALCO , Comalcalco, TABASCO","telefono":"","correo":"SUPCAJAS1CREFORMA@COMPARTAMOS.COM","sitio_web":"","fuente":"DENUE, INEGI"}},{"type":"Feature","id":"8001182","geometry":{"type":"Point","coordinates":[-93.22037549,18.26658706]},"properties":{"id":"8001182","nombre":"170 HD COMALCALCO","categoria":"combustible","categorias":["combustible"],"clase_actividad":"Comercio al por menor de gasolina y diesel","direccion":"BOULEVARD ADOLFO LOPEZ MATEOS 102, CENTRO, CP 86300, COMALCALCO , Comalcalco, TABASCO","telefono":"","correo":"ATENCIONACLIENTES@HIDROSINA.COM.MX","sitio_web":"WWW.HIDROSINA.COM.MX","fuente":"DENUE, INEGI"}},{"type":"Feature","id":"8160752","geometry":{"type":"Point","coordinates":[-90.16856501,20.13121793]},"properties":{"id":"8160752","nombre":"PANADERIA DOÑA MARY","categoria":"alimentos","categorias":["alimentos"],"clase_actividad":"Comercio al por menor de otros alimentos","direccion":"CALLE NINGUNO, SAN PEDRO, CP 24810, POMUCH , Hecelchakán, CAMPECHE","telefono":"","correo":"","sitio_web":"","fuente":"DENUE, INEGI"}},{"type":"Feature","id":"8336513","geometry":{"type":"Point","coordinates":[-92.77970882,17.459531]},"properties":{"id":"8336513","nombre":"CONSULTORIO DENTAL","categoria":"salud","categorias":["salud"],"clase_actividad":"Consultorios dentales del sector privado","direccion":"CALLE CARLOS ALBERTO MADRAZO BECERRA, TAPIJULPA, CP 86890, TAPIJULAPA , Tacotalpa, TABASCO","telefono":"","correo":"","sitio_web":"","fuente":"DENUE, INEGI"}},{"type":"Feature","id":"8336598","geometry":{"type":"Point","coordinates":[-92.12716246,18.10607657]},"properties":{"id":"8336598","nombre":"VENTA DE LEÑA SIN NOMBRE","categoria":"combustible","categorias":["combustible"],"clase_actividad":"Comercio al por menor de otros combustibles","direccion":"CALLE CANTEMOC 105, SOLIDARIDAD, CP 86781, JONUTA , Jonuta, TABASCO","telefono":"","correo":"","sitio_web":"","fuente":"DENUE, INEGI"}},{"type":"Feature","id":"8336600","geometry":{"type":"Point","coordinates":[-92.13315491,18.09201586]},"properties":{"id":"8336600","nombre":"VENTA DE LEÑA","categoria":"combustible","categorias":["combustible"],"clase_actividad":"Comercio al por menor de otros combustibles","direccion":"CALLE NINGUNO 20, CENTRO, CP 86781, JONUTA , Jonuta, TABASCO","telefono":"9131002323","correo":"SALUDTACU@GMAIL.COM","sitio_web":"","fuente":"DENUE, INEGI"}},{"type":"Feature","id":"8352730","geometry":{"type":"Point","coordinates":[-89.62354897,20.96767286]},"properties":{"id":"8352730","nombre":"ARTESANIAS MEXICO LINDO","categoria":"abasto","categorias":["abasto"],"clase_actividad":"Comercio al por menor en tiendas de artesanías","direccion":"CALLE 61 501, Int. 14, CENTRO, CP 97000, MÉRIDA , Mérida, YUCATÁN","telefono":"","correo":"","sitio_web":"","fuente":"DENUE, INEGI"}},{"type":"Feature","id":"8378407","geometry":{"type":"Point","coordinates":[-89.33768908,20.53931236]},"properties":{"id":"8378407","nombre":"ESTETICA NANCY","categoria":"salud","categorias":["salud"],"clase_actividad":"Salones y clínicas de belleza y peluquerías","direccion":"CALLE 17, SAN MARTIN, CP 97680, TEKIT , Tekit, YUCATÁN","telefono":"9971428964","correo":"","sitio_web":"","fuente":"DENUE, INEGI"}},{"type":"Feature","id":"8378658","geometry":{"type":"Point","coordinates":[-89.64782664,20.32729333]},"properties":{"id":"8378658","nombre":"ESTETICA UNISEX SHAJUMI","categoria":"salud","categorias":["salud"],"clase_actividad":"Salones y clínicas de belleza y peluquerías","direccion":"CALLE 23, SAN JUAN, CP 97890, SANTA ELENA , Santa Elena, YUCATÁN","telefono":"9971074553","correo":"","sitio_web":"","fuente":"DENUE, INEGI"}},{"type":"Feature","id":"8379124","geometry":{"type":"Point","coordinates":[-89.33022137,20.53289827]},"properties":{"id":"8379124","nombre":"POSADA SAN CRISTOBAL","categoria":"alojamiento","categorias":["alojamiento"],"clase_actividad":"Pensiones y casas de huéspedes","direccion":"CALLE 27, SAN CRISTOBAL, CP 97680, TEKIT , Tekit, YUCATÁN","telefono":"9971292553","correo":"","sitio_web":"","fuente":"DENUE, INEGI"}},{"type":"Feature","id":"8395270","geometry":{"type":"Point","coordinates":[-89.28130839,20.39367904]},"properties":{"id":"8395270","nombre":"BALNEARIO SAN FRANCISCO","categoria":"atractivos","categorias":["atractivos"],"clase_actividad":"Parques acuáticos y balnearios del sector privado","direccion":"CALLE 39, SAN FRANCISCO, CP 97910, TEABO , Teabo, YUCATÁN","telefono":"","correo":"","sitio_web":"","fuente":"DENUE, INEGI"}},{"type":"Feature","id":"8418962","geometry":{"type":"Point","coordinates":[-90.39541988,20.86423643]},"properties":{"id":"8418962","nombre":"SALON DE BELLEZA ADRIAN CAUICH","categoria":"salud","categorias":["salud"],"clase_actividad":"Salones y clínicas de belleza y peluquerías","direccion":"CALLE 6, BENITO JUÁREZ, CP 97367, CELESTÚN , Celestún, YUCATÁN","telefono":"","correo":"","sitio_web":"","fuente":"DENUE, INEGI"}},{"type":"Feature","id":"8431780","geometry":{"type":"Point","coordinates":[-90.00007616,20.584668]},"properties":{"id":"8431780","nombre":"BANCO AZTECA","categoria":"servicios_financieros","categorias":["servicios_financieros"],"clase_actividad":"Banca múltiple","direccion":"CALLE 20, CENTRO, CP 97800, MAXCANÚ , Maxcanú, YUCATÁN","telefono":"","correo":"","sitio_web":"","fuente":"DENUE, INEGI"}},{"type":"Feature","id":"8454211","geometry":{"type":"Point","coordinates":[-89.3846768,20.38692433]},"properties":{"id":"8454211","nombre":"TIENDA DE ABARROTES DOÑA RITA","categoria":"abasto","categorias":["abasto"],"clase_actividad":"Comercio al por menor en tiendas de abarrotes, ultramarinos y misceláneas","direccion":"CALLE 23, CANDELARIA, CP 97850, MANÍ , Maní, YUCATÁN","telefono":"9971212709","correo":"","sitio_web":"","fuente":"DENUE, INEGI"}},{"type":"Feature","id":"8527668","geometry":{"type":"Point","coordinates":[-89.33343803,20.5432658]},"properties":{"id":"8527668","nombre":"BALNEARIO QUINTA SAN DIEGO","categoria":"atractivos","categorias":["atractivos"],"clase_actividad":"Parques acuáticos y balnearios del sector privado","direccion":"CALLE 26 A, MEJORADA, CP 97680, TEKIT , Tekit, YUCATÁN","telefono":"","correo":"","sitio_web":"","fuente":"DENUE, INEGI"}},{"type":"Feature","id":"8551000","geometry":{"type":"Point","coordinates":[-89.62392,20.96647999]},"properties":{"id":"8551000","nombre":"TATTOO ESTUDIO CHECKO PALMA","categoria":"salud","categorias":["salud"],"clase_actividad":"Salones y clínicas de belleza y peluquerías","direccion":"CALLE 63 504, CENTRO, CP 97000, MÉRIDA , Mérida, YUCATÁN","telefono":"9999951059","correo":"","sitio_web":"","fuente":"DENUE, INEGI"}},{"type":"Feature","id":"8571949","geometry":{"type":"Point","coordinates":[-92.10031105,16.91475088]},"properties":{"id":"8571949","nombre":"ESTACIONAMIENTO DE TAXIS","categoria":"alojamiento","categorias":["alojamiento","transporte"],"clase_actividad":"Estacionamientos y pensiones para vehículos automotores","direccion":"CALLE NINGUNO, LISTA VISTA, CP 29950, OCOSINGO , Ocosingo, CHIAPAS","telefono":"","correo":"","sitio_web":"","fuente":"DENUE, INEGI"}},{"type":"Feature","id":"8577116","geometry":{"type":"Point","coordinates":[-93.06391302,18.17627738]},"properties":{"id":"8577116","nombre":"CAFE LA CABAÑA","categoria":"alojamiento","categorias":["alojamiento"],"clase_actividad":"Cafeterías, fuentes de sodas, neverías, refresquerías y similares","direccion":"CALLE PLAZA HIDALGO, SANTA ANA, CP 86200, JALPA DE MÉNDEZ , Jalpa de Méndez, TABASCO","telefono":"9931908047","correo":"","sitio_web":"","fuente":"DENUE, INEGI"}},{"type":"Feature","id":"8577279","geometry":{"type":"Point","coordinates":[-93.06914295,18.17336329]},"properties":{"id":"8577279","nombre":"PANADERIA SIN NOMBRE","categoria":"alimentos","categorias":["alimentos"],"clase_actividad":"Panificación tradicional","direccion":"CALLE CERRADA IGNACIO ALLENDE, SANTA ANA, CP 86200, JALPA DE MÉNDEZ , Jalpa de Méndez, TABASCO","telefono":"","correo":"","sitio_web":"","fuente":"DENUE, INEGI"}},{"type":"Feature","id":"8634771","geometry":{"type":"Point","coordinates":[-90.03137681,21.1633602]},"properties":{"id":"8634771","nombre":"ESTACION SISAL","categoria":"combustible","categorias":["combustible"],"clase_actividad":"Comercio al por menor de gasolina y diesel","direccion":"AVENIDA 1 AVENIDA 16 DE SEPTIEMBRE 108, SISAL, CP 97355, SISAL , Hunucmá, YUCATÁN","telefono":"","correo":"JEFATURA.CONTABLE@ENERKOM.COM.MX","sitio_web":"WWW.ENERKOM.COM.MX","fuente":"DENUE, INEGI"}},{"type":"Feature","id":"8648545","geometry":{"type":"Point","coordinates":[-89.63766044,20.32637432]},"properties":{"id":"8648545","nombre":"BALNEARIO YOHANA","categoria":"atractivos","categorias":["atractivos"],"clase_actividad":"Parques acuáticos y balnearios del sector privado","direccion":"CALLE 21 DIAGONAL, SANTA BÁRBARA, CP 97890, SANTA ELENA , Santa Elena, YUCATÁN","telefono":"9979732741","correo":"","sitio_web":"","fuente":"DENUE, INEGI"}},{"type":"Feature","id":"8779958","geometry":{"type":"Point","coordinates":[-92.95283659,17.99495223]},"properties":{"id":"8779958","nombre":"GEODIS MEXICO","categoria":"transporte","categorias":["transporte"],"clase_actividad":"Otros servicios de intermediación para el transporte de carga","direccion":"CALLE FELIPE CARRILLO PUERTO (PROLONGACIÓN 27 DE FEBRERO) 2991, Int. 3, TABASCO 2000 ESPEJO, CP 86035, VILLAHERMOSA , Centro, TABASCO","telefono":"","correo":"VICTOR.IRIE@GEODIS.COM","sitio_web":"WWW.GEODIS.COM","fuente":"DENUE, INEGI"}},{"type":"Feature","id":"8784272","geometry":{"type":"Point","coordinates":[-93.06134698,18.16149105]},"properties":{"id":"8784272","nombre":"POZOLERIA DOÑA ELENITA","categoria":"alimentos","categorias":["alimentos"],"clase_actividad":"Servicios de preparación de otros alimentos para consumo inmediato","direccion":"CALLE CORONEL GREGORIO MENDEZ MAGAÑA, LA RESURRECCIÓN, CP 86203, JALPA DE MÉNDEZ , Jalpa de Méndez, TABASCO","telefono":"9141140666","correo":"","sitio_web":"","fuente":"DENUE, INEGI"}},{"type":"Feature","id":"8790480","geometry":{"type":"Point","coordinates":[-93.21192842,18.27491152]},"properties":{"id":"8790480","nombre":"TRANSPORTES SAMUEL CARRASCO","categoria":"transporte","categorias":["transporte"],"clase_actividad":"Comercio al por mayor de cemento, tabique y grava","direccion":"CALLE NINGUNO, BICENTENARIO, CP 86340, COMALCALCO , Comalcalco, TABASCO","telefono":"","correo":"","sitio_web":"","fuente":"DENUE, INEGI"}},{"type":"Feature","id":"8810336","geometry":{"type":"Point","coordinates":[-92.77867269,17.45987143]},"properties":{"id":"8810336","nombre":"AY MOJO","categoria":"alimentos","categorias":["alimentos"],"clase_actividad":"Cafeterías, fuentes de sodas, neverías, refresquerías y similares","direccion":"CALLE CARLOS PELLICER CAMARA 1, CENTRO, CP 86890, TAPIJULAPA , Tacotalpa, TABASCO","telefono":"9321220997","correo":"","sitio_web":"","fuente":"DENUE, INEGI"}},{"type":"Feature","id":"8810489","geometry":{"type":"Point","coordinates":[-92.14156663,18.09797963]},"properties":{"id":"8810489","nombre":"CENTRO DE DIVERSION RENTA DE ALBERCAS","categoria":"atractivos","categorias":["atractivos"],"clase_actividad":"Parques acuáticos y balnearios del sector privado","direccion":"PRIVADA TULIPANES, CENTRO, CP 86781, JONUTA , Jonuta, TABASCO","telefono":"","correo":"","sitio_web":"","fuente":"DENUE, INEGI"}},{"type":"Feature","id":"8810613","geometry":{"type":"Point","coordinates":[-92.13326694,18.08939387]},"properties":{"id":"8810613","nombre":"TAQUERIA SILVIA","categoria":"alimentos","categorias":["alimentos"],"clase_actividad":"Restaurantes con servicio de preparación de antojitos","direccion":"CALLE MARINA 2, CENTRO, CP 86781, JONUTA , Jonuta, TABASCO","telefono":"","correo":"","sitio_web":"","fuente":"DENUE, INEGI"}},{"type":"Feature","id":"8810615","geometry":{"type":"Point","coordinates":[-92.1341483,18.08817136]},"properties":{"id":"8810615","nombre":"PESCADERIA REYES","categoria":"alimentos","categorias":["alimentos"],"clase_actividad":"Comercio al por menor de pescados y mariscos","direccion":"CALLE MIGUEL HIDALGO Y COSTILLA 2, CENTRO, CP 86781, JONUTA , Jonuta, TABASCO","telefono":"","correo":"","sitio_web":"","fuente":"DENUE, INEGI"}},{"type":"Feature","id":"8890018","geometry":{"type":"Point","coordinates":[-88.0989548,20.61655082]},"properties":{"id":"8890018","nombre":"FARMACIA VETERINARIA","categoria":"salud","categorias":["salud"],"clase_actividad":"Comercio al por mayor de medicamentos veterinarios y alimentos para animales, excepto mascotas","direccion":"CALLE 18, KANXOC, CP 97785, KANXOC , Valladolid, YUCATÁN","telefono":"","correo":"","sitio_web":"","fuente":"DENUE, INEGI"}},{"type":"Feature","id":"8895786","geometry":{"type":"Point","coordinates":[-89.38925468,20.39184471]},"properties":{"id":"8895786","nombre":"TIENDA DE ABARROTES","categoria":"abasto","categorias":["abasto"],"clase_actividad":"Comercio al por menor en tiendas de abarrotes, ultramarinos y misceláneas","direccion":"CALLE 19, SANTA LUCIA, CP 97850, MANÍ , Maní, YUCATÁN","telefono":"","correo":"","sitio_web":"","fuente":"DENUE, INEGI"}},{"type":"Feature","id":"8967378","geometry":{"type":"Point","coordinates":[-92.94560874,17.98886945]},"properties":{"id":"8967378","nombre":"FARMACIAS GUADALAJARA","categoria":"salud","categorias":["salud"],"clase_actividad":"Farmacias con minisúper","direccion":"CALLE NIÑOS HÉROES 415, ATASTA DE SERRA, CP 86100, VILLAHERMOSA , Centro, TABASCO","telefono":"","correo":"JESPINOZA@FRAGUA.COM.MX","sitio_web":"WWW.FARMACIASGUADALAJARA.COM.MX","fuente":"DENUE, INEGI"}},{"type":"Feature","id":"9081095","geometry":{"type":"Point","coordinates":[-89.2814946,20.40605309]},"properties":{"id":"9081095","nombre":"JUGUERIA MANUEL","categoria":"alimentos","categorias":["alimentos"],"clase_actividad":"Cafeterías, fuentes de sodas, neverías, refresquerías y similares","direccion":"CALLE 23 200, TEABO, CP 97910, TEABO , Teabo, YUCATÁN","telefono":"9971149900","correo":"","sitio_web":"","fuente":"DENUE, INEGI"}},{"type":"Feature","id":"9083237","geometry":{"type":"Point","coordinates":[-93.21289728,18.27691658]},"properties":{"id":"9083237","nombre":"TIENDA DE ABARROTES IRMA","categoria":"abasto","categorias":["abasto"],"clase_actividad":"Comercio al por menor en tiendas de abarrotes, ultramarinos y misceláneas","direccion":"CALLE MIGUEL HIDALGO, BICENTENARIO, CP 86340, COMALCALCO , Comalcalco, TABASCO","telefono":"","correo":"","sitio_web":"","fuente":"DENUE, INEGI"}},{"type":"Feature","id":"9113750","geometry":{"type":"Point","coordinates":[-88.20016619,20.68852598]},"properties":{"id":"9113750","nombre":"CASA XTAKAY","categoria":"alojamiento","categorias":["alojamiento"],"clase_actividad":"Pensiones y casas de huéspedes","direccion":"CALLE 43 198, CENTRO, CP 97780, VALLADOLID , Valladolid, YUCATÁN","telefono":"9851114524","correo":"HOSTALCASATAKAY@HOTMAIL.COM","sitio_web":"","fuente":"DENUE, INEGI"}},{"type":"Feature","id":"9123388","geometry":{"type":"Point","coordinates":[-93.21926167,18.26486233]},"properties":{"id":"9123388","nombre":"CASA DE HUESPEDES SAN DIEGO","categoria":"alojamiento","categorias":["alojamiento"],"clase_actividad":"Pensiones y casas de huéspedes","direccion":"CALLE TOBAGO, SANTO DOMINGO, CP 86369, COMALCALCO , Comalcalco, TABASCO","telefono":"9331562118","correo":"","sitio_web":"","fuente":"DENUE, INEGI"}},{"type":"Feature","id":"9195534","geometry":{"type":"Point","coordinates":[-88.20002038,20.68852727]},"properties":{"id":"9195534","nombre":"RESTAURANTE NENA NENA","categoria":"alimentos","categorias":["alimentos"],"clase_actividad":"Restaurantes que preparan otro tipo de alimentos para llevar","direccion":"CALLE 43 197, CENTRO, CP 97780, VALLADOLID , Valladolid, YUCATÁN","telefono":"","correo":"ANTOJERIANENANENA@GMAIL.COM","sitio_web":"","fuente":"DENUE, INEGI"}},{"type":"Feature","id":"9202584","geometry":{"type":"Point","coordinates":[-88.1993231,20.68852863]},"properties":{"id":"9202584","nombre":"HOTEL BOUTIQUE GAYSER","categoria":"alojamiento","categorias":["alojamiento"],"clase_actividad":"Hoteles sin otros servicios integrados","direccion":"CALLE 43 197, CENTRO, CP 97780, VALLADOLID , Valladolid, YUCATÁN","telefono":"9858525996","correo":"HOTELBOUTIQUEGAYSER@HOTMAIL.COM","sitio_web":"","fuente":"DENUE, INEGI"}},{"type":"Feature","id":"9219529","geometry":{"type":"Point","coordinates":[-93.05016009,18.1757401]},"properties":{"id":"9219529","nombre":"BANCO AZTECA","categoria":"servicios_financieros","categorias":["servicios_financieros"],"clase_actividad":"Banca múltiple","direccion":"CALLE PRIMERA CONSTITUCIÓN, LA GUADALUPE, CP 86200, JALPA DE MÉNDEZ , Jalpa de Méndez, TABASCO","telefono":"","correo":"","sitio_web":"BANCOAZTECA.COM.MX","fuente":"DENUE, INEGI"}},{"type":"Feature","id":"9226877","geometry":{"type":"Point","coordinates":[-92.09998394,16.90925829]},"properties":{"id":"9226877","nombre":"OMNIBUS CRISTOBAL COLON","categoria":"transporte","categorias":["transporte"],"clase_actividad":"Transporte colectivo foráneo de pasajeros de ruta fija","direccion":"AVENIDA CUARTA NORTE PONIENTE, SAN ANTONIO, CP 29950, OCOSINGO , Ocosingo, CHIAPAS","telefono":"9196730431","correo":"INFORMATION@MOBILITYADO.COM","sitio_web":"","fuente":"DENUE, INEGI"}},{"type":"Feature","id":"9226881","geometry":{"type":"Point","coordinates":[-92.09351935,16.9149171]},"properties":{"id":"9226881","nombre":"BANCOPPEL PERIFERICO","categoria":"servicios_financieros","categorias":["servicios_financieros"],"clase_actividad":"Banca múltiple","direccion":"RETORNO CUARTA ORIENTE NORTE 10, EL HERRADERO, CP 29950, OCOSINGO , Ocosingo, CHIAPAS","telefono":"","correo":"","sitio_web":"","fuente":"DENUE, INEGI"}},{"type":"Feature","id":"9226882","geometry":{"type":"Point","coordinates":[-92.09537309,16.90846802]},"properties":{"id":"9226882","nombre":"BANAMEX OCOSINGO","categoria":"servicios_financieros","categorias":["servicios_financieros"],"clase_actividad":"Banca múltiple","direccion":"AVENIDA CENTRAL PONIENTE 3, OCOSINGO CENTRO, CP 29950, OCOSINGO , Ocosingo, CHIAPAS","telefono":"","correo":"","sitio_web":"BANAMEX.COM","fuente":"DENUE, INEGI"}},{"type":"Feature","id":"9226883","geometry":{"type":"Point","coordinates":[-92.08944823,16.90682053]},"properties":{"id":"9226883","nombre":"BANCO AZTECA","categoria":"servicios_financieros","categorias":["servicios_financieros"],"clase_actividad":"Banca múltiple","direccion":"PERIFERICO CUARTA ORIENTE SUR, OCOSINGO, CP 29950, OCOSINGO , Ocosingo, CHIAPAS","telefono":"","correo":"","sitio_web":"","fuente":"DENUE, INEGI"}},{"type":"Feature","id":"9247697","geometry":{"type":"Point","coordinates":[-92.94464843,17.99340742]},"properties":{"id":"9247697","nombre":"BANCO INBURSA SC 348","categoria":"servicios_financieros","categorias":["servicios_financieros"],"clase_actividad":"Banca múltiple","direccion":"CALLE ADOLFO RUÍZ CORTINES 496, TABASCO 2000, CP 86030, VILLAHERMOSA , Centro, TABASCO","telefono":"","correo":"UNIESP@INBURSA.COM","sitio_web":"INBURSA.COM","fuente":"DENUE, INEGI"}},{"type":"Feature","id":"9247732","geometry":{"type":"Point","coordinates":[-92.94642863,17.99145731]},"properties":{"id":"9247732","nombre":"BBVA BANCOMER CITY CENTER VILLAHERMOSA","categoria":"servicios_financieros","categorias":["servicios_financieros"],"clase_actividad":"Banca múltiple","direccion":"AVENIDA AVENIDA DE LAS AMÉRICAS 47, ATASTA DE SERRA, CP 86200, VILLAHERMOSA , Centro, TABASCO","telefono":"","correo":"","sitio_web":"","fuente":"DENUE, INEGI"}},{"type":"Feature","id":"9247740","geometry":{"type":"Point","coordinates":[-92.94656636,17.98395183]},"properties":{"id":"9247740","nombre":"BBVA BANCOMER VILLAHERMOSA ATASTA","categoria":"servicios_financieros","categorias":["servicios_financieros"],"clase_actividad":"Banca múltiple","direccion":"CALLE NIÑOS HÉROES 2, ATASTA DE SERRA, CP 86100, VILLAHERMOSA , Centro, TABASCO","telefono":"","correo":"","sitio_web":"","fuente":"DENUE, INEGI"}},{"type":"Feature","id":"9247760","geometry":{"type":"Point","coordinates":[-92.9463621,17.98374092]},"properties":{"id":"9247760","nombre":"BANCO AZTECA","categoria":"servicios_financieros","categorias":["servicios_financieros"],"clase_actividad":"Banca múltiple","direccion":"AVENIDA CORONEL GREGORIO MÉNDEZ MAGAÑA, PUNTA BRAVA, CP 86150, VILLAHERMOSA , Centro, TABASCO","telefono":"","correo":"","sitio_web":"","fuente":"DENUE, INEGI"}},{"type":"Feature","id":"9247810","geometry":{"type":"Point","coordinates":[-93.2173948,18.28346525]},"properties":{"id":"9247810","nombre":"GASOLINERA REPSOL","categoria":"combustible","categorias":["combustible"],"clase_actividad":"Comercio al por menor de gasolina y diesel","direccion":"CARRETERA ESTATAL COMALCALCO A PARAISO KM 1, Int. 0, NORTE PRIMERA, CP 86650, COMALCALCO , Comalcalco, TABASCO","telefono":"","correo":"GEP.NORMATIVIDAD@GMAIL.COM","sitio_web":"","fuente":"DENUE, INEGI"}},{"type":"Feature","id":"9247823","geometry":{"type":"Point","coordinates":[-93.22037849,18.26664926]},"properties":{"id":"9247823","nombre":"BANORTE COMALCALCO","categoria":"servicios_financieros","categorias":["servicios_financieros"],"clase_actividad":"Banca múltiple","direccion":"BOULEVARD ADOLFO LOPEZ MATEOS 0, CENTRO, CP 86369, COMALCALCO , Comalcalco, TABASCO","telefono":"","correo":"UNE@BANORTE.COM","sitio_web":"WWW.BANORTE.COM","fuente":"DENUE, INEGI"}},{"type":"Feature","id":"9247828","geometry":{"type":"Point","coordinates":[-93.21828759,18.2743563]},"properties":{"id":"9247828","nombre":"BANCOPPEL LOPEZ MATEOS","categoria":"servicios_financieros","categorias":["servicios_financieros"],"clase_actividad":"Banca múltiple","direccion":"BOULEVARD ADOLFO LÓPEZ MATEOS 420, ADOLFO LÓPEZ MATEOS, CP 86300, COMALCALCO , Comalcalco, TABASCO","telefono":"","correo":"","sitio_web":"","fuente":"DENUE, INEGI"}},{"type":"Feature","id":"9247940","geometry":{"type":"Point","coordinates":[-93.05014618,18.17573744]},"properties":{"id":"9247940","nombre":"BANCO AZTECA","categoria":"servicios_financieros","categorias":["servicios_financieros"],"clase_actividad":"Banca múltiple","direccion":"CALLE PRIMERA CONSTITUCIÓN, LA GUADALUPE, CP 86205, JALPA DE MÉNDEZ , Jalpa de Méndez, TABASCO","telefono":"","correo":"","sitio_web":"","fuente":"DENUE, INEGI"}},{"type":"Feature","id":"9251093","geometry":{"type":"Point","coordinates":[-90.00167142,20.59362709]},"properties":{"id":"9251093","nombre":"SIX LA GASOLINERA","categoria":"combustible","categorias":["combustible"],"clase_actividad":"Comercio al por menor de cerveza","direccion":"CALLE 22, SAN ROMÁN, CP 97800, MAXCANÚ , Maxcanú, YUCATÁN","telefono":"","correo":"SAUL.RODRIGUEZ@HEINEKEN.COM","sitio_web":"WWW.HEINEKEN.COM","fuente":"DENUE, INEGI"}},{"type":"Feature","id":"9251095","geometry":{"type":"Point","coordinates":[-90.00198272,20.58472614]},"properties":{"id":"9251095","nombre":"MOVILITY ADO","categoria":"transporte","categorias":["transporte"],"clase_actividad":"Transporte colectivo foráneo de pasajeros de ruta fija","direccion":"CALLE 22, CENTRO, CP 97800, MAXCANÚ , Maxcanú, YUCATÁN","telefono":"","correo":"","sitio_web":"","fuente":"DENUE, INEGI"}},{"type":"Feature","id":"9251814","geometry":{"type":"Point","coordinates":[-89.6232454,20.96624309]},"properties":{"id":"9251814","nombre":"BANCOPPEL CALLE 60 II","categoria":"servicios_financieros","categorias":["servicios_financieros"],"clase_actividad":"Banca múltiple","direccion":"CALLE 60 502, CENTRO, CP 97000, MÉRIDA , Mérida, YUCATÁN","telefono":"","correo":"","sitio_web":"","fuente":"DENUE, INEGI"}},{"type":"Feature","id":"9251829","geometry":{"type":"Point","coordinates":[-89.62317192,20.96664997]},"properties":{"id":"9251829","nombre":"BBVA BANCOMER NAOLINCO","categoria":"servicios_financieros","categorias":["servicios_financieros"],"clase_actividad":"Banca múltiple","direccion":"CALLE 60, CENTRO, CP 97229, MÉRIDA , Mérida, YUCATÁN","telefono":"","correo":"","sitio_web":"","fuente":"DENUE, INEGI"}},{"type":"Feature","id":"9251875","geometry":{"type":"Point","coordinates":[-89.62394012,20.96648329]},"properties":{"id":"9251875","nombre":"235 BANAMEX CASA DE MONTEJO MERIDA YUC","categoria":"servicios_financieros","categorias":["servicios_financieros"],"clase_actividad":"Banca múltiple","direccion":"CALLE 63 506, CENTRO, CP 97000, MÉRIDA , Mérida, YUCATÁN","telefono":"","correo":"","sitio_web":"BANAMEX.COM","fuente":"DENUE, INEGI"}},{"type":"Feature","id":"9252113","geometry":{"type":"Point","coordinates":[-89.28535121,20.40067445]},"properties":{"id":"9252113","nombre":"BANCO AZTECA","categoria":"servicios_financieros","categorias":["servicios_financieros"],"clase_actividad":"Banca múltiple","direccion":"CALLE 32 199, TEABO, CP 97910, TEABO , Teabo, YUCATÁN","telefono":"","correo":"","sitio_web":"","fuente":"DENUE, INEGI"}},{"type":"Feature","id":"9252354","geometry":{"type":"Point","coordinates":[-88.13533889,20.69865472]},"properties":{"id":"9252354","nombre":"GASOLINERA ALCAENERGETICA","categoria":"combustible","categorias":["combustible"],"clase_actividad":"Comercio al por menor de gasolina y diesel","direccion":"CARRETERA LOCALIDAD 800, GASOLINERA CARRETERA VALLADOLID TICUCH, CP 97193, FIGUEROA MARTÍNEZ [GASOLINERA] , Valladolid, YUCATÁN","telefono":"","correo":"RCAMPOS_MORCILLO@HOTMAIL.COM","sitio_web":"","fuente":"DENUE, INEGI"}},{"type":"Feature","id":"9252362","geometry":{"type":"Point","coordinates":[-88.20099532,20.68947976]},"properties":{"id":"9252362","nombre":"BANCOPPEL CALLE 40","categoria":"servicios_financieros","categorias":["servicios_financieros"],"clase_actividad":"Banca múltiple","direccion":"CALLE 40 202, CENTRO, CP 97780, VALLADOLID , Valladolid, YUCATÁN","telefono":"","correo":"","sitio_web":"","fuente":"DENUE, INEGI"}},{"type":"Feature","id":"9252369","geometry":{"type":"Point","coordinates":[-88.13099417,20.69950889]},"properties":{"id":"9252369","nombre":"CASA ALEBRIJES VALLADOLID","categoria":"alojamiento","categorias":["alojamiento"],"clase_actividad":"Hoteles con otros servicios integrados","direccion":"CARRETERA CARRETERA VALLADOLID A CANCUN KM 3+500, TIKUCH, CP 97784, EK-BALAM , Valladolid, YUCATÁN","telefono":"9832003032","correo":"HOTELZACTUN@GMAIL.COM","sitio_web":"","fuente":"DENUE, INEGI"}},{"type":"Feature","id":"9265750","geometry":{"type":"Point","coordinates":[-93.06134403,18.16153896]},"properties":{"id":"9265750","nombre":"TIENDA DE ABARROTES SIN NOMBRE","categoria":"abasto","categorias":["abasto"],"clase_actividad":"Comercio al por menor en tiendas de abarrotes, ultramarinos y misceláneas","direccion":"CALLE CORONEL GREGORIO MENDEZ MAGAÑA, LA RESURRECCIÓN, CP 86200, JALPA DE MÉNDEZ , Jalpa de Méndez, TABASCO","telefono":"","correo":"","sitio_web":"","fuente":"DENUE, INEGI"}},{"type":"Feature","id":"9265998","geometry":{"type":"Point","coordinates":[-92.13397107,18.09068261]},"properties":{"id":"9265998","nombre":"ESTETICA UNISEX SHYMELI","categoria":"salud","categorias":["salud"],"clase_actividad":"Salones y clínicas de belleza y peluquerías","direccion":"CALLE NICOLAS BRAVO, CENTRO, CP 86781, JONUTA , Jonuta, TABASCO","telefono":"","correo":"","sitio_web":"","fuente":"DENUE, INEGI"}},{"type":"Feature","id":"9266002","geometry":{"type":"Point","coordinates":[-92.13392429,18.09025733]},"properties":{"id":"9266002","nombre":"MINI ABARROTES LAS 2 YATZIRI","categoria":"abasto","categorias":["abasto"],"clase_actividad":"Comercio al por menor en tiendas de abarrotes, ultramarinos y misceláneas","direccion":"CALLE MANUEL EVIA 12, CENTRO, CP 86781, JONUTA , Jonuta, TABASCO","telefono":"","correo":"","sitio_web":"","fuente":"DENUE, INEGI"}},{"type":"Feature","id":"9274477","geometry":{"type":"Point","coordinates":[-89.6439239,20.32460692]},"properties":{"id":"9274477","nombre":"VENTA DE GASOLINA SIN NOMBRE","categoria":"combustible","categorias":["combustible"],"clase_actividad":"Comercio al por menor de otros combustibles","direccion":"CALLE 20, SANTA BÁRBARA, CP 97890, SANTA ELENA , Santa Elena, YUCATÁN","telefono":"9971181719","correo":"","sitio_web":"","fuente":"DENUE, INEGI"}},{"type":"Feature","id":"9275454","geometry":{"type":"Point","coordinates":[-93.2130116,18.28244087]},"properties":{"id":"9275454","nombre":"HOTEL TIERRA MAYA","categoria":"alojamiento","categorias":["alojamiento"],"clase_actividad":"Hoteles con otros servicios integrados","direccion":"CARRETERA ADOLFO LÓPEZ MATEOS, NORTE PRIMERA, CP 86670, COMALCALCO , Comalcalco, TABASCO","telefono":"9331249289","correo":"C-DELGADO@OUTLOOK.COM","sitio_web":"","fuente":"DENUE, INEGI"}},{"type":"Feature","id":"9276493","geometry":{"type":"Point","coordinates":[-88.20006206,20.68961824]},"properties":{"id":"9276493","nombre":"HOTEL CASA SAN ROQUE VALLADOLID","categoria":"alojamiento","categorias":["alojamiento"],"clase_actividad":"Hoteles con otros servicios integrados","direccion":"CALLE 41 193, CENTRO, CP 97780, VALLADOLID , Valladolid, YUCATÁN","telefono":"","correo":"CASASANROQUEVALLADOLID@HOTMAIL.COM","sitio_web":"WWW.CASASANROQUEVALLADOLID.COM","fuente":"DENUE, INEGI"}},{"type":"Feature","id":"9278353","geometry":{"type":"Point","coordinates":[-90.16794587,20.13260381]},"properties":{"id":"9278353","nombre":"GASOLINERA LA GAS","categoria":"combustible","categorias":["combustible"],"clase_actividad":"Comercio al por menor de gasolina y diesel","direccion":"CARRETERA CAMPECHE-MERIDA, SAN PEDRO I, CP 24810, POMUCH , Hecelchakán, CAMPECHE","telefono":"","correo":"CONTADOR.NOMINAS@CORPORATIVOGES.MX","sitio_web":"","fuente":"DENUE, INEGI"}},{"type":"Feature","id":"9294224","geometry":{"type":"Point","coordinates":[-89.6239691,20.96773885]},"properties":{"id":"9294224","nombre":"SUBWAY","categoria":"alimentos","categorias":["alimentos"],"clase_actividad":"Restaurantes de autoservicio","direccion":"CALLE 61, Int. 500, CENTRO, CP 97000, MÉRIDA , Mérida, YUCATÁN","telefono":"","correo":"SUBWAYFAC@YAHOO.COM","sitio_web":"","fuente":"DENUE, INEGI"}},{"type":"Feature","id":"9295694","geometry":{"type":"Point","coordinates":[-93.20581549,18.28022234]},"properties":{"id":"9295694","nombre":"ZONA ARQUEOLOGICA DE COMALCALCO","categoria":"atractivos","categorias":["atractivos"],"clase_actividad":"Sitios históricos","direccion":"CARRETERA A LA ZONA ARQUEOLOGICA, NORTE PRIMERA, CP 86670, COMALCALCO , Comalcalco, TABASCO","telefono":"","correo":"","sitio_web":"","fuente":"DENUE, INEGI"}},{"type":"Feature","id":"9306989","geometry":{"type":"Point","coordinates":[-92.09985679,16.90933112]},"properties":{"id":"9306989","nombre":"SOCIEDAD COOPERATIVA DE AUTO TRANSPORTE JUNAX BENKUTIK","categoria":"transporte","categorias":["transporte"],"clase_actividad":"Transporte colectivo foráneo de pasajeros de ruta fija","direccion":"CALLE NINGUNO, LINDA VISTA, CP 29950, OCOSINGO , Ocosingo, CHIAPAS","telefono":"9191068990","correo":"","sitio_web":"","fuente":"DENUE, INEGI"}},{"type":"Feature","id":"9308892","geometry":{"type":"Point","coordinates":[-92.77834712,17.46040879]},"properties":{"id":"9308892","nombre":"HOTEL COMUNITARIO FLOR DE LIZ","categoria":"alojamiento","categorias":["alojamiento"],"clase_actividad":"Hoteles con otros servicios integrados","direccion":"CALLE JOSE LOPEZ PORTILLO, CENTRO, CP 86870, TAPIJULAPA , Tacotalpa, TABASCO","telefono":"9323277240","correo":"DWITTPASCACIO@GMAIL.COM","sitio_web":"","fuente":"DENUE, INEGI"}},{"type":"Feature","id":"9311919","geometry":{"type":"Point","coordinates":[-92.77853135,17.46024441]},"properties":{"id":"9311919","nombre":"HOTEL COMUNITARIO GIRASOL","categoria":"alojamiento","categorias":["alojamiento"],"clase_actividad":"Hoteles con otros servicios integrados","direccion":"CALLE JOSÉ LÓPEZ PORTILLO, TAPIJULAPA, CP 86890, TAPIJULAPA , Tacotalpa, TABASCO","telefono":"9323277240","correo":"DWITTPASCACIO@GMAIL.COM","sitio_web":"","fuente":"DENUE, INEGI"}},{"type":"Feature","id":"9330273","geometry":{"type":"Point","coordinates":[-90.00496399,20.58558017]},"properties":{"id":"9330273","nombre":"SITIO DE TAXIS MAXCANU","categoria":"transporte","categorias":["transporte"],"clase_actividad":"Transporte colectivo foráneo de pasajeros de ruta fija","direccion":"CALLE 19 125, GUADALUPE, CP 97800, MAXCANÚ , Maxcanú, YUCATÁN","telefono":"9992221897","correo":"","sitio_web":"","fuente":"DENUE, INEGI"}},{"type":"Feature","id":"9350318","geometry":{"type":"Point","coordinates":[-92.13347691,18.08906154]},"properties":{"id":"9350318","nombre":"COMPRA VENTA DE PESCADO JAVIER JR","categoria":"alimentos","categorias":["alimentos"],"clase_actividad":"Comercio al por menor de pescados y mariscos","direccion":"CALLE MALECON ENRIQUE GONZALEZ PEDRERO, CENTRO, CP 86781, JONUTA , Jonuta, TABASCO","telefono":"9131106032","correo":"","sitio_web":"","fuente":"DENUE, INEGI"}},{"type":"Feature","id":"9369437","geometry":{"type":"Point","coordinates":[-89.32915656,20.53950784]},"properties":{"id":"9369437","nombre":"ESTETICA UNISEX AMAYRANI","categoria":"salud","categorias":["salud"],"clase_actividad":"Salones y clínicas de belleza y peluquerías","direccion":"CALLE 15, MEJORADA, CP 97680, TEKIT , Tekit, YUCATÁN","telefono":"9971081989","correo":"","sitio_web":"","fuente":"DENUE, INEGI"}},{"type":"Feature","id":"9372484","geometry":{"type":"Point","coordinates":[-92.13532579,18.08883554]},"properties":{"id":"9372484","nombre":"HOTEL D DANNY","categoria":"alojamiento","categorias":["alojamiento"],"clase_actividad":"Hoteles sin otros servicios integrados","direccion":"CALLE MIGUEL HIDALGO Y COSTILLA 105, CENTRO, CP 86781, JONUTA , Jonuta, TABASCO","telefono":"9131074889","correo":"ASCENCIO2193@GMAIL.COM","sitio_web":"","fuente":"DENUE, INEGI"}},{"type":"Feature","id":"9380231","geometry":{"type":"Point","coordinates":[-93.21440696,18.27571724]},"properties":{"id":"9380231","nombre":"TIENDA DE ABARROTES MI ANGELITO","categoria":"abasto","categorias":["abasto"],"clase_actividad":"Comercio al por menor en tiendas de abarrotes, ultramarinos y misceláneas","direccion":"CALLE INDEPENDENCIA, BICENTENARIO, CP 86340, COMALCALCO , Comalcalco, TABASCO","telefono":"","correo":"","sitio_web":"","fuente":"DENUE, INEGI"}},{"type":"Feature","id":"9388093","geometry":{"type":"Point","coordinates":[-90.16804122,20.13242363]},"properties":{"id":"9388093","nombre":"LA GAS POMUCH","categoria":"combustible","categorias":["combustible"],"clase_actividad":"Comercio al por menor de gasolina y diesel","direccion":"CARRETERA CAMPECHE A MÉRIDA, SAN PEDRO, CP 24810, POMUCH , Hecelchakán, CAMPECHE","telefono":"","correo":"CONTADOR.NOMINAS@CORPORATIVOGES.MX","sitio_web":"","fuente":"DENUE, INEGI"}},{"type":"Feature","id":"9389502","geometry":{"type":"Point","coordinates":[-88.20408843,20.69191501]},"properties":{"id":"9389502","nombre":"AUTOBUSES DEL CENTRO DEL ESTADO DE YUCATAN","categoria":"transporte","categorias":["transporte"],"clase_actividad":"Transporte colectivo foráneo de pasajeros de ruta fija","direccion":"CALLE 37 187, CANDELARIA, CP 97784, VALLADOLID , Valladolid, YUCATÁN","telefono":"","correo":"","sitio_web":"","fuente":"DENUE, INEGI"}},{"type":"Feature","id":"9389550","geometry":{"type":"Point","coordinates":[-93.07178015,18.17913367]},"properties":{"id":"9389550","nombre":"AUTOSERVICIO CONSORCIO MARIN JALPA","categoria":"combustible","categorias":["combustible"],"clase_actividad":"Comercio al por menor de gasolina y diesel","direccion":"CALLE VENUSTIANO CARRANZA 1856, SANTA ANA, CP 86200, JALPA DE MÉNDEZ , Jalpa de Méndez, TABASCO","telefono":"9141304855","correo":"DORIS.RUBI2023@GMAIL.COM","sitio_web":"","fuente":"DENUE, INEGI"}},{"type":"Feature","id":"9410332","geometry":{"type":"Point","coordinates":[-89.99679638,20.59068323]},"properties":{"id":"9410332","nombre":"BANCO DEL BIENESTAR 3081 MAXCANU","categoria":"servicios_financieros","categorias":["servicios_financieros"],"clase_actividad":"Banca de desarrollo","direccion":"CALLE 16 A, CARRILLO PUERTO, CP 97457, MAXCANÚ , Maxcanú, YUCATÁN","telefono":"","correo":"","sitio_web":"","fuente":"DENUE, INEGI"}},{"type":"Feature","id":"9411844","geometry":{"type":"Point","coordinates":[-90.39853301,20.85674306]},"properties":{"id":"9411844","nombre":"BANCO DEL BIENESTAR 1948 CELESTUN","categoria":"servicios_financieros","categorias":["servicios_financieros"],"clase_actividad":"Banca de desarrollo","direccion":"CALLE 21, PESCADORES, CP 97367, CELESTÚN , Celestún, YUCATÁN","telefono":"","correo":"","sitio_web":"","fuente":"DENUE, INEGI"}},{"type":"Feature","id":"9412439","geometry":{"type":"Point","coordinates":[-92.13876583,18.09073627]},"properties":{"id":"9412439","nombre":"BANCO COMPARTAMOS JONUTA","categoria":"servicios_financieros","categorias":["servicios_financieros"],"clase_actividad":"Banca múltiple","direccion":"CALLE ÁLVARO OBREGÓN 11, CENTRO, CP 86780, JONUTA , Jonuta, TABASCO","telefono":"","correo":"","sitio_web":"","fuente":"DENUE, INEGI"}},{"type":"Feature","id":"9438351","geometry":{"type":"Point","coordinates":[-92.10267629,16.91871619]},"properties":{"id":"9438351","nombre":"GASOLINERA OCOSINGO PALENQUE ES 123947","categoria":"combustible","categorias":["combustible"],"clase_actividad":"Comercio al por menor de gasolina y diesel","direccion":"CARRETERA OCOSINGO-PALENQUE, FRACCION III Y IV PREDIO WALA, CP 29950, NINGUNO [SALVADOR MONTERROSA ZAPEDA] , Ocosingo, CHIAPAS","telefono":"","correo":"JEFCONT02CT@SERVIFACIL.COM.MX","sitio_web":"WWW.SERVIFACIL.COM.MX","fuente":"DENUE, INEGI"}},{"type":"Feature","id":"9440551","geometry":{"type":"Point","coordinates":[-89.62359646,20.96768032]},"properties":{"id":"9440551","nombre":"RESTAURANTE PICHETA","categoria":"alimentos","categorias":["alimentos"],"clase_actividad":"Restaurantes con servicio de preparación de alimentos a la carta o de comida corrida","direccion":"CALLE 61 501, CENTRO, CP 97000, MÉRIDA , Mérida, YUCATÁN","telefono":"","correo":"AUDITORIA@PICHETA.MX","sitio_web":"WWW.PICHETA.MX","fuente":"DENUE, INEGI"}},{"type":"Feature","id":"9454648","geometry":{"type":"Point","coordinates":[-90.40042319,20.85209264]},"properties":{"id":"9454648","nombre":"ESTACION CELESTUN","categoria":"combustible","categorias":["combustible"],"clase_actividad":"Comercio al por menor de gasolina y diesel","direccion":"CALLE CALLE 10 13, DE ABRIGO, CP 97376, CELESTÚN , Celestún, YUCATÁN","telefono":"","correo":"CONTAORGENERAL@GMEGASUR.COM.MX","sitio_web":"","fuente":"DENUE, INEGI"}},{"type":"Feature","id":"9456495","geometry":{"type":"Point","coordinates":[-89.28588633,20.41094176]},"properties":{"id":"9456495","nombre":"BANCO DEL BIENESTAR 2554 TEABO YUCATAN","categoria":"servicios_financieros","categorias":["servicios_financieros"],"clase_actividad":"Banca de desarrollo","direccion":"CALLE 23 115, TEABO, CP 97910, TEABO , Teabo, YUCATÁN","telefono":"","correo":"","sitio_web":"","fuente":"DENUE, INEGI"}},{"type":"Feature","id":"9461392","geometry":{"type":"Point","coordinates":[-88.82658633,20.55561182]},"properties":{"id":"9461392","nombre":"BANCO DEL BIENESTAR 2149 YAXCABA","categoria":"servicios_financieros","categorias":["servicios_financieros"],"clase_actividad":"Banca de desarrollo","direccion":"CALLE 13, SAN IGNACIO, CP 97920, YAXCABÁ , Yaxcabá, YUCATÁN","telefono":"","correo":"","sitio_web":"","fuente":"DENUE, INEGI"}},{"type":"Feature","id":"9465720","geometry":{"type":"Point","coordinates":[-92.13988215,18.09067127]},"properties":{"id":"9465720","nombre":"BANCO DEL BIENESTAR 3247 JONUTA","categoria":"servicios_financieros","categorias":["servicios_financieros"],"clase_actividad":"Banca de desarrollo","direccion":"CALLE 24 DE MAYO, CENTRO, CP 86780, JONUTA , Jonuta, TABASCO","telefono":"","correo":"","sitio_web":"","fuente":"DENUE, INEGI"}},{"type":"Feature","id":"9493138","geometry":{"type":"Point","coordinates":[-89.28598904,20.41096867]},"properties":{"id":"9493138","nombre":"ESTETICA SIN NOMBRE","categoria":"salud","categorias":["salud"],"clase_actividad":"Salones y clínicas de belleza y peluquerías","direccion":"CALLE 23 213, TEABO, CP 97910, TEABO , Teabo, YUCATÁN","telefono":"9971123421","correo":"","sitio_web":"","fuente":"DENUE, INEGI"}},{"type":"Feature","id":"9495402","geometry":{"type":"Point","coordinates":[-89.27882207,20.40017345]},"properties":{"id":"9495402","nombre":"VENTA DE GASOLINA SIN NOMBRE","categoria":"combustible","categorias":["combustible"],"clase_actividad":"Comercio al por menor de gasolina y diesel","direccion":"CALLE 29, TEABO, CP 97910, TEABO , Teabo, YUCATÁN","telefono":"9971079294","correo":"","sitio_web":"","fuente":"DENUE, INEGI"}},{"type":"Feature","id":"9498859","geometry":{"type":"Point","coordinates":[-90.39527047,20.86469714]},"properties":{"id":"9498859","nombre":"SIX NOA NOA","categoria":"abasto","categorias":["abasto"],"clase_actividad":"Comercio al por menor en tiendas de abarrotes, ultramarinos y misceláneas","direccion":"CALLE 6, BENITO JUÁREZ, CP 97367, CELESTÚN , Celestún, YUCATÁN","telefono":"","correo":"","sitio_web":"","fuente":"DENUE, INEGI"}},{"type":"Feature","id":"9500289","geometry":{"type":"Point","coordinates":[-89.64804408,20.32931015]},"properties":{"id":"9500289","nombre":"VENTA DE GASOLINA SIN NOMBRE","categoria":"combustible","categorias":["combustible"],"clase_actividad":"Comercio al por menor de gasolina y diesel","direccion":"CALLE 28, SAN ROQUE, CP 97890, SANTA ELENA , Santa Elena, YUCATÁN","telefono":"","correo":"","sitio_web":"","fuente":"DENUE, INEGI"}},{"type":"Feature","id":"9517193","geometry":{"type":"Point","coordinates":[-93.0632565,18.16995823]},"properties":{"id":"9517193","nombre":"ESTACIONAMIENTO SALON DA Y LU EVENTOS","categoria":"alojamiento","categorias":["alojamiento"],"clase_actividad":"Estacionamientos y pensiones para vehículos automotores","direccion":"CALLE NINGUNO, MUNICIPAL, CP 86200, JALPA DE MÉNDEZ , Jalpa de Méndez, TABASCO","telefono":"","correo":"","sitio_web":"","fuente":"DENUE, INEGI"}},{"type":"Feature","id":"9525750","geometry":{"type":"Point","coordinates":[-89.27879374,20.39977612]},"properties":{"id":"9525750","nombre":"VENTA DE LEÑA SIN NOMBRE","categoria":"combustible","categorias":["combustible"],"clase_actividad":"Comercio al por menor de otros combustibles","direccion":"CALLE 29 A 198, TEABO, CP 97910, TEABO , Teabo, YUCATÁN","telefono":"9991506822","correo":"","sitio_web":"","fuente":"DENUE, INEGI"}},{"type":"Feature","id":"9543262","geometry":{"type":"Point","coordinates":[-92.77976177,17.45579872]},"properties":{"id":"9543262","nombre":"TIENDA DE ABARROTES REYMA","categoria":"abasto","categorias":["abasto"],"clase_actividad":"Comercio al por menor en tiendas de abarrotes, ultramarinos y misceláneas","direccion":"ANDADOR NINGUNO, SANTA ISABEL, CP 86890, TAPIJULAPA , Tacotalpa, TABASCO","telefono":"","correo":"","sitio_web":"","fuente":"DENUE, INEGI"}},{"type":"Feature","id":"9561859","geometry":{"type":"Point","coordinates":[-90.00383189,20.58766401]},"properties":{"id":"9561859","nombre":"XAMANHA BALNEARIO","categoria":"atractivos","categorias":["atractivos"],"clase_actividad":"Parques acuáticos y balnearios del sector privado","direccion":"CALLE 24, CENTRO, CP 97800, MAXCANÚ , Maxcanú, YUCATÁN","telefono":"9971414033","correo":"","sitio_web":"","fuente":"DENUE, INEGI"}},{"type":"Feature","id":"9562113","geometry":{"type":"Point","coordinates":[-92.10867874,16.90769142]},"properties":{"id":"9562113","nombre":"ESTETICA SIN NOMBRE","categoria":"salud","categorias":["salud"],"clase_actividad":"Salones y clínicas de belleza y peluquerías","direccion":"CALLE ROSARIO CASTELLANOS, EL MIRADOR, CP 29950, OCOSINGO , Ocosingo, CHIAPAS","telefono":"","correo":"","sitio_web":"","fuente":"DENUE, INEGI"}},{"type":"Feature","id":"9563139","geometry":{"type":"Point","coordinates":[-89.33271584,20.53598515]},"properties":{"id":"9563139","nombre":"HOTEL BOUTIQUE UUCHBEN NAJ","categoria":"alojamiento","categorias":["alojamiento"],"clase_actividad":"Comercio al por menor de disfraces, vestimenta regional y vestidos de novia","direccion":"CALLE 21, MEJORADA, CP 97680, TEKIT , Tekit, YUCATÁN","telefono":"9995699263","correo":"","sitio_web":"","fuente":"DENUE, INEGI"}},{"type":"Feature","id":"9563684","geometry":{"type":"Point","coordinates":[-90.03856169,21.16345801]},"properties":{"id":"9563684","nombre":"VENTA DE ANTOJITOS DOÑA MALENA","categoria":"alimentos","categorias":["alimentos"],"clase_actividad":"Restaurantes con servicio de preparación de antojitos","direccion":"CALLE 3 ORIENTE, SISAL, CP 97356, SISAL , Hunucmá, YUCATÁN","telefono":"","correo":"","sitio_web":"","fuente":"DENUE, INEGI"}},{"type":"Feature","id":"9565276","geometry":{"type":"Point","coordinates":[-90.17929901,20.12729486]},"properties":{"id":"9565276","nombre":"MASAJES Y QUIROPRACTICA QUIROMASAJES JED","categoria":"salud","categorias":["salud"],"clase_actividad":"Consultorios de quiropráctica del sector privado","direccion":"CALLE 33, SAN PEDRO, CP 24810, POMUCH , Hecelchakán, CAMPECHE","telefono":"9961078205","correo":"","sitio_web":"","fuente":"DENUE, INEGI"}},{"type":"Feature","id":"9574053","geometry":{"type":"Point","coordinates":[-90.03016495,21.16410782]},"properties":{"id":"9574053","nombre":"NERY ESTETICA","categoria":"salud","categorias":["salud"],"clase_actividad":"Salones y clínicas de belleza y peluquerías","direccion":"CALLE 3 ORIENTE, SISAL, CP 97356, SISAL , Hunucmá, YUCATÁN","telefono":"","correo":"","sitio_web":"","fuente":"DENUE, INEGI"}},{"type":"Feature","id":"9610566","geometry":{"type":"Point","coordinates":[-92.00320118,17.51335057]},"properties":{"id":"9610566","nombre":"CLINICA FAMILIAR LAK ÑA CLARA","categoria":"salud","categorias":["salud"],"clase_actividad":"Clínicas de consultorios médicos del sector privado","direccion":"PROLONGACION MANUEL VELASCO SUAREZ, GUASIBAN, CP 29960, PALENQUE , Palenque, CHIAPAS","telefono":"","correo":"","sitio_web":"","fuente":"DENUE, INEGI"}},{"type":"Feature","id":"9637010","geometry":{"type":"Point","coordinates":[-88.20101204,20.68890078]},"properties":{"id":"9637010","nombre":"ARTESANIAS JAGUAR","categoria":"abasto","categorias":["abasto"],"clase_actividad":"Comercio al por menor en tiendas de artesanías","direccion":"CALLE 40, CENTRO, CP 97780, VALLADOLID , Valladolid, YUCATÁN","telefono":"","correo":"","sitio_web":"","fuente":"DENUE, INEGI"}},{"type":"Feature","id":"9638545","geometry":{"type":"Point","coordinates":[-89.99712636,20.58453603]},"properties":{"id":"9638545","nombre":"MAQUILLAJE SIN NOMBRE","categoria":"salud","categorias":["salud"],"clase_actividad":"Salones y clínicas de belleza y peluquerías","direccion":"CALLE 19, CENTRO, CP 97800, MAXCANÚ , Maxcanú, YUCATÁN","telefono":"","correo":"","sitio_web":"","fuente":"DENUE, INEGI"}},{"type":"Feature","id":"9645027","geometry":{"type":"Point","coordinates":[-93.21456041,18.27671262]},"properties":{"id":"9645027","nombre":"ESTETICA ALLIFER STUDIO","categoria":"salud","categorias":["salud"],"clase_actividad":"Salones y clínicas de belleza y peluquerías","direccion":"PRIVADA BENITO JUAREZ, BICENTENARIO, CP 86340, COMALCALCO , Comalcalco, TABASCO","telefono":"9331380054","correo":"","sitio_web":"","fuente":"DENUE, INEGI"}},{"type":"Feature","id":"9659402","geometry":{"type":"Point","coordinates":[-88.10505145,20.62009525]},"properties":{"id":"9659402","nombre":"ABARROTES SIN NOMBRE","categoria":"abasto","categorias":["abasto"],"clase_actividad":"Comercio al por menor en tiendas de abarrotes, ultramarinos y misceláneas","direccion":"CALLE 18, KANXOC, CP 97785, KANXOC , Valladolid, YUCATÁN","telefono":"","correo":"","sitio_web":"","fuente":"DENUE, INEGI"}},{"type":"Feature","id":"9661817","geometry":{"type":"Point","coordinates":[-93.21469232,18.27673433]},"properties":{"id":"9661817","nombre":"TAQUERIA TACON NATY","categoria":"alimentos","categorias":["alimentos"],"clase_actividad":"Restaurantes con servicio de preparación de tacos y tortas","direccion":"PRIVADA BENITO JUAREZ 5, BICENTENARIO, CP 86340, COMALCALCO , Comalcalco, TABASCO","telefono":"9331517898","correo":"","sitio_web":"","fuente":"DENUE, INEGI"}},{"type":"Feature","id":"9673382","geometry":{"type":"Point","coordinates":[-88.20101774,20.68898263]},"properties":{"id":"9673382","nombre":"GALERIA DE ARTE ARMIN","categoria":"atractivos","categorias":["atractivos"],"clase_actividad":"Museos del sector privado","direccion":"CALLE 40, CENTRO, CP 97780, VALLADOLID , Valladolid, YUCATÁN","telefono":"","correo":"","sitio_web":"","fuente":"DENUE, INEGI"}},{"type":"Feature","id":"9690769","geometry":{"type":"Point","coordinates":[-89.64606374,20.32448566]},"properties":{"id":"9690769","nombre":"LONCHERIA LA BENDICION","categoria":"alimentos","categorias":["alimentos"],"clase_actividad":"Restaurantes con servicio de preparación de antojitos","direccion":"CARRETERA CAMPECHE UMAN, SAN JUAN, CP 97890, SANTA ELENA , Santa Elena, YUCATÁN","telefono":"9971142769","correo":"","sitio_web":"","fuente":"DENUE, INEGI"}},{"type":"Feature","id":"9699724","geometry":{"type":"Point","coordinates":[-89.28214866,20.40452287]},"properties":{"id":"9699724","nombre":"ESTILISTA SIN NOMBRE","categoria":"salud","categorias":["salud"],"clase_actividad":"Salones y clínicas de belleza y peluquerías","direccion":"CALLE 25, TEABO, CP 97910, TEABO , Teabo, YUCATÁN","telefono":"9994098539","correo":"","sitio_web":"","fuente":"DENUE, INEGI"}},{"type":"Feature","id":"9704912","geometry":{"type":"Point","coordinates":[-89.33237408,20.5403821]},"properties":{"id":"9704912","nombre":"ESTILISTA SIN NOMBRE","categoria":"salud","categorias":["salud"],"clase_actividad":"Salones y clínicas de belleza y peluquerías","direccion":"CALLE 26, MEJORADA, CP 97680, TEKIT , Tekit, YUCATÁN","telefono":"9971630663","correo":"","sitio_web":"","fuente":"DENUE, INEGI"}},{"type":"Feature","id":"9712393","geometry":{"type":"Point","coordinates":[-92.00505663,17.52031398]},"properties":{"id":"9712393","nombre":"ANTOJITOS ARCOS","categoria":"alimentos","categorias":["alimentos"],"clase_actividad":"Restaurantes con servicio de preparación de antojitos","direccion":"CALLE NINGUNO, Int. 0, LOMAS DE SAN ANGEL, CP 29960, PALENQUE , Palenque, CHIAPAS","telefono":"","correo":"","sitio_web":"","fuente":"DENUE, INEGI"}},{"type":"Feature","id":"9745152","geometry":{"type":"Point","coordinates":[-88.20059194,20.68956812]},"properties":{"id":"9745152","nombre":"ESTANQUILLO TIENDA DEL SITIO FORANEO","categoria":"abasto","categorias":["abasto"],"clase_actividad":"Comercio al por menor en tiendas de abarrotes, ultramarinos y misceláneas","direccion":"CALLE 41, CENTRO, CP 97780, VALLADOLID , Valladolid, YUCATÁN","telefono":"","correo":"","sitio_web":"","fuente":"DENUE, INEGI"}},{"type":"Feature","id":"9755653","geometry":{"type":"Point","coordinates":[-89.99392279,20.58371057]},"properties":{"id":"9755653","nombre":"LA ASUNCION","categoria":"abasto","categorias":["abasto"],"clase_actividad":"Comercio al por menor en tiendas de abarrotes, ultramarinos y misceláneas","direccion":"CALLE 21 66, SAN PATRICIO, CP 97800, MAXCANÚ , Maxcanú, YUCATÁN","telefono":"","correo":"","sitio_web":"","fuente":"DENUE, INEGI"}},{"type":"Feature","id":"9794549","geometry":{"type":"Point","coordinates":[-89.33584255,20.54106034]},"properties":{"id":"9794549","nombre":"LONCHERIA TEKAS","categoria":"alimentos","categorias":["alimentos"],"clase_actividad":"Restaurantes con servicio de preparación de antojitos","direccion":"CALLE 13, MEJORADA, CP 97680, TEKIT , Tekit, YUCATÁN","telefono":"9971002580","correo":"","sitio_web":"","fuente":"DENUE, INEGI"}},{"type":"Feature","id":"9810096","geometry":{"type":"Point","coordinates":[-92.00483238,17.51299242]},"properties":{"id":"9810096","nombre":"VENTA DE TAMALES","categoria":"alimentos","categorias":["alimentos"],"clase_actividad":"Servicios de preparación de otros alimentos para consumo inmediato","direccion":"CALLE NINGUNO, Int. 0, GUASIVAN, CP 29960, PALENQUE , Palenque, CHIAPAS","telefono":"","correo":"","sitio_web":"","fuente":"DENUE, INEGI"}},{"type":"Feature","id":"9831220","geometry":{"type":"Point","coordinates":[-89.3867824,20.38938654]},"properties":{"id":"9831220","nombre":"ELABORACION Y VENTA DE ANTOJITOS","categoria":"alimentos","categorias":["alimentos"],"clase_actividad":"Restaurantes con servicio de preparación de antojitos","direccion":"CALLE 21, CANDELARIA, CP 97850, MANÍ , Maní, YUCATÁN","telefono":"9971345674","correo":"","sitio_web":"","fuente":"DENUE, INEGI"}},{"type":"Feature","id":"9844520","geometry":{"type":"Point","coordinates":[-90.0337674,21.16505695]},"properties":{"id":"9844520","nombre":"MASAJES TERAPEUTICO","categoria":"salud","categorias":["salud"],"clase_actividad":"Salones y clínicas de belleza y peluquerías","direccion":"CALLE 2 PONIENTE, SISAL, CP 97356, SISAL , Hunucmá, YUCATÁN","telefono":"","correo":"","sitio_web":"","fuente":"DENUE, INEGI"}},{"type":"Feature","id":"9881486","geometry":{"type":"Point","coordinates":[-92.11409369,16.90946131]},"properties":{"id":"9881486","nombre":"TIENDA SIN NOMBRE","categoria":"abasto","categorias":["abasto"],"clase_actividad":"Comercio al por menor en tiendas de abarrotes, ultramarinos y misceláneas","direccion":"CALLE NINGUNO, LA LAGUNILLA, CP 29950, OCOSINGO , Ocosingo, CHIAPAS","telefono":"","correo":"","sitio_web":"","fuente":"DENUE, INEGI"}},{"type":"Feature","id":"9890866","geometry":{"type":"Point","coordinates":[-93.2137522,18.27274139]},"properties":{"id":"9890866","nombre":"TIENDA DE ABARROTES BETY","categoria":"abasto","categorias":["abasto"],"clase_actividad":"Comercio al por menor en tiendas de abarrotes, ultramarinos y misceláneas","direccion":"CALLE DOCTOR OTTO WOLTER HAYER, SOLIDARIDAD NACIONAL AC, CP 86340, COMALCALCO , Comalcalco, TABASCO","telefono":"","correo":"","sitio_web":"","fuente":"DENUE, INEGI"}},{"type":"Feature","id":"9923552","geometry":{"type":"Point","coordinates":[-88.1997189,20.68845134]},"properties":{"id":"9923552","nombre":"HOSTAL CASA MORE","categoria":"alojamiento","categorias":["alojamiento"],"clase_actividad":"Cabañas, villas y similares","direccion":"CALLE 43 198, CENTRO, CP 97780, VALLADOLID , Valladolid, YUCATÁN","telefono":"","correo":"","sitio_web":"","fuente":"DENUE, INEGI"}},{"type":"Feature","id":"9934005","geometry":{"type":"Point","coordinates":[-89.99656763,20.58744571]},"properties":{"id":"9934005","nombre":"VENTA DE DESAYUNOS ANIFER","categoria":"alimentos","categorias":["alimentos"],"clase_actividad":"Restaurantes que preparan otro tipo de alimentos para llevar","direccion":"CALLE 17 74, MONTY, CP 97800, MAXCANÚ , Maxcanú, YUCATÁN","telefono":"","correo":"","sitio_web":"","fuente":"DENUE, INEGI"}},{"type":"Feature","id":"9938545","geometry":{"type":"Point","coordinates":[-92.00528584,17.52218186]},"properties":{"id":"9938545","nombre":"MINI ABARROTES","categoria":"abasto","categorias":["abasto"],"clase_actividad":"Comercio al por menor en tiendas de abarrotes, ultramarinos y misceláneas","direccion":"CALLE NINGUNO, Int. 0, LA MONTAÑA, CP 29960, PALENQUE , Palenque, CHIAPAS","telefono":"9161023418","correo":"","sitio_web":"","fuente":"DENUE, INEGI"}},{"type":"Feature","id":"9942236","geometry":{"type":"Point","coordinates":[-92.11312686,16.91225317]},"properties":{"id":"9942236","nombre":"TIENDA DE ABARROTES SIN NOMBRE","categoria":"abasto","categorias":["abasto"],"clase_actividad":"Comercio al por menor en tiendas de abarrotes, ultramarinos y misceláneas","direccion":"CALLE NINGUNO, EL PORVENIR, CP 29950, OCOSINGO , Ocosingo, CHIAPAS","telefono":"","correo":"","sitio_web":"","fuente":"DENUE, INEGI"}},{"type":"Feature","id":"9945393","geometry":{"type":"Point","coordinates":[-89.38588613,20.38730355]},"properties":{"id":"9945393","nombre":"VENTA DE PESCADO SIN NOMBRE","categoria":"alimentos","categorias":["alimentos"],"clase_actividad":"Restaurantes con servicio de preparación de pescados y mariscos","direccion":"CALLE 23, CANDELARIA, CP 97850, MANÍ , Maní, YUCATÁN","telefono":"9971214221","correo":"","sitio_web":"","fuente":"DENUE, INEGI"}},{"type":"Feature","id":"9964269","geometry":{"type":"Point","coordinates":[-88.82089603,20.54722498]},"properties":{"id":"9964269","nombre":"TIENDA DE NOVEDADES SIN NOMBRE","categoria":"abasto","categorias":["abasto"],"clase_actividad":"Comercio al por menor de ropa, excepto de bebé y lencería","direccion":"CALLE 25, SAN JOSÉ, CP 97920, YAXCABÁ , Yaxcabá, YUCATÁN","telefono":"9983031207","correo":"","sitio_web":"","fuente":"DENUE, INEGI"}},{"type":"Feature","id":"9971673","geometry":{"type":"Point","coordinates":[-89.32619141,20.5486251]},"properties":{"id":"9971673","nombre":"TIENDA SIN NOMBRE","categoria":"abasto","categorias":["abasto"],"clase_actividad":"Comercio al por menor en tiendas de abarrotes, ultramarinos y misceláneas","direccion":"OTRO(ESPECIFIQUE) NINGUNO, TEKIT, CP 97680, TEKIT , Tekit, YUCATÁN","telefono":"","correo":"","sitio_web":"","fuente":"DENUE, INEGI"}},{"type":"Feature","id":"9973168","geometry":{"type":"Point","coordinates":[-89.38799116,20.38928153]},"properties":{"id":"9973168","nombre":"TIENDA DE ABARROTES DICONSA","categoria":"abasto","categorias":["abasto"],"clase_actividad":"Comercio al por menor en tiendas de abarrotes, ultramarinos y misceláneas","direccion":"CALLE 22 98, SANTA LUCIA, CP 97850, MANÍ , Maní, YUCATÁN","telefono":"","correo":"","sitio_web":"","fuente":"DENUE, INEGI"}},{"type":"Feature","id":"9990223","geometry":{"type":"Point","coordinates":[-89.33242011,20.54338169]},"properties":{"id":"9990223","nombre":"VENTA DE COCHINITA SIN NOMBRE","categoria":"alimentos","categorias":["alimentos"],"clase_actividad":"Restaurantes que preparan otro tipo de alimentos para llevar","direccion":"CALLE 26, MEJORADA, CP 97680, TEKIT , Tekit, YUCATÁN","telefono":"9971793848","correo":"","sitio_web":"","fuente":"DENUE, INEGI"}},{"type":"Feature","id":"9995273","geometry":{"type":"Point","coordinates":[-93.06706961,18.17443294]},"properties":{"id":"9995273","nombre":"DEBHANI HOME STUDIO","categoria":"salud","categorias":["salud"],"clase_actividad":"Salones y clínicas de belleza y peluquerías","direccion":"CALLE IGNACIO ALLENDE, SANTA ANA, CP 86200, JALPA DE MÉNDEZ , Jalpa de Méndez, TABASCO","telefono":"","correo":"","sitio_web":"","fuente":"DENUE, INEGI"}}]}