id,nombre_experiencia,estado,municipio,localidad,pais,latitud,longitud,ruta_maya,tipo_actividad,giro,anfitrion,servicios_incluidos,capacidad_grupo,descripcion_experiencia,patrimonio_material,patrimonio_inmaterial,patrimonio_natural,personas_involucradas,productos_locales,se_fomenta,se_promueve,telefono,correo,facebook,instagram,fuente,licencia,airbnb_url,expedia_url,booking_url,tripadvisor_url,sitio_web,descripcion,descripcion_corta
BCS-001,Berrendo Peninsular,Baja California Sur,Mulegé | San Quintín (Baja California),Guerrero Negro BCS | Ejido el costeño. San Quintin BC.,México,27.981090,-114.053325,,Historia y arqueología | Naturaleza | Senderismo | Gastronomía,Naturaleza,Ejido el Costeño,Entrada al PRBP; Guia; Entrada MUBE,Máximo 15 personas,"Descubre la fascinante historia de conservación del berrendo peninsular en el Museo del Berrendo (MUBE). Acompañado por expertos, conocerás la importancia de esta especie emblemática y su programa de recuperación. Vive un recorrido educativo a pie o en vehículo para observar de cerca a este singular habitante del desierto bajacaliforniano.",,,,,,,,6121403166,berrendopeninsular@gmail.com,https://www.facebook.com/peninsularpronghorn/?ref=NONE_xav_ig_profile_page_web#,https://www.instagram.com/berrendopeninsular/?hl=en,VERSIÓN 1 PLATAFORMA – Baja California Sur,,,,,,,Visita el Museo del Berrendo (MUBE) con expertos y apoya su conservación. Haz un interesante recorrido a pie o en vehículo para observar de cerca a esta especie emblemática del desierto bajacaliforniano.,Visita el Museo del Berrendo (MUBE) con expertos y apoya su conservación. Haz un interesante recorrido a pie o en vehículo para observar de cerca a esta especie emblemática del desierto bajacaliforniano.
BCS-002,Cultivando desde el Mar,Baja California Sur,Mulegé,Guerrero Negro BCS,México,27.963457,-114.052870,,Naturaleza | Artesanía | Gastronomía,Naturaleza,Stephany Romo Ojeda,guia turisticos; area natural protegida; comida; transporte; seguro a terceros,Máximo 15 personas,Vive una experiencia sensorial única con familias acuacultoras dedicadas al cultivo sustentable de ostión. Aprende la labor artesanal que regenera nuestros ecosistemas y participa en la recolección durante la marea baja. Concluye esta inmersión con una deliciosa degustación del producto que ayudaste a trabajar.,,,,,,,,6121561835 / 6121531835,sromo1911@gmail.com,https://www.facebook.com/mardeamores.gn/?ref=PRODASH_UPSELL_xav_ig_profile_page_web#,https://www.instagram.com/mardeamores.gn/?hl=en,VERSIÓN 1 PLATAFORMA – Baja California Sur,,,,,,,"Vive el cultivo sustentable de ostión con acuacultores locales. Aprende cómo regeneran el ecosistema, participa en la recolección con marea baja y culmina degustando los deliciosos ostiones que tú mismo ayudaste a cosechar.","Vive el cultivo sustentable de ostión con acuacultores locales. Aprende cómo regeneran el ecosistema, participa en la recolección con marea baja y culmina degustando los deliciosos ostiones que tú mismo ayudaste a cosechar."
BCS-003,The Californias,Baja California Sur,Mulegé | San Quintín (Baja California),"Guerrero Negro, Punta Mariscal, Valle de los Cirios, Laguna Ojo de Liebre, Rancho Piedra Blanca, Bahía de los Ángeles, Cataviñá, Rancho | Escondido, Rancho los Vaqueros, Reserva de la Biosfera el Vizcaíno, San Ignacio, San Borja, Santa Gertrudis, San Francisco de la Sierra, Laguna | Manuela/SantoDomingo.",México,27.967934,-114.036381,,Naturaleza,Naturaleza,Carlos Daniel Couttolenc Lyle,Guía comunitario local certificado; Capitán y embarcación autorizada para avistamiento de ballena gris; Pago de derechos y brazaletes del Área Natural Protegida; Acceso y permisos para Laguna Ojo de Liebre; Seguro de pasajero durante la actividad; Interpretación ambiental durante los recorridos; Recorrido guiado en el desierto del Vizcaíno; Acceso a sitios autorizados de pinturas rupestres; Cuotas de ingreso a zonas ejidales o comunitarias (cuando aplique); Transporte local terrestre (según itinerario); Entrada al museo comunitario (MUSAM); Charla educativa y contextualización histórica; Equipo básico de seguridad (chaleco salvavidas); Coordinación logística y organización de la experiencia; Material informativo y orientación ambiental; Agua purificada durante la experiencia; Apoyo a fondos comunitarios y acciones de conservación,Máximo 6 personas,"Vive un encuentro con la ballena gris en la Laguna Ojo de Liebre. Guiado por expertos locales, observa a esta majestuosa especie en su santuario natural mientras comprendes la importancia de su conservación. Esta experiencia integral incluye transporte, box lunch y un compromiso profundo con la preservación del ecosistema bajacaliforniano.",,,,,,,,6643708603 / 6461935678,hola@thecalifornias.com.mx,https://www.facebook.com/thecalif.mx/?ref=NONE_xav_ig_profile_page_web#,https://www.instagram.com/thecalif.mx/?hl=en,VERSIÓN 1 PLATAFORMA – Baja California Sur,,,,,,https://www.thecalifornias.com.mx,"Observa la ballena gris en Laguna Ojo de Liebre con expertos locales. Descubre su santuario natural y apoya su conservación. La experiencia incluye transporte, box lunch y un gran compromiso con el ecosistema bajacaliforniano.","Observa la ballena gris en Laguna Ojo de Liebre con expertos locales. Descubre su santuario natural y apoya su conservación. La experiencia incluye transporte, box lunch y un gran compromiso con el ecosistema bajacaliforniano."
BCS-004,San Francisco De La Sierra,Baja California Sur,,,México,27.588413,-113.031738,,Naturaleza | Senderismo | Gastronomía,Comunidad y vida cotidiana,Vianney Ignacia Arce Ojeda,,,"Adéntrate en San Francisco de la Sierra recorriendo senderos junto a rancheras y rancheros sudcalifornianos. Visita pinturas rupestres Patrimonio Mundial, realiza caminatas y cabalgatas, observa la flora y fauna nativa y disfruta de la gastronomía tradicional en una experiencia que celebra el patrimonio biocultural.",,,,,,,,6151033490 / 6151091130,,https://www.facebook.com/pages/San%20Francisco%20De%20La%20Sierra/216597415185925/#,https://www.instagram.com/sanfranciscodelasierra.mx/,VERSIÓN 1 PLATAFORMA – Baja California Sur,,,,,,,"Explora San Francisco de la Sierra con rancheros locales. Admira pinturas rupestres, haz cabalgatas, observa la flora y fauna nativa, y degusta la gastronomía tradicional celebrando este invaluable patrimonio biocultural.","Explora San Francisco de la Sierra con rancheros locales. Admira pinturas rupestres, haz cabalgatas, observa la flora y fauna nativa, y degusta la gastronomía tradicional celebrando este invaluable patrimonio biocultural."
BCS-005,Arte y Tradición de Ranchos Sudcalifornianos,Baja California Sur,Mulegé,La Tinaja | La Cerquita | Rancho Nuevo | Buenavista | Aguajito de la Tía Adelaida | El Sauce I | El Sauce II | El Sauce III | El Zafiro | Los Palo Blanco,México,27.359903,-112.711455,,Historia y arqueología | Naturaleza,Comunidad y vida cotidiana,Nereyda Guadalupe Zúñiga Peralta,Pago de guías INAH; Pago extra de guía; Pago de vaquero; mulas para montar; Burros de carga; Permisos de área y cámaras; Alimentos; Cocinera; Ayudante de cocina; Camping; Servicio del rancho anfitrión,Máximo 25 personas,"Sumérgete en la Sierra de San Francisco con una inmersión única en historia y naturaleza. Explora cuevas con pinturas rupestres ancestrales, convive con la comunidad local y conoce la elaboración de quesos tradicionales. Ya sea en un tour de un día o una expedición de cuatro.",,,,,,,,6151072679,nereydaperalt@hotmail.com,https://www.facebook.com/KARYLUTOURS/,https://www.instagram.com/baja28tours/,VERSIÓN 1 PLATAFORMA – Baja California Sur,,,,,,,"Explora la Sierra de Santa Martha. Admira pinturas rupestres ancestrales, convive con la comunidad y elabora quesos tradicionales. Disfruta esta gran inmersión histórica y natural en tours de uno a cuatro días de expedición.","Explora la Sierra de Santa Martha. Admira pinturas rupestres ancestrales, convive con la comunidad y elabora quesos tradicionales. Disfruta esta gran inmersión histórica y natural en tours de uno a cuatro días de expedición."
BCS-006,Avistamiento de Ballena Gris,Baja California Sur,Mulegé,"San Ignacio, Laguna San Ignacio",México,26.824913,-113.170501,,Naturaleza | Gastronomía,Naturaleza,Nestor Rene Villavicencio Rojas,Varía dependiendo del servicio contratado,Máximo 12 personas,Atestigua el majestuoso paso de la ballena gris navegando en sus aguas protegidas y emociónate con este encuentro inolvidable; complementa tu aventura con hospedaje rústico y una exquisita gastronomía a la carta o en paquetes diseñados para tu total confort en armonía con el océano.,,,,,,,,6151540070 / 6151067973,info@kuyima.com,https://www.facebook.com/Kuyimatours/,https://www.instagram.com/kuyimatours/?hl=en,VERSIÓN 1 PLATAFORMA – Baja California Sur,,,,,,https://www.kuyima.com,"Avista a la ballena gris en la Laguna San Ignacio. Completa esta aventura con hospedaje rústico, exquisita gastronomía a la carta y paquetes pensados para tu confort, viviendo en total armonía con el océano.","Avista a la ballena gris en la Laguna San Ignacio. Completa esta aventura con hospedaje rústico, exquisita gastronomía a la carta y paquetes pensados para tu confort, viviendo en total armonía con el océano."
BCS-007,Cultura Ranchera Sudcaliforniana,Baja California Sur,Comondú,San Isidro | La Purísima,México,26.202520,-112.040322,,Historia y arqueología | Naturaleza | Senderismo | Gastronomía,Gastronomía y actividades,José Jesús Arce Meza,Guía local bilingüe; comidas en actividades; agua; snack y bebidas; transporte local 4x4; kit de primeros auxilios; equipo completo de camping para algunas actividades; kayak o tabla de paddle board; cuotas para zonas ejidales.,Máximo 16 personas,"Descubre la magia de Baja California Sur con experiencias rurales inmersivas. Explora pinturas rupestres, majestuosos cañones y oasis naturales mediante senderismo interpretativo. Conecta con tradiciones locales, saborea su gastronomía y aprende de la cultura ranchera en recorridos que combinan historia, geología y una profunda conexión con la naturaleza.",,,,,,,,6131243026,rural_adventure@outlook.com,https://www.facebook.com/p/Rural-Adventure-San-Isidro-AC-100081481668054/,https://www.instagram.com/ruraladventuresanisidro/,VERSIÓN 1 PLATAFORMA – Baja California Sur,,,,,,,"Vive Baja California Sur con turismo rural. Explora pinturas rupestres, cañones y oasis haciendo senderismo. Conecta con la tradición, saborea la gastronomía y aprende de la cultura ranchera en plena naturaleza.","Vive Baja California Sur con turismo rural. Explora pinturas rupestres, cañones y oasis haciendo senderismo. Conecta con la tradición, saborea la gastronomía y aprende de la cultura ranchera en plena naturaleza."
BCS-008,Rancho San Cosme,Baja California Sur,Loreto,"rancho san cosme ,agua verde y santa martha",México,25.577905,-111.167624,,Historia y arqueología | Naturaleza | Artesanía | Gastronomía,Naturaleza,Esther Rodriguez Romero,"Servicio de guía local durante todas las actividades.; Uso de mulas para el recorrido hacia el cerro y aguas termales.; Acompañamiento e interpretación ambiental durante el tour en mulas.; Uso de kayak.; Equipo de snorkel (chaleco salvavidas, visor y snorkel).; Guianza y acompañamiento durante las actividades acuáticas.; Taller de artesanías (materiales incluidos y pieza elaborada por el visitante).; Experiencia gastronómica tradicional (elaboración de tortillas y café).; Servicio de alimentos en el restaurante “El Arriero del Mar” (según paquete contratado).; Visita guiada a la exposición de artefactos históricos regionales.; Acceso a playas, islas y zonas naturales contempladas en el itinerario.; Uso de instalaciones del rancho durante la experiencia.; Hospedaje (camión restaurado o cabaña rústica, en caso de paquete con pernocta).",Máximo 16 personas,"Vive una estancia única en Rancho San Cosme, donde la aventura y tradición se encuentran. Hospédate en cabañas o autobuses restaurados, recorre la costa en mula, navega en kayak hacia islas vírgenes y practica snorkel. Disfruta talleres de cocina y artesanías, explorando la historia regional en un entorno costero inolvidable.",,,,,,,,6131057844,ranchosancosme1996@gmail.com,https://www.facebook.com/rancho.sancosme.1/,https://www.instagram.com/rancho3108/,VERSIÓN 1 PLATAFORMA – Baja California Sur,,,,,,,"Vive la aventura en Rancho San Cosme. Hospédate en cabañas o autobuses. Recorre la costa en mula, haz kayak y snorkel. Disfruta talleres de cocina y artesanías en un entorno costero único e inolvidable.","Vive la aventura en Rancho San Cosme. Hospédate en cabañas o autobuses. Recorre la costa en mula, haz kayak y snorkel. Disfruta talleres de cocina y artesanías en un entorno costero único e inolvidable."
BCS-009,Restaurante Brisa del Mar,Baja California Sur,Loreto,Puerto de Agua Verde,México,25.514898,-111.070966,,Historia y arqueología | Naturaleza | Artesanía | Gastronomía,Naturaleza,Leonor Gonzalez Cota,ALIMENTOS Y BEBIDAS,Máximo 100 personas,"Explora Agua Verde, refugio pesquero pionero en el Golfo de California. Navega por sus aguas protegidas, aprende técnicas de pesca artesanal y descubre su historia a través de murales. Participa en talleres de café y tortillas, y degusta la fresca gastronomía local.",,,,,,,,6131226237,leonorgonzalez159@gmail.com,https://www.facebook.com/share/1LU57n3Sk5/?mibextid=wwXIfr,https://www.instagram.com/restaurante_brisa_del_mar?utm_source=qr,VERSIÓN 1 PLATAFORMA – Baja California Sur,,,,,,,"Explora el refugio pesquero Agua Verde. Navega sus aguas, aprende pesca artesanal y descubre su historia en bellos murales. Participa en talleres de café y tortillas, y disfruta la fresca gastronomía local.","Explora el refugio pesquero Agua Verde. Navega sus aguas, aprende pesca artesanal y descubre su historia en bellos murales. Participa en talleres de café y tortillas, y disfruta la fresca gastronomía local."
BCS-010,Entre Dunas y Manglares,Baja California Sur,Comondú,Puerto San Carlos,México,24.789719,-112.102645,,Historia y arqueología | Naturaleza,Naturaleza,Alfredo Murillo González,Lancha con cómodos asientos; capitán y guía; lunch y bebidas; brazalete de acceso al Área Natural Protegida.,Máximo 7 personas,"Sumérgete en Puerto San Carlos con una navegación interpretativa guiada por expertos locales. Explora manglares y dunas costeras mientras descubres la riqueza ecológica y la historia de este territorio. Vive una experiencia de bajo impacto, ideal para la observación de aves y la conexión auténtica con la naturaleza y comunidad.",,,,,,,,6131168050 / 6131213719,murillosbros@gmail.com,https://www.facebook.com/p/Murillos-Bros-Adventours-61578499043398/,https://www.instagram.com/murillosbros/,VERSIÓN 1 PLATAFORMA – Baja California Sur,,,,,,,Navega Puerto San Carlos con guías locales. Explora manglares y dunas descubriendo su historia y riqueza ecológica. Una experiencia sustentable ideal para observar aves y conectar profundamente con la naturaleza.,Navega Puerto San Carlos con guías locales. Explora manglares y dunas descubriendo su historia y riqueza ecológica. Una experiencia sustentable ideal para observar aves y conectar profundamente con la naturaleza.
BCS-011,Avistamiento de Ballenas y Aves,Baja California Sur,La Paz,Puerto Chale B.C.S.,México,24.424019,-111.553349,,Naturaleza,Naturaleza,Emmanuel Valles Negrete,"Uso de embarcación; Recorrido en embarcación con capacidad para 12 personas, incluyendo combustible y operación.; Chalecos salvavidas y equipo de seguridad; Todos los turistas reciben chalecos salvavidas y se les instruye en normas de seguridad.; Permisos y pagos legales; Incluye pago a la comunidad ejidal y cumplimiento de normativas de Áreas Naturales Protegidas, asegurando acceso legal y sustentable a la; zona.; Avistamiento de la ballena gris (Eschrichtius robustus) y otras especies marinas.; Información sobre prácticas tradicionales de pesca, navegación y conocimientos locales de la comunidad.; Seguros básicos de responsabilidad por operación; Cobertura por incidentes que puedan ocurrir dentro de las condiciones normales del tour y la operación de la embarcación.; Fotografía y registro opcional; La empresa puede tomar fotos o videos durante el recorrido para promoción; los turistas pueden optar por no aparecer.; Atención y logística; Recepción y bienvenida de los turistas, instrucciones previas al recorrido, coordinación de horarios y regreso seguro al punto de partida.",Máximo 4 personas,"Vive una experiencia inolvidable en Puerto Chale con nuestra empresa familiar dedicada al avistamiento de ballena gris. Disfruta de un recorrido seguro y educativo por la bahía, donde expertos locales comparten la riqueza de nuestra biodiversidad. Impulsamos el turismo sustentable mientras conectas respetuosamente con la majestuosidad de la vida marina.",,,,,,,,6122145064,toursemmanuel01@gmail.com,https://www.facebook.com/p/Tours-Emmanuel-Avistamiento-de-Ballenas-Y-Aves-100063296584966/,https://www.instagram.com/toursemmanuel_?,VERSIÓN 1 PLATAFORMA – Baja California Sur,,,,,,,Avista la ballena gris en Puerto Chale. Disfruta un recorrido seguro y educativo con expertos locales. Apoya el turismo sustentable y conecta respetuosamente con la asombrosa biodiversidad y majestuosidad de la vida marina.,Avista la ballena gris en Puerto Chale. Disfruta un recorrido seguro y educativo con expertos locales. Apoya el turismo sustentable y conecta respetuosamente con la asombrosa biodiversidad y majestuosidad de la vida marina.
BCS-012,Turismo Rural Las Animas,Baja California Sur,La Paz,Las Animas | Jesús María,México,23.633450,-109.971915,,Naturaleza | Senderismo | Gastronomía,Gastronomía y actividades,Valentin Martinez,Guía para caminatas y senderismo.; Brazalete para ANP; zona de acampar y renta de casas de campaña.; comidas.; Snacks durante recorridos.,Máximo 20 personas,"Descubre la Sierra La Giganta a través de senderismo y campismo guiados por la comunidad. Recorre senderos, observa la biodiversidad del desierto sudcaliforniano, conoce los saberes rancheros, disfruta de gastronomía regional y vive una noche de campamento bajo las estrellas en contacto con la naturaleza.",,,,,,,,6122039988,lasanimas.ecoturismo@gmail.com,https://www.facebook.com/profile.php?id=61576275128464,,VERSIÓN 1 PLATAFORMA – Baja California Sur,,,,,,,"Explora la Sierra La Giganta con guías locales. Recorre senderos, admira la biodiversidad del desierto, aprende saberes rancheros, degusta la gastronomía regional y acampa bajo las estrellas en total conexión con la naturaleza.","Explora la Sierra La Giganta con guías locales. Recorre senderos, admira la biodiversidad del desierto, aprende saberes rancheros, degusta la gastronomía regional y acampa bajo las estrellas en total conexión con la naturaleza."
BCS-013,Ruta Ciclista del Oro y la Plata,Baja California Sur,La Paz,El triunfo,México,23.801994,-110.109102,,Historia y arqueología | Gastronomía,Comunidad y vida cotidiana,Edgar Guadalupe Estrada Gonzales,"Guía local , 2. hidratación, 3. Guía de observación de aves.",Máximo 20 personas,"Recorre la historia de El Triunfo en una ruta ciclista de 6 kilómetros. Descubre el legado minero de Baja California Sur visitando el Panteón Inglés, emblemáticas minas y miradores panorámicos. De la mano de guías locales, conecta con el patrimonio biocultural y la fascinante riqueza histórica de este pueblo minero.",,,,,,,,6121574726 / 6121540270 / 6121271375,redverdeazul@gmail.com,https://www.facebook.com/share/1EPmFizDDH/?mibextid=wwXIfr,,VERSIÓN 1 PLATAFORMA – Baja California Sur,,,,,,,"Explora El Triunfo en una ruta ciclista. Descubre su legado minero, el Panteón Inglés y miradores panorámicos. Junto a guías locales, conecta con el rico patrimonio histórico de este fascinante pueblo sudcaliforniano.","Explora El Triunfo en una ruta ciclista. Descubre su legado minero, el Panteón Inglés y miradores panorámicos. Junto a guías locales, conecta con el rico patrimonio histórico de este fascinante pueblo sudcaliforniano."
BCS-014,Los Realeños de San Antonio,Baja California Sur,,San Antonio Baja California Sur,México,23.806533,-110.057391,,Historia y arqueología | Naturaleza | Senderismo | Gastronomía,Naturaleza,Joaquin Manriquez Rieke,guía turística; zona ejidal; entradas senderos,Máximo 25 personas,"Explora San Antonio, un histórico pueblo minero de Baja California Sur, a través de nuestra ruta de senderismo interpretativo. Conecta con la naturaleza serrana, descubre antiguas minas y admira vistas panorámicas inigualables. Esta experiencia apoya directamente a las familias locales, celebrando nuestra identidad, historia y compromiso con el turismo sustentable.",,,,,,,,6121570285,raicesdoradas.jm@gmail.com,https://www.facebook.com/realenosdesantonio/?locale=es_LA,,VERSIÓN 1 PLATAFORMA – Baja California Sur,,,,,,,"Haz senderismo en el pueblo minero de San Antonio. Descubre antiguas minas y admira la sierra. Apoya a familias locales y celebra su identidad, historia y fuerte compromiso con el turismo sustentable sudcaliforniano.","Haz senderismo en el pueblo minero de San Antonio. Descubre antiguas minas y admira la sierra. Apoya a familias locales y celebra su identidad, historia y fuerte compromiso con el turismo sustentable sudcaliforniano."
BCS-015,El Rosario,Baja California Sur,La Paz,Ejido el Rosario,México,23.743127,-110.111956,,Naturaleza | Artesanía | Gastronomía,Comunidad y vida cotidiana,Jaziel Abigail Garcia,"ENTRADA AL SANTUARIO, DERECHO A DEGUSTACION DE COMIDA REGIONAL, TOMAR TALLER DE ARTESANIAS, ATENCION POR PRIMER; RESPONDIENTE EN CASO DE INCIDENTES",Máximo 6 personas,"Descubre el Ejido El Rosario, un oasis de conservación en Baja California Sur. Explora el Santuario de los Cactus, admira vistas panorámicas desde el Cerro de la Cruz y conoce la Farmacia Viviente, donde mujeres locales preservan el saber ancestral. Concluye disfrutando de su gastronomía y sus artesanías únicas.",,,,,,,,6121041870,advcsanturiocactusbcs@gmail.com,,,VERSIÓN 1 PLATAFORMA – Baja California Sur,,,,,,,"Explora el Ejido El Rosario, oasis de conservación. Visita el Santuario de Cactus y el Cerro de la Cruz. Conoce la Farmacia Viviente de saberes ancestrales y disfruta de su deliciosa gastronomía local y artesanías.","Explora el Ejido El Rosario, oasis de conservación. Visita el Santuario de Cactus y el Cerro de la Cruz. Conoce la Farmacia Viviente de saberes ancestrales y disfruta de su deliciosa gastronomía local y artesanías."
BCS-016,Santiago Sostenible,Baja California Sur,Los Cabos,Santiago- San Dioniso,México,23.481647,-109.714934,,Historia y arqueología | Naturaleza | Gastronomía,Saberes Tradicionales,Verónica Castro Rosas Karen Wilson Sánchez Elizabeth Álvarez Rosas Karminia Carolina Castro,No se define así es todo incluído.,,"Siente el latir choyero del oasis de Santiago conduciendo junto a un guía local. Honra el legado misional, abraza los saberes ancestrales de la Casa de Saberes y cosecha la tradición elaborando mermelada de mango en un rancho tradicional, fundiéndote con su patrimonio en una inolvidable comida campirana.",,,,,,,,6241599096 / 6291654794,stgosostenible@gmail.com,https://www.facebook.com/MercadoSantiagoSustentable/,,VERSIÓN 1 PLATAFORMA – Baja California Sur,,,,,,,"Explora el oasis de Santiago. Conoce la Casa de Saberes, honra su historia misional, haz mermelada de mango en un rancho tradicional y disfruta una rica comida campirana conectando con el auténtico patrimonio choyero.","Explora el oasis de Santiago. Conoce la Casa de Saberes, honra su historia misional, haz mermelada de mango en un rancho tradicional y disfruta una rica comida campirana conectando con el auténtico patrimonio choyero."
BCS-017,Vivencias Rurales,Baja California Sur,Los Cabos | La Paz,"Rancho Agua de La Palma, San Dionisio | Todos Santos, San Antonio, La Paz, Santiago | San José del Cabo",México,23.3220929,-109.6619957,,Gastronomía,Gastronomía y actividades,Víctor Rodrigo Márquez Cota Julio Cruz Pastrana Pablo Daniel Cortez Amador,Taller de dulces regionales; Desayuno regional; Taller de platillos regionales; Comida de platillos regionales; Recorrido por el huerto familiar; Ingredientes para taller de dulces regionales y platillos regionales,Máximo 30 personas,"Descubre la auténtica cocina bajacaliforniana en Rancho Agua de la Palma. Participa en un taller vivencial guiado por familias locales, donde aprenderás a elaborar quesos, dulces y platillos tradicionales con ingredientes sustentables. Finaliza con una comida comunitaria, celebrando el patrimonio cultural y la esencia de la vida ranchera.",,,,,,,,6241229234 / 6242195297,cruzpastrana@hotmail.com,https://www.facebook.com/share/18NhAeVFpf/,https://www.instagram.com/saboresdemarydesierto?utm_source=ig_web_button_share_sheet&igsh=ZDNlZDc0MzIxNw==,VERSIÓN 1 PLATAFORMA – Baja California Sur,,,,,,,"En Rancho Agua de la Palma, descubre la cocina local. Participa en talleres familiares para elaborar quesos, dulces y platillos. Disfruta una comida comunitaria que celebra el patrimonio cultural y la auténtica vida ranchera.","En Rancho Agua de la Palma, descubre la cocina local. Participa en talleres familiares para elaborar quesos, dulces y platillos. Disfruta una comida comunitaria que celebra el patrimonio cultural y la auténtica vida ranchera."
BCS-018,Cabo Pulmo por Locales,Baja California Sur,Los Cabos,Cabo Pulmo,México,23.436120,-109.427448,,Naturaleza | Senderismo | Gastronomía,Naturaleza,Luis Mario Castro Arviz,"Ofrecemos servicios de buceo, hospedaje, snorkel, safari marino, pesca deportiva (fuera del ANP), alimentos y senderismo, incluyendo todo el; equipo necesario para la actividad de su agrado, incluye brazalete de ingreso al ANP, snack y bebidas en la embarcación, con una duración; aproximada de 3 horas por actividad, en hospedaje wifi, agua caliente.",Máximo 10 personas,"Vive la magia de Cabo Pulmo con cinco generaciones de experiencia local. Disfruta de buceo, snorkel, safaris marinos y senderismo con equipo incluido en cada tour. Complementa tu aventura con hospedaje rústico, gastronomía regional y una atención personalizada que se adapta a tus tiempos.",,,,,,,,6241106296 / 6241295960,luiscastrocpsc@gmail.com,https://www.facebook.com/cabopulmosc/?locale=es_LA,https://www.instagram.com/cabopulmosportcenter,VERSIÓN 1 PLATAFORMA – Baja California Sur,,,,,,https://www.cabopulmosportcenter.com,"Vive Cabo Pulmo con expertos locales. Disfruta buceo, snorkel, safaris y senderismo (equipo incluido). Completa tu aventura costera con hospedaje rústico, gastronomía regional y una atención personalizada adaptada a tus tiempos.","Vive Cabo Pulmo con expertos locales. Disfruta buceo, snorkel, safaris y senderismo (equipo incluido). Completa tu aventura costera con hospedaje rústico, gastronomía regional y una atención personalizada adaptada a tus tiempos."
MMM-001,Caminata por la Selva de Calakmul hacia el Hormiguero,Campeche,Calakmul,Eugenio Echeverría Castellot II,México,18.397200,-89.820600,Arqueología del Sur,Historia y arqueología | Naturaleza | Senderismo,"Diversidad cultural, Patrimonio agrícola, Patrimonio natural, Patrimonio cultural inmaterial","Bárbara Díaz Arcos, Centro Ecoturístico El Hormiguero","Senderismo al amanecer o recorrido vespertino, opción de bicicleta, visita al sitio arqueológico El Hormiguero, alimentos tradicionales y opción de camping.",Máximo 10 personas,"La experiencia permite conocer la comunidad de Eugenio Echeverría Castellot II y la zona arqueológica de El Hormiguero mediante dos modalidades. La primera inicia al amanecer con una caminata o recorrido en bicicleta de dos kilómetros desde la laguna hasta el sitio arqueológico y concluye con un desayuno regional en el centro ecoturístico. La segunda comienza por la tarde en El Hormiguero, continúa por el sendero hasta la laguna y finaliza en la comunidad, donde es posible acampar y disfrutar de una cena preparada por mujeres locales.",Zona arqueológica “El hormiguero”,"Relatos y leyendas de la selva maya, Gastronomía, Arqueología.","Reserva de la Biósfera de Calakmul, ADVC El Hormiguero Laguna el Hormiguero.","Anfitrión, Cocineras tradicionales, Guías de la comunidad.",Alimentos y bebidas tradicionales.,La preservación de los recursos naturales y las tradiciones mayas de la región.,La educación ambiental en materia de Ecoturismo.,9831195598 / 9831679576 / 9831686332,barbara.diaz2203@gmail.com,,,"Catálogo de Experiencias Turísticas Mundo Maya México, UNESCO / Alianza Mundo Maya México, 2025",CC BY-SA 3.0 IGO,,,,,,"La experiencia permite conocer la comunidad de Eugenio Echeverría Castellot II y la zona arqueológica de El Hormiguero mediante dos modalidades. La primera inicia al amanecer con una caminata o recorrido en bicicleta de dos kilómetros desde la laguna hasta el sitio arqueológico y concluye con un desayuno regional en el centro ecoturístico. La segunda comienza por la tarde en El Hormiguero, continúa por el sendero hasta la laguna y finaliza en la comunidad, donde es posible acampar y disfrutar de una cena preparada por mujeres locales.","Senderismo al amanecer o recorrido vespertino, opción de bicicleta, visita al sitio arqueológico El Hormiguero, alimentos tradicionales y opción de camping."
MMM-002,Cenotes y Belleza Natural de Miguel Colorado,Campeche,Champotón,Miguel Colorado,México,19.354700,-90.489700,Ruta Puuc,Naturaleza | Artesanía | Gastronomía,"Diversidad cultural, Patrimonio agrícola, Patrimonio natural, Patrimonio cultural inmaterial","Raúl Canul Tun, Los Reyecitos “Ukuchil Jeele”","Senderismo, observación de aves, kayak, nado en cenotes, almuerzo tradicional, visita al cenote de murciélagos y taller de chocolate.",Máximo 10 personas,"Esta experiencia de día completo combina naturaleza, gastronomía y saberes locales en Miguel Colorado. Incluye actividades en los cenotes, como senderismo, observación de aves, kayak y nado, además de una comida preparada en fogón tradicional. El recorrido se complementa con la visita al cenote de los murciélagos, un taller de chocolate y una observación nocturna del cielo vinculada con la cosmogonía maya. También puede incluir avistamiento matutino de aves y un paseo en bicicleta por la comunidad.",,"Tradición ancestral el chocolate en los pueblos mayas, interpretación de los cielos en la cosmogonía maya.","Cenotes Miguel Colorado, Área Destinada voluntariamente a la Conservación Ejido Miguel Colorado, Cenote de los Murciélagos, Cielos Oscuros.","Anfitrión, Representantes de los talleres artesanales.","Tablillas de chocolate artesanal, Comida y bebidas tradicionales de la región.",El rescate de tradiciones de la comunidad y la preservación de los recursos naturales de la región.,"La preservación y el uso consciente de los recursos naturales de la región, evitar el uso de productos de un solo uso.",9828220300 / 9811404641,canulamador379@gmail.com; canul9504@gmail.com,Los Reyecitos “Ukuchil Jeele”,,"Catálogo de Experiencias Turísticas Mundo Maya México, UNESCO / Alianza Mundo Maya México, 2025",CC BY-SA 3.0 IGO,,,,,,"Esta experiencia de día completo combina naturaleza, gastronomía y saberes locales en Miguel Colorado. Incluye actividades en los cenotes, como senderismo, observación de aves, kayak y nado, además de una comida preparada en fogón tradicional. El recorrido se complementa con la visita al cenote de los murciélagos, un taller de chocolate y una observación nocturna del cielo vinculada con la cosmogonía maya.","Senderismo, observación de aves, kayak, nado en cenotes, almuerzo tradicional, visita al cenote de murciélagos y taller de chocolate."
MMM-003,Corredor artesanal “20 de Noviembre”,Campeche,Calakmul,Comunidad “20 de noviembre”,México,18.185400,-89.741300,Arqueología del Sur,Artesanía | Meliponicultura,"Diversidad cultural, Patrimonio natural, Patrimonio cultural","Génesis Dzib Salazar, Corredor Artesanal 20 de Noviembre","Recorrido por talleres artesanales, demostraciones de bordado, meliponicultura, fibras naturales, bisutería, tallado de madera y degustación de infusiones.",Máximo 10 personas,"El Corredor Artesanal 20 de Noviembre ofrece un recorrido inmersivo por talleres comunitarios dedicados a distintas expresiones artesanales. Las personas visitantes pueden conocer técnicas de bordado, meliponicultura, trabajo con fibras naturales, bisutería con semillas, plantas medicinales, talla en madera, lapidaria y urdido de hamacas. En varios talleres es posible elaborar una pieza propia y conversar directamente con las personas artesanas. La experiencia concluye con una comida regional preparada en fogón tradicional.",,Preservar la tradición artesanal un pueblo maya migrante hacia las nuevas generaciones.,Reserva de la biósfera de Calakmul.,"Anfitrión, Apicultoras, Artesanas, Cocineras tradicionales.","Comida, y bebidas tradicionales de la Región.","La artesanía entre las nuevas generaciones, el uso de los recursos naturales de la reserva de la biósfera de Calakmul de manera sustentable.","La preservación de las tradiciones de la comunidad, así como los procesos artesanales.",9971110792 / 9838368232 / 9831406071,genidzib123@gmail.com,Corredor Artesanal 20 noviembre,,"Catálogo de Experiencias Turísticas Mundo Maya México, UNESCO / Alianza Mundo Maya México, 2025",CC BY-SA 3.0 IGO,,,,,,"El Corredor Artesanal 20 de Noviembre ofrece un recorrido inmersivo por talleres comunitarios dedicados a distintas expresiones artesanales. Las personas visitantes pueden conocer técnicas de bordado, meliponicultura, trabajo con fibras naturales, bisutería con semillas, plantas medicinales, talla en madera, lapidaria y urdido de hamacas. En varios talleres es posible elaborar una pieza propia y conversar directamente con las personas artesanas.","Recorrido por talleres artesanales, demostraciones de bordado, meliponicultura, fibras naturales, bisutería, tallado de madera y degustación de infusiones."
MMM-004,Flamencos de Isla Arena,Campeche,Calkiní,Isla Arena,México,20.447800,-90.408300,Ruta Puuc,Naturaleza | Senderismo,"Diversidad cultural, Patrimonio arquitectónico, Patrimonio natural, Patrimonio cultural inmaterial","Israel Molas Narváez, Servicios Ecoturísticos Carey","Recorrido en canoa por manglares, observación de fauna, visita a salineras y a la antigua hacienda Real de Salinas.",Máximo 10 personas,"La experiencia comienza con un recorrido en canoa por canales y túneles de manglar de la Reserva de la Biosfera Ría Celestún, donde es posible observar flamencos, aves costeras y otras especies. Después se visita Isla Arena para conocer antiguas salinas y aprender sobre la extracción artesanal de sal. El recorrido continúa en embarcaciones pequeñas por el manglar hasta un ojo de agua, con oportunidades de avistamiento de fauna y nado. La jornada finaliza con gastronomía local y una puesta de sol en canoa.",Casco de la Ex Hacienda “Real de Salinas” y Ex Hacienda “Herradura”,"Gastronomía, Importancia de la sal en la cultura maya y el mangle en la cultura maya.",Reserva de la Biósfera Ría Celestún.,"Anfitrión, Capitán náutico, Cocineras de la comunidad.",Alimentos y bebidas tradicionales.,La preservación de los recursos naturales y las tradiciones mayas de la región.,La educación ambiental en materia de Ecoturismo y cuidado de las reservas naturales de la región.,9992808513,careycentroecoturistico@gmail.com,Servicios Ecoturístico Carey S.C,,"Catálogo de Experiencias Turísticas Mundo Maya México, UNESCO / Alianza Mundo Maya México, 2025",CC BY-SA 3.0 IGO,,,,,,"La experiencia comienza con un recorrido en canoa por canales y túneles de manglar de la Reserva de la Biosfera Ría Celestún, donde es posible observar flamencos, aves costeras y otras especies. Después se visita Isla Arena para conocer antiguas salinas y aprender sobre la extracción artesanal de sal. El recorrido continúa en embarcaciones pequeñas por el manglar hasta un ojo de agua, con oportunidades de avistamiento de fauna y nado.","Recorrido en canoa por manglares, observación de fauna, visita a salineras y a la antigua hacienda Real de Salinas."
MMM-005,La Casa del Cocodrilo “Wotoch Aayín”,Campeche,Calkiní,Isla Arena,México,20.447800,-90.408300,Ruta Puuc,Historia y arqueología | Senderismo,"Diversidad cultural, Patrimonio natural, Patrimonio cultural inmaterial","Rossana Rivero Gómez, Centro Ecoturístico Wotoch Aayín","Recorrido guiado por el centro de conservación, observación de cocodrilos moreletii e interpretación ambiental y cultural.",,"Wotoch Aayín ofrece un recorrido guiado para conocer el cocodrilo de pantano y comprender su función en el ecosistema de manglar y en la cosmovisión maya. El sendero permite observar ejemplares de distintas edades, áreas de reproducción y un túnel de manglar con información sobre sus especies y servicios ambientales. La visita llega a un mirador sobre la ría de Isla Arena y puede complementarse con un paseo en lancha o kayak. Al final se ofrece una charla ambiental y la posibilidad de consumir alimentos en el restaurante del sitio.",,"Tradición del cocodrilo en la cultura maya, Leyendas mayas.",Reserva de la Biósfera Ría Celestún.,"Anfitrión, Guías de la comunidad.",Comidas y bebidas tradicionales de la Región.,La protección y conservación del cocodrilo Moreletii.,,9961079297,centroecoturisticowotochaayin@gmail.com,"Wotoch Aayin, Isla Arena Campeche",,"Catálogo de Experiencias Turísticas Mundo Maya México, UNESCO / Alianza Mundo Maya México, 2025",CC BY-SA 3.0 IGO,,,,,https://www.wotochaayin.com,"Wotoch Aayín ofrece un recorrido guiado para conocer el cocodrilo de pantano y comprender su función en el ecosistema de manglar y en la cosmovisión maya. El sendero permite observar ejemplares de distintas edades, áreas de reproducción y un túnel de manglar con información sobre sus especies y servicios ambientales. La visita llega a un mirador sobre la ría de Isla Arena y puede complementarse con un paseo en lancha o kayak.","Recorrido guiado por el centro de conservación, observación de cocodrilos moreletii e interpretación ambiental y cultural."
MMM-006,La raíz del futuro “La Mancolona”,Campeche,Calakmul,Unión 20 de junio “La Mancolona”,México,18.204100,-89.812300,Arqueología del Sur,Naturaleza,"Diversidad cultural, Patrimonio natural, Patrimonio cultural","Ramón López Díaz, Centro Ecoturístico La Raíz del Futuro","Recorrido comunitario, talleres de artesanía con materiales de la selva y convivencia con familias de La Mancolona.",Máximo 10 personas,"La experiencia presenta la diversidad cultural y natural de la comunidad Unión 20 de Junio, integrada por familias de origen tzeltal, chol y tzotzil. En el centro ecoturístico La Raíz del Futuro, las personas visitantes son recibidas con música de marimba y gastronomía regional, antes de recorrer senderos interpretativos y conocer el aprovechamiento de la pimienta gorda. También pueden participar en talleres de velas de cera de abeja, piñatas, cestería con bejuco, telar de cintura y artesanías de coco. La jornada puede cerrar con relatos comunitarios alrededor de una fogata.",,Preservar la tradición artesanal de un pueblo maya migrante hacia las nuevas generaciones.,,"Anfitrión, Artesanas de la comunidad, Cocineras tradicionales.","Comida y bebidas tradicionales, té de hoja de pimienta.",La preservación de los recursos naturales y las tradiciones de la región.,"La recuperación de los procesos artesanales y actividades tradicionales de la etnia tzeltal, chol y tzotzil.",9811252098,,"Campeche Go, “Recorridos turísticos”, Visit Calakmul",,"Catálogo de Experiencias Turísticas Mundo Maya México, UNESCO / Alianza Mundo Maya México, 2025",CC BY-SA 3.0 IGO,,,,,,"La experiencia presenta la diversidad cultural y natural de la comunidad Unión 20 de Junio, integrada por familias de origen tzeltal, chol y tzotzil. En el centro ecoturístico La Raíz del Futuro, las personas visitantes son recibidas con música de marimba y gastronomía regional, antes de recorrer senderos interpretativos y conocer el aprovechamiento de la pimienta gorda. También pueden participar en talleres de velas de cera de abeja, piñatas, cestería con bejuco, telar de cintura y artesanías de coco.","Recorrido comunitario, talleres de artesanía con materiales de la selva y convivencia con familias de La Mancolona."
MMM-007,Los Cielos Mayas de Calakmul,Campeche,Calakmul,Conhúas,México,18.657200,-90.104000,Arqueología del Sur,Historia y arqueología | Senderismo,"Patrimonio arquitectónico, Patrimonio agrícola, Patrimonio natural, Patrimonio cultural inmaterial","Leticia Valenzuela Santiago, Campamento Yaaxché","Visita a Calakmul, interpretación arqueoastronómica, taller de molienda de maíz y observación del cielo maya.",Máximo 10 personas,"Esta experiencia de día completo vincula la historia de Calakmul con los conocimientos astronómicos y alimentarios de la cultura maya. Por la mañana se recorren espacios de la antigua ciudad relacionados con la observación de los astros y su influencia en la vida cotidiana. Más tarde se participa en un taller de molienda de maíz y elaboración de tortillas, acompañado de una comida tradicional. Al anochecer se realiza una observación del cielo y se comparten relatos sobre la creación del universo, junto con tamales y chocolate.",,Preservar la tradición artesanal de un pueblo maya migrante hacia las nuevas generaciones.,Reserva de la biosfera de Calakmul.,"Anfitrión, Artesanas de la comunidad, Cocineras tradicionales.","Comida y bebidas tradicionales, té de hoja de pimienta.",La conservación y protección de los cielos oscuros de la región.,La preservación de los recursos naturales y las tradiciones mayas de la región.,9831770606 / 9831011921,,Campamento YaaxChé,,"Catálogo de Experiencias Turísticas Mundo Maya México, UNESCO / Alianza Mundo Maya México, 2025",CC BY-SA 3.0 IGO,,,,,,"Esta experiencia de día completo vincula la historia de Calakmul con los conocimientos astronómicos y alimentarios de la cultura maya. Por la mañana se recorren espacios de la antigua ciudad relacionados con la observación de los astros y su influencia en la vida cotidiana. Más tarde se participa en un taller de molienda de maíz y elaboración de tortillas, acompañado de una comida tradicional.","Visita a Calakmul, interpretación arqueoastronómica, taller de molienda de maíz y observación del cielo maya."
MMM-008,Meliponicultura y Tradiciones Mayas de Tankuché,Campeche,Calkiní,Tankuché,México,20.261300,-90.228300,Ruta Puuc,Artesanía | Meliponicultura,"Diversidad cultural, Patrimonio agrícola, Patrimonio arquitectónico, Patrimonio natural, Patrimonio cultural inmaterial","Mario Ramón Yáñez Tun, Eco Tankuché Turismo Comunitario","Visita a la hacienda Tankuché, meliponario, talleres de sansevieria y jipijapa, demostraciones artesanales y degustación local.",Máximo 10 personas,"El recorrido inicia en el parador Eco Tankuché y enlaza diversas iniciativas comunitarias. Se visita una cooperativa que transforma la sansevieria mediante desfibrado, teñido e hilado, así como un taller de artesanías de jipijapa elaboradas en una cueva. También se conoce la antigua Hacienda Tankuché y el meliponario Mak Jobón, dedicado al cuidado de abejas y a la elaboración de productos con miel. La experiencia concluye con comida tradicional y una presentación de jarana; de manera opcional, puede incluir la preparación de pibipollo.","El recorrido permite observar la casa tradicional maya, traspatios tradicionales.","La experiencia se basa en el rescate de tradiciones agrícolas, astronómicas y culinarias de los antiguos pueblos mayas.",,Anfitrión y guías de la comunidad.,Comida y bebidas tradicionales de la región.,"El rescate de tradiciones orales (conocimientos sobre naturaleza) y agrícolas indígenas, procesos artesanales, bailes tradicionales y la protección de las especies de abeja de la región.","La adquisición únicamente de productos de la comunidad, la disposición responsable de los residuos y el cuidado de las especies de flora y fauna de la región.",9811702985 / 9961001437,,Eco Tankuché,,"Catálogo de Experiencias Turísticas Mundo Maya México, UNESCO / Alianza Mundo Maya México, 2025",CC BY-SA 3.0 IGO,,,,,,"El recorrido inicia en el parador Eco Tankuché y enlaza diversas iniciativas comunitarias. Se visita una cooperativa que transforma la sansevieria mediante desfibrado, teñido e hilado, así como un taller de artesanías de jipijapa elaboradas en una cueva. También se conoce la antigua Hacienda Tankuché y el meliponario Mak Jobón, dedicado al cuidado de abejas y a la elaboración de productos con miel.","Visita a la hacienda Tankuché, meliponario, talleres de sansevieria y jipijapa, demostraciones artesanales y degustación local."
MMM-009,"Pomuch, pan y difuntos",Campeche,Hecelchakán,Pomuch,México,20.102300,-90.168900,Ruta Puuc,Historia y arqueología | Senderismo | Artesanía | Gastronomía,"Diversidad cultural, Patrimonio arquitectónico, Patrimonio cultural inmaterial","Génesis Cetz Pérez, La Casita de los Árboles Nativos","Recorrido por Pomuch, visita a iglesia y panadería tradicional, acercamiento al cementerio y degustación de gastronomía local.",Máximo 10 personas,"Este recorrido a pie por el centro de Pomuch acerca a las personas visitantes a su patrimonio religioso, gastronómico y funerario. Incluye la iglesia de la Concepción, una panadería tradicional, una casa maya donde se prepara pibipollo y el cementerio de la comunidad, conocido por la limpieza de huesos y el cambio de mantos de los fieles difuntos. También se visita un taller de dulces tradicionales y se participa en la degustación del pibipollo. La experiencia permite comprender el significado local de las celebraciones dedicadas a las personas fallecidas.","El recorrido permite observar la casa tradicional maya, traspatios tradicionales.","La experiencia se basa en el rescate de tradiciones agrícolas, astronómicas y culinarias de los antiguos pueblos mayas.",,"Anfitrión, Representantes e integrantes de los talleres artesanales.","Comida, dulces y bebidas tradicionales de la Región.",La transferencia de conocimiento de los procesos artesanales a las nuevas generaciones y la recuperación de las tradiciones culturales de la comunidad.,"La adquisición únicamente de productos de la comunidad, la disposición responsable de los residuos, el respeto a las tradiciones y costumbres heredadas.",9961111418,genesiscetzperez@gmail.com,"Choo ba’ak Pomuch, Gnsis Ctz Prz",,"Catálogo de Experiencias Turísticas Mundo Maya México, UNESCO / Alianza Mundo Maya México, 2025",CC BY-SA 3.0 IGO,,,,,,"Este recorrido a pie por el centro de Pomuch acerca a las personas visitantes a su patrimonio religioso, gastronómico y funerario. Incluye la iglesia de la Concepción, una panadería tradicional, una casa maya donde se prepara pibipollo y el cementerio de la comunidad, conocido por la limpieza de huesos y el cambio de mantos de los fieles difuntos. También se visita un taller de dulces tradicionales y se participa en la degustación del pibipollo.","Recorrido por Pomuch, visita a iglesia y panadería tradicional, acercamiento al cementerio y degustación de gastronomía local."
MMM-010,Rescate de la flora nativa y los saberes mayas,Campeche,Calkiní,Bécal,México,20.087200,-90.032400,Ruta Puuc,Naturaleza,"Diversidad cultural, Patrimonio agrícola, Patrimonio natural, Patrimonio cultural inmaterial","Cessia Esther Chuc Uc, La Casita de los Árboles Nativos","Visita a casa y traspatio maya, charla sobre agricultura y astronomía, observación con telescopio y degustación de alimentos tradicionales.",Máximo 15 personas,"La experiencia inicia con una bebida de chaya y un recorrido por un sendero de árboles y un huerto tradicional, donde se explican sus nombres, propiedades, usos y vínculos con la cultura maya. Al atardecer se visita una vivienda tradicional para conocer sus técnicas constructivas y participar en una charla sobre astronomía y agricultura maya. Posteriormente se realiza una observación con telescopio y la jornada concluye con una degustación de alimentos cocinados en fogón o en pib, preparados con ingredientes del huerto por personas de la comunidad.","El recorrido permite observar la casa tradicional maya, traspatios tradicionales.","La experiencia se basa en el rescate de tradiciones agrícolas, astronómicas y culinarias de los antiguos pueblos mayas.","Árboles nativos, huerto tradicional y entorno natural de la comunidad.","Anfitrión, Artesanos, Ingeniero Agrónomo, Astrónomo.","Comida, antojitos y bebidas tradicionales de la Región.",El rescate de tradiciones orales (leyendas y conocimientos sobre naturaleza) y agrícolas indígenas.,"La adquisición de productos de la comunidad, la disposición responsable de los residuos y el cuidado de la flora local.",9811060950,,La Casita de los Árboles Nativos Fundación Chilibitos de Bécal,,"Catálogo de Experiencias Turísticas Mundo Maya México, UNESCO / Alianza Mundo Maya México, 2025",CC BY-SA 3.0 IGO,,,,,,"La experiencia inicia con una bebida de chaya y un recorrido por un sendero de árboles y un huerto tradicional, donde se explican sus nombres, propiedades, usos y vínculos con la cultura maya. Al atardecer se visita una vivienda tradicional para conocer sus técnicas constructivas y participar en una charla sobre astronomía y agricultura maya. Posteriormente se realiza una observación con telescopio y la jornada concluye con una degustación de alimentos cocinados en fogón o en pib, preparados con ingredientes del huerto por personas de la comunidad.","Visita a casa y traspatio maya, charla sobre agricultura y astronomía, observación con telescopio y degustación de alimentos tradicionales."
MMM-011,Santuario de meliponas,Campeche,Calkiní,Tankuché,México,20.261300,-90.228300,Ruta Puuc,Historia y arqueología | Meliponicultura,"Diversidad cultural, Patrimonio natural, Patrimonio cultural inmaterial","José Vidal Pat Colli, Miel de la Familia Pat","Visita al meliponario, explicación del cuidado de las abejas, demostración de productos derivados y degustación de miel.",Máximo 10 personas,"La visita comienza en jardines con flores melíferas y continúa en un meliponario, donde se presentan distintas especies de abejas nativas y su importancia cultural y ambiental. La experiencia incluye una ceremonia maya de agradecimiento por las cosechas y concluye con una degustación de mieles producidas en la región.",Ex Hacienda Takunché.,"Herbolaria de la región, la importancia de la abeja en la cultura maya, preservación de las especies de la región, Gastronomía de la región.","Reserva del área protegida de la Biósfera de los Petenes, Reserva de la Biósfera Ría Celestún.",Anfitrión y cocineras de la comunidad.,"Alimentos y Bebidas tradicionales, Cata de mieles pertenecientes a la región.",La protección de la abeja melipona y la flora melífera.,La recuperación de actividades tradicionales y el uso racional de los recursos naturales.,9985789760 / 9991657873,vidalpatcolli@gmail.com,mielpat,,"Catálogo de Experiencias Turísticas Mundo Maya México, UNESCO / Alianza Mundo Maya México, 2025",CC BY-SA 3.0 IGO,,,,,,"La visita comienza en jardines con flores melíferas y continúa en un meliponario, donde se presentan distintas especies de abejas nativas y su importancia cultural y ambiental. La experiencia incluye una ceremonia maya de agradecimiento por las cosechas y concluye con una degustación de mieles producidas en la región.","Visita al meliponario, explicación del cuidado de las abejas, demostración de productos derivados y degustación de miel."
MMM-012,Lacanjá Chansayab,Chiapas,Ocosingo,"Lacanjá, Chansayab",México,16.744700,-91.023300,Sierra Maya,Historia y arqueología | Senderismo | Artesanía,"Naturaleza, Tradiciones",Enrique Chankin Chanuk,"Hospedaje en cabañas o camping, alimentación, caminatas guiadas por la selva y acceso a sitios arqueológicos cercanos.",Grupos pequeños.,"La experiencia en Lacanjá Chansayab es gestionada por familias lacandonas que conservan su lengua, vestimenta y conocimientos tradicionales. Las personas visitantes pueden participar en talleres de flechas, joyería y atrapasueños, además de realizar caminatas guiadas por la selva, rafting, paseos en balsa y observación de flora y fauna. Los senderos conducen a sitios arqueológicos, ríos, cascadas y otros espacios naturales de la Selva Lacandona, bajo un enfoque de turismo comunitario y conservación.","Historia, cultura y tradiciones (Arquitectura Tradicional, Arte y Artesanía, Objetos Ritualísticos, Paisajes Culturales, Flora y Fauna Utilizadas, Monumentos y Sitios Arqueológicos, Comida y cocina tradicional).","Prácticas culturales, tradiciones, saberes y creencias (Lengua Lacandona, Rituales y Ceremonias, Conocimiento sobre la Naturaleza, Cosmovisión Maya Lacandona, Tradiciones Alimentarias, Técnicas de Pesca y Caza Tradicionales, Fiestas y Celebraciones, Sistemas de Conocimiento y Enseñanza).","Selva Lacandona, flora y fauna, ríos, manantiales y áreas naturales protegidas.",Prestadores de servicios locales y visitantes.,Alimentos y artesanías.,El conocimiento histórico y natural de la zona.,El uso de insumos locales orgánicos.,9161293357,kayom88@gmail.com,,,"Catálogo de Experiencias Turísticas Mundo Maya México, UNESCO / Alianza Mundo Maya México, 2025",CC BY-SA 3.0 IGO,,,,,http://topche.mx/,"La experiencia en Lacanjá Chansayab es gestionada por familias lacandonas que conservan su lengua, vestimenta y conocimientos tradicionales. Las personas visitantes pueden participar en talleres de flechas, joyería y atrapasueños, además de realizar caminatas guiadas por la selva, rafting, paseos en balsa y observación de flora y fauna. Los senderos conducen a sitios arqueológicos, ríos, cascadas y otros espacios naturales de la Selva Lacandona, bajo un enfoque de turismo comunitario y conservación.","Hospedaje en cabañas o camping, alimentación, caminatas guiadas por la selva y acceso a sitios arqueológicos cercanos."
MMM-013,Nahá - Metzabok,Chiapas,Ocosingo,Nahá y Metzabok,México,17.195800,-91.578300,Sierra Maya,Historia y arqueología | Naturaleza | Senderismo,"Naturaleza, Tradiciones",Verónica López Arcos,"Caminatas guiadas por la Selva Lacandona, recorridos por lagunas y ríos, interpretación cultural y servicios comunitarios.",Grupos pequeños.,"Nahá y Metzabok ofrecen una experiencia ecoturística en la Selva Lacandona, entre montañas y lagunas de origen kárstico. La comunidad invita a recorrer y disfrutar el territorio de manera responsable, al tiempo que comparte elementos de su lengua, vestimenta, ceremonias y cosmovisión. El área forma parte de una zona de protección de flora y fauna, por lo que la visita destaca la conservación y el uso responsable de los recursos naturales.","Tradiciones, arte y arquitectura.","Tradiciones, costumbres y prácticas culturales (Lengua Lacandona, cosmovisión y creencias religiosas, rituales y ceremonias tradicionales, fiestas tradicionales entre otras).","Área de protección de flora y fauna de Nahá, selva lacandona, reserva de la biósfera de Montes Azules, ríos y lagunas.","Guías Locales, Prestadores de Servicios y Turistas.",Son locales (Alimentos y Artesanias).,El conocimiento de la flora y fauna de la zona.,El uso de insumos locales orgánicos.,9161018664,contacto@nahajunglelodge.com,,,"Catálogo de Experiencias Turísticas Mundo Maya México, UNESCO / Alianza Mundo Maya México, 2025",CC BY-SA 3.0 IGO,,,,,https://www.nahajunglelodge.com,"Nahá y Metzabok ofrecen una experiencia ecoturística en la Selva Lacandona, entre montañas y lagunas de origen kárstico. La comunidad invita a recorrer y disfrutar el territorio de manera responsable, al tiempo que comparte elementos de su lengua, vestimenta, ceremonias y cosmovisión. El área forma parte de una zona de protección de flora y fauna, por lo que la visita destaca la conservación y el uso responsable de los recursos naturales.","Caminatas guiadas por la Selva Lacandona, recorridos por lagunas y ríos, interpretación cultural y servicios comunitarios."
MMM-014,Ruta del Agua,Chiapas,Palenque / Ocosingo,"Palenque, Ocosingo, Salto de Agua, Tumbalá y Catazajá",México,17.516700,-92.050000,Sierra Maya,Naturaleza,Naturaleza,"René Morelos Rodríguez, Cascada El Salto Huextoc Natzin","Recorrido por cascadas y cuerpos de agua, senderismo, kayak, tirolesa, hospedaje, alimentos y áreas de camping.",Grupos pequeños.,"La Ruta del Agua articula ríos, cascadas, lagos, lagunas y zonas arqueológicas de los municipios de Palenque, Ocosingo, Tumbalá, Salto de Agua y Catazajá. A lo largo del itinerario se pueden realizar senderismo interpretativo, observación de flora y fauna, visitas a cascadas, kayak, rafting y actividades en balnearios naturales. La oferta varía entre los distintos sitios e incluye servicios como alimentos, cabañas, áreas de campamento, hamacas y equipo para actividades de aventura.",Vestigios arqueológicos y artesanías.,"Tradiciones, costumbres, y conocimientos ancestrales.",Reserva de la Biósfera Cascadas de Agua Azul Cascada Misol Ha Cascada Roberto Barrios Cascada El Salto Cascada Las Golondrinas.,Prestadores de Servicios y Visitantes.,Gastronomía Local.,El conocimiento de la flora y fauna de la zona.,El uso de insumos locales orgánicos.,9161361087,,,,"Catálogo de Experiencias Turísticas Mundo Maya México, UNESCO / Alianza Mundo Maya México, 2025",CC BY-SA 3.0 IGO,,,,,,"La Ruta del Agua articula ríos, cascadas, lagos, lagunas y zonas arqueológicas de los municipios de Palenque, Ocosingo, Tumbalá, Salto de Agua y Catazajá. A lo largo del itinerario se pueden realizar senderismo interpretativo, observación de flora y fauna, visitas a cascadas, kayak, rafting y actividades en balnearios naturales. La oferta varía entre los distintos sitios e incluye servicios como alimentos, cabañas, áreas de campamento, hamacas y equipo para actividades de aventura.","Recorrido por cascadas y cuerpos de agua, senderismo, kayak, tirolesa, hospedaje, alimentos y áreas de camping."
MMM-015,Ruta del Queso,Chiapas,Ocosingo,Ocosingo,México,16.908300,-92.133300,Sierra Maya,Artesanía | Gastronomía,Gastronomía,"Dirección de Turismo Municipal de Ocosingo, Chiapas","Ruta gastronómica con productos locales, visitas a rancherías y fincas, acercamiento a procesos agrícolas, artesanías y sitios arqueológicos.",Grupos pequeños.,"La Ruta del Queso recorre fincas y rancherías del municipio de Ocosingo para mostrar la tradición ganadera y quesera de la región. Las personas visitantes conocen de primera mano la elaboración artesanal del queso de bola y del Queso Chiapas, preparados con leche de vaca, y pueden conversar con quienes mantienen vivo este oficio.",Rancherías y Fincas.,Los procesos artesanales de producción agrícola.,"Monumentos Históricos, Zonas Arqueológicas, Yacimientos, Cascadas.","Productores y visitantes locales, nacionales y extranjeros.",Son locales.,El conocimiento de la gastronomía.,El uso de insumos locales orgánicos.,9196701565,,https://www.facebook.com/share/v/16YWfMLEv4/?mibextid=wwXIfr,,"Catálogo de Experiencias Turísticas Mundo Maya México, UNESCO / Alianza Mundo Maya México, 2025",CC BY-SA 3.0 IGO,,,,,,"La Ruta del Queso recorre fincas y rancherías del municipio de Ocosingo para mostrar la tradición ganadera y quesera de la región. Las personas visitantes conocen de primera mano la elaboración artesanal del queso de bola y del Queso Chiapas, preparados con leche de vaca, y pueden conversar con quienes mantienen vivo este oficio.","Ruta gastronómica con productos locales, visitas a rancherías y fincas, acercamiento a procesos agrícolas, artesanías y sitios arqueológicos."
HID-001,Arroyo Blanco,Hidalgo,Chapulhuacan,Arroyo Blanco | El Carrizal | Buena Vista | Tenango,México,21.165403,-98.999434,,Naturaleza | Senderismo | Gastronomía,Naturaleza,Mauro De La Parra Hernández,Entradas | 5 alimentos | Recorrido | Entrada a grutas | Baño | Fogata | Entrada a centro recreativo | Entrada a pozas | Senderismo | Visitas a sitios,Máximo 27 personas,"Explora la Sierra Gorda en una experiencia comunitaria inolvidable. Recorre impresionantes senderos entre árboles gigantes y maravíllate con el avistamiento de aves endémicas. Sumérgete en refrescantes pozas naturales, explora las místicas grutas El Carrizal y aprende sobre auténtica gastronomía comunitaria. Vive dos días de conexión, cultura, naturaleza y descanso restaurador.",,,,,,,,7712626105 / 7712036876,maurodelaparra72@gmail.com,https://www.facebook.com/profile.php?id=61572304354329&sk=reels_tab,,VERSIÓN 1 PLATAFORMA – Hidalgo,,,,,,,"Descubre la Sierra Gorda. Recorre senderos junto a árboles gigantes, observa aves, nada en pozas y explora las grutas El Carrizal. Aprende de gastronomía local y vive dos días de naturaleza, conexión cultural y un descanso restaurador.","Descubre la Sierra Gorda. Recorre senderos junto a árboles gigantes, observa aves, nada en pozas y explora las grutas El Carrizal. Aprende de gastronomía local y vive dos días de naturaleza, conexión cultural y un descanso restaurador."
HID-002,Corazón Artesano de la Huasteca,Hidalgo,Huejutla de Reyes,Pahuatlan,México,21.068582,-98.475796,,Naturaleza | Artesanía | Gastronomía,Talleres,Julia Hernández Hernández,Entradas | Talleres | Alimentos y bebidas,Máximo 16 personas,"Sumérgete en la vida de la Huasteca hidalguense. Déjate guiar por artesanas y artesanos que te enseñarán a tallar en piedra, elaborar tu artesanía de bejuco o de barro. De la mano de las comunidades, explora la naturaleza, conoce sus espacios ceremoniales, y culmina degustando la exquisita gastronomía local.",,,,,,,,7713023550,patyhernandezmedina283@gmail.com,https://www.facebook.com/profile.php?id=61591713098760,,VERSIÓN 1 PLATAFORMA – Hidalgo,,,,,,,"Vive la Huasteca hidalguense. Aprende con artesanos a tallar piedra y tejer bejuco o barro. Explora la naturaleza comunitaria, descubre místicos espacios ceremoniales y finaliza degustando la gastronomía típica local.","Vive la Huasteca hidalguense. Aprende con artesanos a tallar piedra y tejer bejuco o barro. Explora la naturaleza comunitaria, descubre místicos espacios ceremoniales y finaliza degustando la gastronomía típica local."
HID-003,Saberes y Sabores de Itzocal,Hidalgo,Atlapexco,Itzocal,México,21.016283,-98.392223,,Naturaleza | Artesanía | Gastronomía,Saberes Tradicionales,Carmina Martínez Alvarez,Alimentos y bebidas | Taller demostrativo y practico | Transporte en la comunidad | Entradas | Guía,Máximo 15 personas,"Vive D'xonai, una mágica experiencia comunitaria en Itzocal. Contempla el amanecer entre montañas y degusta exquisita gastronomía en nuestra auténtica cocina de humo. Aprende el valor de la cosmovisión huasteca participando en talleres de bordado ancestral. Explora el sagrado cerro Itzocatepetl y culmina tu visita festejando al ritmo del Huapango.",,,,,,,,7717221730,saboresysaberesdxonai@gmail.com,https://www.facebook.com/profile.php?id=61583765090036,https://www.instagram.com/saberes_y_sabores_de_itzocal?utm_source=qr&igsh=dWowazJkOGpmNjV5,VERSIÓN 1 PLATAFORMA – Hidalgo,,,,,,,"Vive D'xonai en Itzocal. Admira el amanecer, degusta platillos en cocina de humo y aprende cosmovisión huasteca en talleres de bordado ancestral. Explora el sagrado cerro Itzocatepetl y culmina festejando al alegre ritmo del huapango.","Vive D'xonai en Itzocal. Admira el amanecer, degusta platillos en cocina de humo y aprende cosmovisión huasteca en talleres de bordado ancestral. Explora el sagrado cerro Itzocatepetl y culmina festejando al alegre ritmo del huapango."
HID-004,Manos que Tejen Historias,Hidalgo,Huautla,Ahuehuetl,México,21.044122,-98.284964,,Historia y arqueología | Artesanía | Gastronomía,Gastronomía y actividades,Emilia Cortes Hernandez,Guía | Desayuno | Recorrido por pocitas y cafetal | Visita a la pescadería | Degustación de zacahuil | Panadería | Taller de palma | Comida,Máximo 20 personas,"Descubre Ahuehuetl al amanecer con un delicioso café. Explora los Pocitos, recorre el cafetal de Doña Amada y la pescadería El Gavilancillo. Saborea el tradicional zacahuil de Blanca, visita la panadería de Cristina y aprende a tejer palma junto a las maestras artesanas que comparten su invaluable herencia cultural contigo.",,,,,,,,7712053580 / 7714633147,manosquetejenhistorias@gmail.com,https://www.facebook.com/profile.php?id=61583685327780,,VERSIÓN 1 PLATAFORMA – Hidalgo,,,,,,,"Descubre Ahuehuetl al alba con un rico café. Explora los Pocitos, el cafetal de Doña Amada y la pescadería El Gavilancillo. Saborea el zacahuil de Blanca, visita la panadería local y aprende a tejer palma con nuestras maestras artesanas.","Descubre Ahuehuetl al alba con un rico café. Explora los Pocitos, el cafetal de Doña Amada y la pescadería El Gavilancillo. Saborea el zacahuil de Blanca, visita la panadería local y aprende a tejer palma con nuestras maestras artesanas."
HID-005,Centro Ceremonial Cerro Sintepethl,Hidalgo,Atlapexco,Santo Tomas,México,20.980000,-98.350000,,Naturaleza | Gastronomía,Saberes Tradicionales,Jose Pablo Bautista Bautista,Bienvenida y petición para ingresar al cerro | Limpieza con infusiones de hierbas para alejar malas vibras | Recorrido por el arco y bendición realizada en conjunto con la danza y música de la región | Recorrido al arco para purificar | Limpieza espiritual | Explicación de la ofrenda | Comida | Visita al mirador,Máximo 25 personas,"Vive una experiencia sagrada en el Centro Ceremonial del Cerro Sintepetl, en la Huasteca hidalguense. Participa en rituales de purificación con médicos tradicionales, agradece a la Madre Naturaleza con ofrendas y disfruta danzas al ritmo de tríos huastecos. Degusta gastronomía local y maravíllate con increíbles paisajes desde nuestro mirador natural.",,,,,,,,5540372441 / 7711125253 / 7711928947,jpablo19_84@outlook.com,https://www.facebook.com/share/1942sqcAvV/,,VERSIÓN 1 PLATAFORMA – Hidalgo,,,,,,,"Visita el sagrado Cerro Sintepetl en la Huasteca hidalguense. Únete a rituales de purificación, ofrenda a la naturaleza y disfruta danzas con tríos huastecos. Saborea la gastronomía local y admira los paisajes desde nuestro mirador natural.","Visita el sagrado Cerro Sintepetl en la Huasteca hidalguense. Únete a rituales de purificación, ofrenda a la naturaleza y disfruta danzas con tríos huastecos. Saborea la gastronomía local y admira los paisajes desde nuestro mirador natural."
HID-006,Tierras Sagradas de Yahualica,Hidalgo,Yahualica,Cabecera Municipal de Yahualica y comunidad de Mesa Larga (a 25 minutos de distancia),México,20.949547,-98.382368,,Historia y arqueología | Naturaleza | Senderismo | Gastronomía,Escenarios históricos,Nabor Arriaga Aguado Ismael Aguado Pérez,"Desayuno | Visita al Balcón (mirador desde las Letras Grandes de Yahualica) | Visita al Cerro de la Cruz: explicación de la biodiversidad de Yahualica y rituales de limpia con hierbas a los turistas que lo deseen | Visita al Museo Comunitario ""Iljuikajtlachiyalistli"" de Yahualica | Visita a la Zona arqueológica Xochitlán ""lugar de las flores"" | Comida | Visita a la Iglesia agustina de San Juan Bautista | Atardecer en el Balcón | Hotel | Transporte interno (van) | Día 2: desayuno | Explicación del mural y recorrido a la Cueva el Cuamixtle | Comida",Máximo 16 personas,"Descubre Tierras Sagradas en el municipio de Yahualica. Disfruta hermosas vistas panorámicas desde el mirador y conecta espiritualmente subiendo al Cerro de la Cruz. Explora la zona arqueológica Xochitlán, la antigua iglesia agustina y el increíble museo comunitario. Finaliza tu gran viaje haciendo senderismo hacia la impresionante Cueva del Cuamixtle.",,,,,,,,7711101804 / 7712176497,ismaelaguadoperez@gmail.com,https://www.facebook.com/share/1TDEgfnZYG/,https://www.instagram.com/tierrassagradasyahualica?igsh=enlva2JzNG1ibjNv,VERSIÓN 1 PLATAFORMA – Hidalgo,,,,,,,"Explora las Tierras Sagradas de Yahualica. Admira el mirador y sube al Cerro de la Cruz. Descubre Xochitlán, la iglesia agustina y el museo comunitario. Culmina tu recorrido haciendo senderismo hacia la imponente Cueva del Cuamixtle.","Explora las Tierras Sagradas de Yahualica. Admira el mirador y sube al Cerro de la Cruz. Descubre Xochitlán, la iglesia agustina y el museo comunitario. Culmina tu recorrido haciendo senderismo hacia la imponente Cueva del Cuamixtle."
HID-007,"Sabor Ancestral, Cocina de Humo y Cerveza Artesanal",Hidalgo,Zimapán,Centro de Zimapán | El Cuarto | Temuthe | Detzani | Lázaro Cárdenas | Llano Segundo,México,20.740001,-99.383090,,Historia y arqueología | Artesanía | Gastronomía,Saberes Tradicionales,Juan Alejandro Enríquez Pérez,"Guianza | Pequeñas degustaciones | Souvenir | Recorrido dentro de la comunidad | Entrada de algunos sitios (Museo de minería centro, entrada al hallazgo y mirador saucillo)",Máximo 35 personas,"Descubre Sabor Ancestral en Zimapán, una experiencia de turismo sostenible que enaltece la identidad Hñañu. Recorre comunidades, admira pinturas rupestres y miradores espectaculares. Disfruta un desayuno tradicional, cocina de humo maridada con cerveza artesanal y un alegre taller de huapango. Sé parte activa de nuestra resiliencia y riqueza cultural inolvidable.",,,,,,,,7711729537 / 7721098822,saboresdezimapan@gmail.com,https://www.facebook.com/cocinaycerveza?rdid=gRBLD8hfzcNaq6zN&share_url=https%3A%2F%2Fwww.facebook.com%2Fshare%2F1DaXhrq1YJ%2F#,https://www.instagram.com/cerveceriaartesanallaminera/,VERSIÓN 1 PLATAFORMA – Hidalgo,,,,,,,"En Zimapán, vive el Sabor Ancestral y honra la cultura Hñañu. Admira pinturas rupestres y miradores. Disfruta cocina de humo con cerveza artesanal, un alegre taller de huapango y sé parte de este turismo sostenible lleno de historia.","En Zimapán, vive el Sabor Ancestral y honra la cultura Hñañu. Admira pinturas rupestres y miradores. Disfruta cocina de humo con cerveza artesanal, un alegre taller de huapango y sé parte de este turismo sostenible lleno de historia."
HID-008,"Bonanza, Oro y Memoria",Hidalgo,Nicolás Flores,Bonanza y Itatlaxco,México,20.716296,-99.245332,,Historia y arqueología | Naturaleza | Gastronomía,Escenarios históricos,Mario González Romero,Comida | Área de campamento | Talleres de herbolaria | Taller de consciencia ambiental | Guía | Estacionamiento | Senderismo,Máximo 30 personas,"Bonanza no solo se visita, se siente. Conecta con su historia minera iniciando un ritual tradicional. Explora las antiguas minas, siente el agua en Los Arcos y recorre caminos reales hacia la iglesia y tumba de 1621. Finalmente, saborea nuestra gastronomía comunitaria tradicional y descubre los viveros de conservación ecológica.",,,,,,,,7721132765 / 7721622212,gonzalezromeromario883@gmail.com,https://www.facebook.com/p/Direcci%C3%B3n-de-Turismo-Nicol%C3%A1s-Flores-61566742324181/,https://www.instagram.com/bonanza7123?igsh=enh1M2V4Zmx1cWJq&utm_source=qr,VERSIÓN 1 PLATAFORMA – Hidalgo,,,,,,,"Siente Bonanza. Vive su historia minera con un ritual. Explora las minas, Los Arcos y caminos hacia la antigua iglesia de 1621. Disfruta nuestra rica gastronomía comunitaria tradicional y descubre hermosos viveros de conservación ecológica.","Siente Bonanza. Vive su historia minera con un ritual. Explora las minas, Los Arcos y caminos hacia la antigua iglesia de 1621. Disfruta nuestra rica gastronomía comunitaria tradicional y descubre hermosos viveros de conservación ecológica."
HID-009,Alfareras de Olotla,Hidalgo,Olotla,Olotla,México,20.584700,-98.340100,,Naturaleza | Artesanía | Gastronomía,Talleres,Anita Bautista Salazar,Artesanía elaborada durante el taller | Comida | Recorrido,Máximo 20 personas,"Visita a las Alfareras de Olotla y admira hermosas montañas desde el mirador La Cruz. Camina hacia las minas para extraer barro y arena. En el taller comunitario, aprende a moldear tu propia pieza artesanal. Finaliza esta gran experiencia saboreando ricos platillos tradicionales y visitando el Santuario Señor del Refugio.",,,,,,,,7713501004 / 7711422818,alfarerasolotla@gmail.com,https://www.facebook.com/people/Alfareras-de-Olotla/61579003606657/,,VERSIÓN 1 PLATAFORMA – Hidalgo,,,,,,,"Con las Alfareras de Olotla, admira montañas en el mirador y camina a extraer barro. Moldea tu pieza en el taller comunitario. Concluye degustando ricos platillos tradicionales y conociendo el hermoso Santuario local del Señor del Refugio.","Con las Alfareras de Olotla, admira montañas en el mirador y camina a extraer barro. Moldea tu pieza en el taller comunitario. Concluye degustando ricos platillos tradicionales y conociendo el hermoso Santuario local del Señor del Refugio."
HID-010,Visitando Dandho,Hidalgo,Huichapan,Dandhó,México,20.407520,-99.706640,,Naturaleza | Senderismo | Gastronomía,Naturaleza,José Ángel Alonso Morán,Entrada | Guía | Ruta del Cañón Peña Blanca | Paseo a caballo | Entrada al baño | Total $310 pesos por persona,Máximo 20 personas,"Descubre Dandhó, un impresionante parque natural en el majestuoso Cañón Peña Blanca. Recorre senderos de cantera naranja, desciende al cañón y admira paisajes desde el Mirador Corazón de Cantera. Conecta con la cultura otomí a través de talleres, disfruta deliciosa gastronomía tradicional y relájate cabalgando en este paraíso sustentable comunitario.",,,,,,,,7731236701 / 7736806536,jesi.t.1993@gmail.com,https://www.facebook.com/p/Ecoturismo-Dandh%C3%B3-61563017463741/,https://www.instagram.com/ecoturismo.dandho/,VERSIÓN 1 PLATAFORMA – Hidalgo,,,,,,,"Explora Dandhó en el Cañón Peña Blanca. Recorre senderos de cantera, desciende al cañón y disfruta el mirador. Conecta con la cultura otomí en talleres, degusta su gastronomía tradicional y cabalga en este bello paraíso sustentable.","Explora Dandhó en el Cañón Peña Blanca. Recorre senderos de cantera, desciende al cañón y disfruta el mirador. Conecta con la cultura otomí en talleres, degusta su gastronomía tradicional y cabalga en este bello paraíso sustentable."
HID-011,Las Camaleonas,Hidalgo,Alfajayucan,Los Ángeles,México,20.400000,-99.340000,,Naturaleza | Artesanía | Gastronomía,Naturaleza,Rocío Ramírez Sánchez,"Recorrido al campo para identificación de diferentes tipos de cactus con explicación en español y lengua hñahñu | Recorrido por la orilla de un arroyo | Elección de un curso: siembra de cactus, injerto de cactus, terrarios de cactus, cuadros vivos o tejido de sombrero Xamatí | Alimentos y bebidas con productos de temporada",Máximo 30 personas,"Descubre la comunidad de Los Ángeles con Las Camaleonas. Camina entre cactáceas endémicas, recorre el arroyo y admira la gran roca El Hongo. Saborea nuestra cocina tradicional con flores de garambullo y pulque. Aprende creando terrarios, injertos o tejiendo tu sombrero Xamatí. Apoya a nuestras artesanas comprando hermosas artesanías locales.",,,,,,,,7721384398 / 7721098216,camaleonaslosangeles@gmail.com,https://www.facebook.com/camaleonashidalgo/?locale=es_LA,,VERSIÓN 1 PLATAFORMA – Hidalgo,,,,,,,"Explora Los Ángeles con Las Camaleonas. Camina entre cactáceas y admira la roca El Hongo. Saborea comida típica con garambullo y pulque. Crea terrarios, teje tu sombrero Xamatí y apoya la economía comprando artesanías locales.","Explora Los Ángeles con Las Camaleonas. Camina entre cactáceas y admira la roca El Hongo. Saborea comida típica con garambullo y pulque. Crea terrarios, teje tu sombrero Xamatí y apoya la economía comprando artesanías locales."
HID-012,La Cocina de Inés Monroy,Hidalgo,Chilcuautla,"Llano Primero, Chilcuautla",México,20.370281,-99.238102,,Naturaleza | Gastronomía,Saberes Tradicionales,Inés Monroy de la Cruz,Degustación de comida | Degustación de bebidas | Recorrido guiado,Máximo 15 personas,"Descubre la auténtica cocina de Inés Monroy, una experiencia cultural inolvidable en Hidalgo. Conecta con la Madre Tierra mediante rituales y cantos ancestrales. Saborea exquisitos platillos ñahñhu del semidesierto, como escamoles y curados de pulque. Relaja tu cuerpo en un temazcal tradicional y vive nuestra herencia indígena rodeado de naturaleza.",,,,,,,,7721432809 / 7721196154,inesmonroy03@gmail.com,https://www.facebook.com/ines.monroy.125?rdid=2hezD3FaUEb2swjA&share_url=https%3A%2F%2Fwww.facebook.com%2Fshare%2F1JYHjsp2rq%2F#,https://www.instagram.com/inesmonroy03?igsh=MXBweDR6NTQ0aGhnYQ%3D%3D,VERSIÓN 1 PLATAFORMA – Hidalgo,,,,,,,Descubre cómo preparar manjares con Inés. Conecta con la Tierra mediante rituales ancestrales. Saborea platillos ñahñhu como escamoles y curados de pulque. Relájate en un temazcal tradicional y vive plenamente nuestra herencia indígena.,Descubre cómo preparar manjares con Inés. Conecta con la Tierra mediante rituales ancestrales. Saborea platillos ñahñhu como escamoles y curados de pulque. Relájate en un temazcal tradicional y vive plenamente nuestra herencia indígena.
HID-013,Grutas de Xoxafi,Hidalgo,Santiago de Anaya,El Palmar,México,20.389595,-99.027390,,Naturaleza | Gastronomía,Naturaleza,Gabriel Bautista Pérez,Palapas | Sanitarios | Gruta | Equipo de protección | Guía acreditado | Seguro de visitante y experiencia,Máximo 8 personas,"Adéntrate en Grutas Xoxafi y vive una aventura extrema. Explora túneles subterráneos, desciende en rappel y vuela en una emocionante tirolesa bajo la tierra. Al exterior, disfruta del paisaje semidesértico en bicicleta, gotcha o tirolesas panorámicas. Al finalizar, descansa plácidamente en nuestras cómodas cabañas, rodeado de total paz y tranquilidad.",,,,,,,,7722001668 / 7721561564,grutasxoxafi@yahoo.com,https://www.facebook.com/gXoxafi,https://www.instagram.com/grutas.xoxafi/,VERSIÓN 1 PLATAFORMA – Hidalgo,,,,,,,"En Grutas Xoxafi explora túneles, haz rappel y vuela en tirolesa subterránea. Afuera, disfruta el paisaje en bici, gotcha o tirolesas. Termina tu aventura extrema descansando en nuestras cómodas cabañas rodeado de paz y tranquilidad.","En Grutas Xoxafi explora túneles, haz rappel y vuela en tirolesa subterránea. Afuera, disfruta el paisaje en bici, gotcha o tirolesas. Termina tu aventura extrema descansando en nuestras cómodas cabañas rodeado de paz y tranquilidad."
HID-014,Casa Mezquite,Hidalgo,Santiago de Anaya,González González,México,20.390000,-98.980000,,Gastronomía,Saberes Tradicionales,Elizabeth Gómez Acosta,Pláticas | Degustación | Información y participación de los rituales | Consumo de alimentos y bebidas,Máximo 40 personas,"Descubre La Casa del Mezquite. Vive nuestra herencia biocultural desde la bienvenida en hñahñu. Conoce el ancestral aprovechamiento del mezquite en nutritivos alimentos y deliciosas bebidas. Visita nuestro taller, observa los borregos y aprende el ritual de la barbacoa. Culmina degustando destilados y rica gastronomía tradicional con música local inolvidable.",,,,,,,,7751013882 / 7721063599,lbatallad@yahoo.com.mx,https://www.facebook.com/people/YUTI-MX/61552811375910/?ref=NONE_xav_ig_profile_page_web#,https://www.instagram.com/yuti.mx/,VERSIÓN 1 PLATAFORMA – Hidalgo,,,,,,,"En La Casa del Mezquite descubre nuestra herencia hñahñu. Conoce el uso del mezquite en alimentos y bebidas. Aprende el ritual de la barbacoa, visita el taller y degusta destilados o comida tradicional con música inolvidable.","En La Casa del Mezquite descubre nuestra herencia hñahñu. Conoce el uso del mezquite en alimentos y bebidas. Aprende el ritual de la barbacoa, visita el taller y degusta destilados o comida tradicional con música inolvidable."
HID-015,Naturaleza Extrema Peña del Aire,Hidalgo,Huasca de Ocampo,Ejido de San Sebastián (Cerro del Tezontle),México,20.277648,-98.517310,,Naturaleza | Gastronomía,Gastronomía y actividades,Juan Alvarado Jarillo,Entrada a la experiencia | Reto de altura | Tirolesa | Rapel | Columpio | Tirobici,Máximo 20 personas,"Descubre este fascinante Geositio de la UNESCO en la Comarca Minera. Disfruta nuestro recorrido por ocho hermosos miradores y vive la adrenalina con emocionantes actividades extremas como tirolesas, tirobici y columpio extremo. Relájate degustando la exquisita gastronomía local y, al anochecer, envuélvete en el misticismo de nuestras mágicas leyendas nocturnas.",,,,,,,,7712711186 / 7712089582,jarillo_lic@live.com.mx,https://www.facebook.com/ParadorTuristicoPenaDelAire,https://www.instagram.com/penadelaire/,VERSIÓN 1 PLATAFORMA – Hidalgo,,,,,,,"Descubre este emblemático lugar Geositio de la UNESCO. Recorre ocho miradores y vive la adrenalina en tirolesa, tirobici o columpio. Degusta la gastronomía local y, al anochecer, envuélvete en el misticismo de nuestras leyendas nocturnas.","Descubre este emblemático lugar Geositio de la UNESCO. Recorre ocho miradores y vive la adrenalina en tirolesa, tirobici o columpio. Degusta la gastronomía local y, al anochecer, envuélvete en el misticismo de nuestras leyendas nocturnas."
HID-016,Mundo Temax,Hidalgo,Metepec,Temaxcalillos | Estación de Apulco | Ferrería de Apulco | San Diego | Apulco,México,20.266440,-98.357843,,Naturaleza | Artesanía | Gastronomía,Gastronomía y actividades,Otzare Olvera Solis,Transporte local | 4 alimentos | Hospedaje | Guías | Degustación de coctelería | Temazcal,Máximo 20 personas,"Descubre la vida rural conviviendo con tlachiqueros en nuestro santuario de maguey. Disfruta una exquisita barbacoa, exóticos chinicuiles y deliciosa coctelería artesanal. Aprende elaborando quesos de cabra y visitando la histórica fundidora de Apulco. Al anochecer, renueva tu espíritu en un temazcal tradicional o escucha coyotes bajo las estrellas.",,,,,,,,7751083729,rosa09magitour@gmail.com,https://www.facebook.com/share/1EmBAhq2va/,,VERSIÓN 1 PLATAFORMA – Hidalgo,,,,,,,"Convive con tlachiqueros entre magueyes. Saborea barbacoa, chinicuiles y coctelería. Elabora quesos de cabra y visita la fundidora de Apulco. Al anochecer, renuévate en un temazcal tradicional o relájate bajo las estrellas.","Convive con tlachiqueros entre magueyes. Saborea barbacoa, chinicuiles y coctelería. Elabora quesos de cabra y visita la fundidora de Apulco. Al anochecer, renuévate en un temazcal tradicional o relájate bajo las estrellas."
HID-017,Tenango: El Alma Viva de la Sierra,Hidalgo,Tenango de Doria,Cabecera municipal | San Nicolas | El Nanthe | El Damo | El Gosco | El Zetoy | El Texme,México,20.337946,-98.227294,,Naturaleza | Artesanía | Gastronomía,Comunidad y vida cotidiana,Bulmaro Montiel Correo,Alimentos | Hospedaje | Servicio de guianza | Talleres | Entradas a todos los lugares de la experiencia | Temazcal,Máximo 20 personas,"Explora Tenango de Doria, el corazón vibrante de la región Otomí Tepehua. Degusta nuestra rica gastronomía tradicional, maravíllate con las cascadas de Agua Viva y relájate profundamente en un temazcal curativo ancestral. Aprende a bordar majestuosos tenangos junto a familias artesanas. ¡Vive dos días de auténtica magia y herencia comunitaria!",,,,,,,,7712199793 / 7711599404,rosa09magitour@gmail.com,https://www.facebook.com/profile.php?id=61591756540846&rdid=njOrurSaJuRc8EbK&share_url=https%3A%2F%2Fwww.facebook.com%2Fshare%2F1C2hVBD3ZN%2F#,,VERSIÓN 1 PLATAFORMA – Hidalgo,,,,,,,"Explora Tenango de Doria. Saborea comida tradicional, admira cascadas de Agua Viva y relájate en un temazcal curativo. Aprende a bordar tenangos con artesanas locales. ¡Vive dos días de auténtica magia y herencia comunitaria otomí-tepehua!","Explora Tenango de Doria. Saborea comida tradicional, admira cascadas de Agua Viva y relájate en un temazcal curativo. Aprende a bordar tenangos con artesanas locales. ¡Vive dos días de auténtica magia y herencia comunitaria otomí-tepehua!"
HID-018,Geosenderos de la Tierra,Hidalgo,Mineral del Chico,Cabecera municipal | El Puente | Carboneras | Estanzuela | La presa,México,20.216318,-98.730465,,Historia y arqueología | Naturaleza | Senderismo | Artesanía,Comunidad y vida cotidiana,Saul Abraham Zenteno Osorio,Pago a zonas particulares o ejidales | Guía turístico durante todo el recorrido | Artesanía elaborada o dulce típico (exclusivo en el itinerario de 11 horas),Máximo 20 personas,"Disfruta del senderismo comunitario en Mineral del Chico, iniciando con un ritual de permiso al bosque. Asciende al geositio Peña del Cuervo para recargar energía. El recorrido interpretativo revelará la historia minera del centro histórico, concluyendo con los talleres vivenciales de dulces mexicanos y madera en la Casa del Artesano.",,,,,,,,9841661254 / 7716836571 / 7713598361,geosenderosdelatierra@gmail.com,https://www.facebook.com/people/Geosenderos-de-la-Tierra/61583285113416/,https://www.instagram.com/geos.enderos?igsh=MTlta2x2cWFoZDNtcQ==,VERSIÓN 1 PLATAFORMA – Hidalgo,,,,,,,"Haz senderismo en Mineral del Chico abriendo con un ritual dedicado al bosque. Asciende a Peña del Cuervo, descubre la historia minera del centro y concluye con talleres vivenciales de dulces y madera en la Casa del Artesano.","Haz senderismo en Mineral del Chico abriendo con un ritual dedicado al bosque. Asciende a Peña del Cuervo, descubre la historia minera del centro y concluye con talleres vivenciales de dulces y madera en la Casa del Artesano."
HID-019,Corazón de las Cañadas,Hidalgo,Omitlán de Juárez,Tres Cañadas,México,20.98,-98.35,,Naturaleza | Senderismo | Artesanía | Gastronomía,Saberes Tradicionales,Rosario Olvera Vargas,"Los $300 pesos incluyen el recorrido con guía, la comida y el taller.",Máximo 15 personas,Adéntrate en el bosque y vive la temporada de hongos con un bello recorrido de recolección y senderismo. Observa la creación de artesanías talladas en madera o participa en talleres de cocina y medicina tradicional. Disfruta deliciosos platillos locales y apoya a la comunidad adquiriendo sus dulces y hermosos productos.,,,,,,,,7711491430,rosarioolveravargas@gmail.com,https://www.facebook.com/profile.php?id=61586958347645,https://www.instagram.com/corazondelascanadas/,VERSIÓN 1 PLATAFORMA – Hidalgo,,,,,,,Explora el bosque haciendo senderismo y recolectando hongos. Admira artesanías en madera o únete a talleres de cocina y medicina tradicional. Saborea platillos locales y apoya a la comunidad adquiriendo sus dulces y productos.,Explora el bosque haciendo senderismo y recolectando hongos. Admira artesanías en madera o únete a talleres de cocina y medicina tradicional. Saborea platillos locales y apoya a la comunidad adquiriendo sus dulces y productos.
HID-020,Senderos del Zembo,Hidalgo,Huasca de Ocampo,El Zembo,México,20.167216,-98.559182,,Naturaleza | Senderismo | Gastronomía,Naturaleza,Fernando Vargas López,El pago cubre el recorrido de todas las zonas mencionadas en el itinerario y el acceso al mirador.,Máximo 20 personas,"Descubre los Senderos del Zembo, un recorrido donde naturaleza y cultura se unen maravillosamente. Explora formaciones rocosas, enigmáticas cuevas de murciélagos y un espectacular mirador con vistas panorámicas. Junto a guías comunitarios, conoce plantas medicinales y deleita tu paladar con la deliciosa gastronomía local. Culmina disfrutando una mágica fogata nocturna.",,,,,,,,7752608214 / 7713631864,fervalo173@hotmail.com,https://www.facebook.com/lossenderosdelzembo/?locale=es_LA,https://www.instagram.com/lossenderosdelzembo/,VERSIÓN 1 PLATAFORMA – Hidalgo,,,,,,,"Explora los Senderos del Zembo. Admira formaciones rocosas, cuevas de murciélagos y un mirador. Con guías comunitarios, descubre plantas medicinales, degusta la gastronomía local y finaliza tu día bajo las estrellas en una mágica fogata.","Explora los Senderos del Zembo. Admira formaciones rocosas, cuevas de murciélagos y un mirador. Con guías comunitarios, descubre plantas medicinales, degusta la gastronomía local y finaliza tu día bajo las estrellas en una mágica fogata."
HID-021,Cristina Nanacatera,Hidalgo,Acaxochitlán,Los Reyes,México,20.155545,-98.162660,,Naturaleza | Gastronomía,Saberes Tradicionales,Cristina Martínez Cruz,Recorrido | Senderismo | Alimentos y bebidas | Enseñanza | Participación en el taller de cocina,Máximo 30 personas,"Aprende sobre hongos silvestres junto a una reconocida cocinera tradicional en Acaxochitlán. Recorre el bosque para recolectar especies mientras descubres plantas medicinales. Participa en un taller gastronómico preparando deliciosos platillos, interactúa con la familia anfitriona y aprende palabras en náhuatl.",,,,,,,,5534271536,rosa09magitour@gmail.com,https://www.facebook.com/cristinanacatera?rdid=hjpnyMpO3QuSCjM2&share_url=https%3A%2F%2Fwww.facebook.com%2Fshare%2F1BzQxnyUNZ%2F#,,VERSIÓN 1 PLATAFORMA – Hidalgo,,,,,,,"Aprende de hongos silvestres con una cocinera tradicional en Acaxochitlán. Recorre el bosque recolectando especies y plantas medicinales. Únete a un taller gastronómico, convive con la familia y aprende algunas frases en idioma náhuatl.","Aprende de hongos silvestres con una cocinera tradicional en Acaxochitlán. Recorre el bosque recolectando especies y plantas medicinales. Únete a un taller gastronómico, convive con la familia y aprende algunas frases en idioma náhuatl."
HID-022,Sabores del Bosque,Hidalgo,Epazoyucan,El Guajolote,México,20.109525,-98.602324,,Naturaleza | Senderismo | Gastronomía,Naturaleza,María del Rosario Rodríguez Lozada,Entrada | Accesos | Estacionamiento | Juegos | Puente colgante | Sanitarios | Alimentos | Recorrido | Taller de infusiones | Senderismo,Máximo 25 personas,"Disfruta del descanso y el contacto natural en este espacio ejidal. Recolecta hongos silvestres y plantas medicinales, aprende recetas tradicionales en una cocina de humo y realiza senderismo interpretativo hacia impresionantes formaciones rocosas. Complementa tu estancia con paseos en lancha o avistamiento de aves, y descansa en cómodas cabañas comunitarias.",,,,,,,,7711891767 / 5524215982,ejidosanpedro34@gmail.com,https://www.facebook.com/rancho.ecoturistico.PIMVS.el.guajolote,,VERSIÓN 1 PLATAFORMA – Hidalgo,,,,,,,"Descansa en este entorno ejidal. Recolecta hongos y plantas medicinales, aprende recetas en cocina de humo y haz senderismo hacia formaciones rocosas. Disfruta de paseos en lancha o avistamiento de aves, y relájate en cabañas comunitarias.","Descansa en este entorno ejidal. Recolecta hongos y plantas medicinales, aprende recetas en cocina de humo y haz senderismo hacia formaciones rocosas. Disfruta de paseos en lancha o avistamiento de aves, y relájate en cabañas comunitarias."
HID-023,Cerro de las Navajas,Hidalgo,Epazoyucan,El Nopalillo,México,20.080010,-98.580029,,Historia y arqueología | Naturaleza | Senderismo | Artesanía,Comunidad y vida cotidiana,Mauricio Vera Castelán,"Entrada al Centro Ecoturístico Las Navajas: $40 pesos | Guía interno: $200 pesos por hora, con un máximo de 20 personas | El minero en la mina: $20 pesos por persona | Por persona, en un grupo de 20 personas (7 horas), la visita al Centro Ecoturístico Cerro de Las Navajas es de $130 pesos",Máximo 53 personas,"Descubre el Cerro de las Navajas, fascinante geositio de la UNESCO. Guiado por la comunidad de El Nopalillo, explora minas de obsidiana, zonas arqueológicas y hermosos senderos naturales. Concluye esta gran experiencia conociendo las prácticas ancestrales en un taller artesanal. ¡Vive una aventura inolvidable llena de historia y naturaleza pura!",,,,,,,,7711170542 / 7711998281 / 7711174220,mauricioveracastelan@gmail.com,https://www.facebook.com/p/Parque-Ecoturistico-Las-Navajas-100072086439251/,,VERSIÓN 1 PLATAFORMA – Hidalgo,,,,,,,"Descubre el Cerro de las Navajas del Geositio UNESCO. Con la comunidad, explora minas de obsidiana, arqueología y senderos. Aprende prácticas ancestrales en un taller artesanal. ¡Vive una aventura inigualable de historia y naturaleza!","Descubre el Cerro de las Navajas del Geositio UNESCO. Con la comunidad, explora minas de obsidiana, arqueología y senderos. Aprende prácticas ancestrales en un taller artesanal. ¡Vive una aventura inigualable de historia y naturaleza!"
HID-024,Maguey pulquero: nobleza y generosidad,Hidalgo,Singuilucan,Los Negritos,México,19.969020,-98.505636,,Naturaleza,Naturaleza,Rogelio Moreno Montiel,Desayuno | Recorrido | Visita a tinacal | Visita a destilador | Degustación de productos derivados del maguey,Máximo 40 personas,"Adéntrate en el paisaje cultural del maguey pulquero y vive una mañana inolvidable. Disfruta un desayuno tradicional antes de recorrer los campos. Conoce el proceso de elaboración del pulque, visita un auténtico tinacal para degustarlo y explora el mercado local. Descansa en nuestro cálido alojamiento rural conectando con la naturaleza.",,,,,,,,7751286245 / 7751099863,xocoyoloxalis@gmail.com,https://www.facebook.com/LaGasparena/,https://www.instagram.com/rancholagasparena,VERSIÓN 1 PLATAFORMA – Hidalgo,,,,,,,"Explora el paisaje del maguey pulquero. Degusta un desayuno tradicional, recorre campos y descubre la elaboración del pulque en un tinacal. Visita el mercado y descansa en nuestro alojamiento rural conectando plenamente con la naturaleza.","Explora el paisaje del maguey pulquero. Degusta un desayuno tradicional, recorre campos y descubre la elaboración del pulque en un tinacal. Visita el mercado y descansa en nuestro alojamiento rural conectando plenamente con la naturaleza."
HID-025,Identidad de mi Pueblo,Hidalgo,Tepeji del Rio,San Ildelfonso Chantepec,México,19.994869,-99.370017,,Artesanía | Gastronomía,Saberes Tradicionales,Maricela Rivas López,Taller de artesanías | Taller de idioma materno | Taller gastronómico y comida | 2 rebosos por grupo | Explicación medicina artesanal,Máximo 20 personas,"Sumérgete en nuestra cultura aprendiendo a tejer en un auténtico telar de cintura mientras descubres hermosas palabras en idioma hñahñu. Participa en el taller gastronómico, elabora deliciosos platillos locales y acompáñalos con pulque curado. Finaliza tu enriquecedora visita conociendo los saberes curativos de nuestra medicina tradicional. ¡Vive esta gran experiencia!",,,,,,,,7731986478 / 7731197490,turismotepejidelrio@gmail.com,https://www.facebook.com/people/Identidad-De-Mi-Pueblo/pfbid0ogaHWERHmNYhQnkPdLDQdUJFNwqKV2jfoFjWaHqJbk59xdAgCKfbZkdoLZjCCfhpl/?rdid=kA3TRmLCcuhGiWGg&share_url=https%3A%2F%2Fwww.facebook.com%2Fshare%2F1LUoswdPd2%2F,https://www.instagram.com/identidaddemipueblo/,VERSIÓN 1 PLATAFORMA – Hidalgo,,,,,,,"Teje en telar de cintura y aprende palabras en hñahñu. Únete a un taller gastronómico, cocina platillos locales y disfrútalos con pulque curado. Concluye descubriendo los saberes curativos de la medicina tradicional.","Teje en telar de cintura y aprende palabras en hñahñu. Únete a un taller gastronómico, cocina platillos locales y disfrútalos con pulque curado. Concluye descubriendo los saberes curativos de la medicina tradicional."
MIC-001,Descubre Tangamandapio,Michoacán,,,México,19.958722,-102.431355,,Artesanía | Gastronomía,Saberes Tradicionales,Juan Marcos Pulido Victoriano,,,"Descubre Tangamandapio y Tarecuato, donde la cultura viva cobra forma. Explora una ruta de sabores ancestrales que incluye más de 50 variedades de atole, el emblemático mole de pera y la tradición del pajarete. Conecta con artesanos, agricultores y cocineras tradicionales en una inmersión inolvidable por el patrimonio biocultural michoacano.",,,,,,,,3512033838 / 3511479400,,https://www.facebook.com/profile.php?id=61582758783012&rdid=1SR337h4QHaFAsEi&share_url=https%3A%2F%2Fwww.facebook.com%2Fshare%2F14YsdXT89ZK%2F#,,VERSIÓN 1 PLATAFORMA – Michoacán,,,,,,,"Descubre Tangamandapio y Tarecuato degustando más de 50 atoles, mole de pera y pajarete. Conecta con artesanos, agricultores y cocineras locales en esta inmersión inolvidable por el rico patrimonio biocultural de Michoacán.","Descubre Tangamandapio y Tarecuato degustando más de 50 atoles, mole de pera y pajarete. Conecta con artesanos, agricultores y cocineras locales en esta inmersión inolvidable por el rico patrimonio biocultural de Michoacán."
MIC-002,Tarejero Mágico,Michoacán,Zacapu,Comunidad Indígena de Tarejero,México,19.822310,-101.715093,,Naturaleza | Senderismo | Gastronomía,Comunidad y vida cotidiana,José Daniel Guzmán Espinosa,"Guía local, recorrido en sitios culturales y naturales y estacionamiento local.",Máximo 45 personas,"Explora Tarejero, una comunidad indígena rodeada de paisajes naturales y manantiales cristalinos. Disfruta de senderismo, ciclismo, paseos en lancha, campismo y gastronomía tradicional, además de festividades comunitarias que celebran su identidad, hospitalidad y profundo vínculo con la naturaleza.",,,,,,,,4362129821,danguzman0312@gmail.com,https://www.facebook.com/Tarhexerhu/,https://www.instagram.com/tarejero.magico?,VERSIÓN 1 PLATAFORMA – Michoacán,,,,,,,"Explora Tarejero, comunidad indígena con manantiales cristalinos y un rico patrimonio cultural. Disfruta de senderismo, ciclismo, paseos en lancha, campismo, gastronomía tradicional y sé parte de sus festividades locales.","Explora Tarejero, comunidad indígena con manantiales cristalinos y un rico patrimonio cultural. Disfruta de senderismo, ciclismo, paseos en lancha, campismo, gastronomía tradicional y sé parte de sus festividades locales."
MIC-003,Gastronomía e Historia de Arato,Michoacán,Paracho,Arato,México,19.639712,-102.098134,,Historia y arqueología | Gastronomía,Gastronomía y actividades,Alondra Jaramillo Jasso,"Guía, alimentos, elotes (en su caso).",Máximo 50 personas,"Sumérgete en la esencia purépecha con una experiencia culinaria inmersiva. Recorre la milpa para recolectar ingredientes frescos, aprende a elaborar corundas en un taller tradicional y descubre los secretos de plantas medicinales en un huerto local.",,,,,,,,4521880944,cocinavictoria28@hotmail.com,https://www.facebook.com/profile.php?id=61591924709837&rdid=8mUqepT8z2tgCo72&share_url=https%3A%2F%2Fwww.facebook.com%2Fshare%2F1Er6ALAKPj%2F#,https://www.instagram.com/cocinavictoria28/,VERSIÓN 1 PLATAFORMA – Michoacán,,,,,,,"Vive la esencia purépecha en esta experiencia culinaria. Recorre la milpa recolectando ingredientes frescos, aprende a elaborar corundas en un taller tradicional y descubre los secretos de las plantas medicinales en un huerto local.","Vive la esencia purépecha en esta experiencia culinaria. Recorre la milpa recolectando ingredientes frescos, aprende a elaborar corundas en un taller tradicional y descubre los secretos de las plantas medicinales en un huerto local."
MIC-004,Caminar con el Bosque de Cherán K’eri,Michoacán,,,México,19.682627,-101.958248,,Historia y arqueología | Naturaleza | Artesanía | Gastronomía,Saberes Tradicionales,Artemio Kuricavery Hurtado Jiménez,,,"Entre bosques y tradiciones, Cherán K’eri te invita a conocer la riqueza cultural purépecha, disfruta de recorridos interpretativos, gastronomía tradicional, talleres artesanales y saberes ancestrales, en una experiencia que revela su historia, identidad y profundo vínculo comunitario con el territorio.",,,,,,,,4521317895,,https://www.facebook.com/profile.php?id=61564917827355&rdid=FQBZXnP7ydNBDUWo&share_url=https%3A%2F%2Fwww.facebook.com%2Fshare%2F1cv7rCQTgE%2F#,,VERSIÓN 1 PLATAFORMA – Michoacán,,,,,,,"Cherán K’eri te revela su riqueza purépecha. Sumérgete en esta comunidad indígena y llévate un poco de su historia y comida tradicional, mientras disfrutas de sus talleres, identidad y profundo vínculo con el territorio.","Cherán K’eri te revela su riqueza purépecha. Sumérgete en esta comunidad indígena y llévate un poco de su historia y comida tradicional, mientras disfrutas de sus talleres, identidad y profundo vínculo con el territorio."
MIC-005,Guardianes del Equilibrio,Michoacán,,,México,19.679359,-101.608393,,Naturaleza | Artesanía | Gastronomía,Naturaleza,Blanca Ireri Camacho Carrasco,,,"Explora Purenchécuaro a través de una experiencia que integra humedales, manantiales, especies endémicas, gastronomía tradicional, artesanías y cosmovisión purépecha. Descubre cómo la comunidad protege su territorio y participa en actividades de conservación, educación ambiental y saberes ancestrales.",,,,,,,,4432584006,,https://www.facebook.com/profile.php?id=61560782847797&rdid=P4wZtG3hFHbk6NOh&share_url=https%3A%2F%2Fwww.facebook.com%2Fshare%2F1MNnrXV9jS%2F#,https://www.instagram.com/bioculturalpurenchecuaro/?utm_source=ig_web_button_share_sheet,VERSIÓN 1 PLATAFORMA – Michoacán,,,,,,,"Explora Purenchécuaro, santuario de humedales, especies endémicas y cosmovisión purépecha. Disfruta su gastronomía y artesanías, descubre cómo la comunidad protege su territorio y participa en labores de conservación y educación ambiental.","Explora Purenchécuaro, santuario de humedales, especies endémicas y cosmovisión purépecha. Disfruta su gastronomía y artesanías, descubre cómo la comunidad protege su territorio y participa en labores de conservación y educación ambiental."
MIC-006,El Cielo en tus Manos,Michoacán,Quiroga,Santa Fe de la Laguna,México,19.674621,-101.557703,,Historia y arqueología | Naturaleza | Artesanía | Gastronomía,Saberes Tradicionales,Ana Luisa Fabián Lucas,"Comida, talleres, artesanía, recorrido guiado por el pueblo y calaverita de azúcar.",Máximo 40 personas,"Sumérgete en Santa Fe de la Laguna recorriendo sus espacios históricos y participa en la elaboración de barro bruñido, tortillas, jahuakatas y calaveritas de azúcar. Descubre la historia, gastronomía y tradiciones que mantienen viva la identidad y cosmovisión purépecha.",,,,,,,,4432653991,nicolasfabian39@gmail.com,https://www.facebook.com/nicolas.fabian.5070,https://www.instagram.com/t_ahuanda/,VERSIÓN 1 PLATAFORMA – Michoacán,,,,,,,"Explora Santa Fe de la Laguna y sus espacios históricos. Participa elaborando barro bruñido, tortillas, jahuakatas y calaveritas. Descubre la historia, gastronomía y tradiciones que mantienen viva la identidad y cosmovisión purépecha.","Explora Santa Fe de la Laguna y sus espacios históricos. Participa elaborando barro bruñido, tortillas, jahuakatas y calaveritas. Descubre la historia, gastronomía y tradiciones que mantienen viva la identidad y cosmovisión purépecha."
MIC-007,Kopecua,Michoacán,,,México,19.672877,-101.556463,,Historia y arqueología | Naturaleza | Senderismo | Artesanía | Gastronomía,Comunidad y vida cotidiana,Berenice Flores Manríquez,,,"Comparte la vida cotidiana de Santa Fe de la Laguna elaborando platillos tradicionales, creando tu propia pieza de barro, recorriendo senderos de plantas medicinales y practicando pesca tradicional. Descubre la historia, los espacios emblemáticos y la cultura purépecha en convivencia con familias locales.",,,,,,,,4436390415,,https://www.facebook.com/profile.php?id=61581845032916,,VERSIÓN 1 PLATAFORMA – Michoacán,,,,,,,"Vive Santa Fe de la Laguna conviviendo con familias locales. Cocina platillos típicos, moldea barro, recorre senderos medicinales y pesca de forma tradicional. Descubre espacios emblemáticos y la rica cultura purépecha en su vida cotidiana.","Vive Santa Fe de la Laguna conviviendo con familias locales. Cocina platillos típicos, moldea barro, recorre senderos medicinales y pesca de forma tradicional. Descubre espacios emblemáticos y la rica cultura purépecha en su vida cotidiana."
MIC-008,Echeri Ka Itsï,Michoacán,,,México,19.633504,-101.588393,,Historia y arqueología | Artesanía,Talleres,Angélica Morales Gámez,,,"Descubre la magia del barro en Tzintzuntzan con la maestra artesana Angélica Morales. En su taller familiar, herencia de cuatro generaciones, aprenderás los secretos del engobe blanco. Modela y decora tu propia pieza, pasea por su huerto medicinal y explora las historias del hermoso pueblo.",,,,,,,,4433745324,,https://www.facebook.com/profile.php?id=100077296374092,https://www.instagram.com/echeri_ka_itsi?igsh=NXBncnFteTUwb2Iy,VERSIÓN 1 PLATAFORMA – Michoacán,,,,,,,"Descubre la magia del barro en Tzintzuntzan con la maestra Angélica Morales. Aprende los secretos del engobe blanco, modela tu pieza, pasea por un huerto medicinal y explora las historias de este hermoso pueblo tradicional.","Descubre la magia del barro en Tzintzuntzan con la maestra Angélica Morales. Aprende los secretos del engobe blanco, modela tu pieza, pasea por un huerto medicinal y explora las historias de este hermoso pueblo tradicional."
MIC-009,Linaje Entretejiendo Historias,Michoacán,,,México,19.628663,-101.583749,,Historia y arqueología | Artesanía | Gastronomía,Talleres,Bertha Esperanza Villagómez Peña,,,"Adéndrate en el legado de cuatro generaciones del taller familiar Artesanías Panikua de Tzintzuntzan. Participa en la elaboración de una pieza con la técnica tradicional del popotillo y conoce la historia, identidad y saberes que mantienen viva la tradición artesanal purépecha.",,,,,,,,4431584724,,https://www.facebook.com/artesaniasdefibrasvegetales/?locale=es_LA,https://www.instagram.com/artesaniaspanikua/,VERSIÓN 1 PLATAFORMA – Michoacán,,,,,,,"Explora el taller Artesanías Panikua en Tzintzuntzan. Crea una pieza con la técnica tradicional del popotillo de trigo y descubre la historia, identidad y saberes familiares que mantienen viva esta bella tradición artesanal purépecha.","Explora el taller Artesanías Panikua en Tzintzuntzan. Crea una pieza con la técnica tradicional del popotillo de trigo y descubre la historia, identidad y saberes familiares que mantienen viva esta bella tradición artesanal purépecha."
MIC-010,Cerámica en Alta Temperatura,Michoacán,,,México,19.627986,-101.581162,,Historia y arqueología | Artesanía,Talleres,María de la Luz Morales García,,,"Conoce la tradición alfarera de Tzintzuntzan elaborando tu propia pieza de cerámica en alta temperatura junto a las artesanas del taller Cueraváperi. Conoce el proceso tradicional del barro, aprende distintas técnicas de modelado y comparte los saberes e historias que dan vida a este oficio ancestral.",,,,,,,,4433767469,,https://www.facebook.com/p/Cuerav%C3%A1peri-100064756504271/,https://www.instagram.com/cueravaperi.tz/,VERSIÓN 1 PLATAFORMA – Michoacán,,,,,,,"Modela cerámica en el taller Cueraváperi de Tzintzuntzan. Aprende el proceso tradicional del barro, domina técnicas de alta temperatura y comparte con las artesanas locales historias y saberes que mantienen vivo este oficio ancestral.","Modela cerámica en el taller Cueraváperi de Tzintzuntzan. Aprende el proceso tradicional del barro, domina técnicas de alta temperatura y comparte con las artesanas locales historias y saberes que mantienen vivo este oficio ancestral."
MIC-011,Tata Jurhiata,Michoacán,,,México,19.628431,-101.576121,,Historia y arqueología | Naturaleza | Artesanía | Gastronomía,Talleres,Joel Cornelio Rendón,,,"Vive el arte de las fibras vegetales en Tzintzuntzan junto al maestro artesano Joel Cornelio Rendón. Elabora tu propia artesanía, conoce la cosmovisión purépecha y las historias que inspiran cada pieza, y complementa la experiencia con gastronomía tradicional y recorridos por su patrimonio histórico.",,,,,,,,4341125151,,https://www.facebook.com/profile.php?id=61592139834196&rdid=5S9bLGvR0Du377u5&share_url=https%3A%2F%2Fwww.facebook.com%2Fshare%2F1J9fj17zXd%2F#,https://www.instagram.com/estudio_tatajurhiata/,VERSIÓN 1 PLATAFORMA – Michoacán,,,,,,,"Trabaja fibras vegetales en Tzintzuntzan con el maestro Joel Cornelio. Crea tu artesanía, conoce la cosmovisión purépecha detrás de cada pieza y disfruta gastronomía tradicional y recorridos por su rico patrimonio histórico.","Trabaja fibras vegetales en Tzintzuntzan con el maestro Joel Cornelio. Crea tu artesanía, conoce la cosmovisión purépecha detrás de cada pieza y disfruta gastronomía tradicional y recorridos por su rico patrimonio histórico."
MIC-012,Catrinas de Barro de Capula,Michoacán,,,México,19.670896,-101.387007,,Artesanía | Gastronomía,Comunidad y vida cotidiana,Javier Misael Cervantes Espinoza,,,"Recorre Capula, cuna de las emblemáticas catrinas de barro, y descubre su tradición alfarera. Modela y pinta tu propia pieza, conoce talleres artesanales, disfruta de café de olla, pan de horno de leña y gastronomía local en una experiencia llena de identidad y creatividad.",,,,,,,,4432714242,,https://www.facebook.com/share/14km7xar4uk/?mibextid=wwXIfr,https://www.instagram.com/javier_misaelcervantes/,VERSIÓN 1 PLATAFORMA – Michoacán,,,,,,,"Descubre Capula, cuna de las catrinas de barro. Conoce su tradición alfarera, modela y pinta tu pieza en talleres locales. Disfruta café de olla, pan de leña y rica gastronomía en una experiencia llena de identidad purépecha.","Descubre Capula, cuna de las catrinas de barro. Conoce su tradición alfarera, modela y pinta tu pieza en talleres locales. Disfruta café de olla, pan de leña y rica gastronomía en una experiencia llena de identidad purépecha."
MIC-013,Paisajes del Mezcal,Michoacán,,,México,19.69876,-101.1938,,Artesanía | Gastronomía,Comunidad y vida cotidiana,Luz María Saavedra Hernández,,,"Recorre los paisajes del mezcal michoacano y conoce comunidades productoras, vinatas tradicionales y los procesos artesanales de elaboración. Disfruta catas, gastronomía regional, paisajes serranos y la riqueza cultural que convierte al mezcal en un patrimonio biocultural vivo de Michoacán.",,,,,,,,4432026365,,https://www.facebook.com/nanakutzidestilados,https://www.instagram.com/nanakutzi.mezcal?utm_source=ig_web_button_share_sheet&igsh=ZDNlZDc0MzIxNw==,VERSIÓN 1 PLATAFORMA – Michoacán,,,,,,,"Recorre paisajes del mezcal michoacano. Visita vinatas, conoce a comunidades productoras, aprende el proceso artesanal y disfruta de catas, gastronomía regional y paisajes serranos que celebran el mezcal como patrimonio biocultural.","Recorre paisajes del mezcal michoacano. Visita vinatas, conoce a comunidades productoras, aprende el proceso artesanal y disfruta de catas, gastronomía regional y paisajes serranos que celebran el mezcal como patrimonio biocultural."
MIC-014,Awakt: Turismo Comunitario y Biocultural,Michoacán,,,México,19.733508,-100.351378,,Historia y arqueología | Naturaleza | Senderismo | Artesanía | Gastronomía,Naturaleza,Eduardo Medina Ayala,,,"Explora Senguio con AWakt, una experiencia que integra historia, cultura y naturaleza. Recorre monumentos y templos emblemáticos en bicicleta, deleita tu paladar con gastronomía tradicional y disfruta del senderismo por paisajes locales. Concluye tu aventura presenciando el fenómeno migratorio de la mariposa monarca en los santuarios de esta región michoacana.",,,,,,,,4471190048,,https://www.facebook.com/profile.php?id=100076233432247,https://www.instagram.com/awakt.oficial?utm_source=qr&igsh=MWF5bWR1dGgxM2I2NA==,VERSIÓN 1 PLATAFORMA – Michoacán,,,,,,,"Explora Senguio con Awakt. Recorre templos y paisajes en bicicleta, saborea su gastronomía local, haz senderismo y conoce a sus artesanos y médico tradicional. Concluye caminando y contemplando las tranquilas calles de su centro histórico.","Explora Senguio con Awakt. Recorre templos y paisajes en bicicleta, saborea su gastronomía local, haz senderismo y conoce a sus artesanos y médico tradicional. Concluye caminando y contemplando las tranquilas calles de su centro histórico."
MIC-015,Encantos de la Región Monarca,Michoacán,,,México,19.7394931,-100.233192,,Historia y arqueología | Naturaleza,Naturaleza,Eligio García,,,"Descubre la Región Monarca con la Red CATA Michoacán. Durante cuatro días de turismo comunitario, caminarás por bosques de oyamel observando mariposas, aves y luciérnagas. Explorarás zonas arqueológicas, turismo científico en las Grutas de Tziranda y talleres en Tlalpujahua. Conecta con biodiversidad y cultura mientras apoyas directamente a las comunidades.",,,,,,,,4471678718 / 7151006160,,https://www.facebook.com/redcatamx,https://www.instagram.com/red_cata/,VERSIÓN 1 PLATAFORMA – Michoacán,,,,,,,"Explora la Región Monarca en 4 días de turismo comunitario. Camina entre oyameles avistando mariposas y luciérnagas. Visita la zona arqueológica, las Grutas de Tziranda y termina recorriendo las calles de Tlalpujahua.","Explora la Región Monarca en 4 días de turismo comunitario. Camina entre oyameles avistando mariposas y luciérnagas. Visita la zona arqueológica, las Grutas de Tziranda y termina recorriendo las calles de Tlalpujahua."
MIC-016,Parador Turístico Sierra Chincua,Michoacán,,,México,19.670443,-100.278261,,Naturaleza | Senderismo | Gastronomía,Naturaleza,José Carmen Martínez Colín,,,"Explora el Santuario Sierra Chincua, bosque sagrado donde mariposas monarca y almas convergen. Durante esta experiencia comunitaria, caminarás por senderos guiado por familias locales, descubriendo la migración y leyendas ancestrales. Concluye tu inolvidable visita apoyando la conservación del ecosistema, mientras saboreas la auténtica y deliciosa cocina tradicional con ingredientes locales.",,,,,,,,7151470790,,https://www.facebook.com/Mariposamonarcasierrachincua,,VERSIÓN 1 PLATAFORMA – Michoacán,,,,,,,Explora el Santuario Sierra Chincua. Camina con familias locales descubriendo leyendas y la migración de la mariposa monarca. Apoya la conservación del bosque sagrado y concluye degustando su deliciosa comida tradicional.,Explora el Santuario Sierra Chincua. Camina con familias locales descubriendo leyendas y la migración de la mariposa monarca. Apoya la conservación del bosque sagrado y concluye degustando su deliciosa comida tradicional.
MIC-017,Reforesta tu alma en Llano de las Papas,Michoacán,,,México,19.661903,-100.268219,,Naturaleza | Senderismo | Artesanía | Gastronomía,Naturaleza,Abel Díaz Mondragón,,,"Reforesta tu alma en el Llano de las Papas, un santuario en la Reserva de la Mariposa Monarca. Vive una experiencia sensorial entre bosques de juníperos, conoce la artesanía en ocochal y conecta con la sabiduría ancestral alrededor de una fogata. Disfruta de la gastronomía local y el legado comunitario.",,,,,,,,7151007067,,https://www.facebook.com/profile.php?id=61564371284331,https://www.instagram.com/llanodelaspapas?igsh=czJob3llcXcwZWR6,VERSIÓN 1 PLATAFORMA – Michoacán,,,,,,,"Recorre bosques de juníperos, abraza un enorme Oyamel o Pino, déjate guiar por senderos ancestrales, conoce las artesanías de ocochal y conecta con los saberes de la comunidad para preservar este majestuoso Santuario Monarca.","Recorre bosques de juníperos, abraza un enorme Oyamel o Pino, déjate guiar por senderos ancestrales, conoce las artesanías de ocochal y conecta con los saberes de la comunidad para preservar este majestuoso Santuario Monarca."
MIC-018,Juana Bravo: Guardiana del Fuego y del Telar,Michoacán,,,México,19.546101,-102.230287,,Historia y arqueología | Naturaleza | Artesanía | Gastronomía,Saberes Tradicionales,Juana Bravo Lázaro,,,"Teje historias en telar de cintura junto a Doña Juana y aviva el fogón para preparar platillos ancestrales cosechados de su propia tierra. Saborea la herencia purépecha y admira el imponente volcán Paricutín desde el templo barroco de Angahuan, en una conexión única con su patrimonio vivo.",,,,,,,,4521580308,,https://www.facebook.com/juana.bravo.1238?rdid=iXvv16CZkfxg48TI&share_url=https%3A%2F%2Fwww.facebook.com%2Fshare%2F1BZWpsDXnw%2F#,https://www.instagram.com/jua_nabravo?igsh=Ym04NmJycXoxeWxp,VERSIÓN 1 PLATAFORMA – Michoacán,,,,,,,"Teje en telar de cintura con Juanita Bravo y cocina platillos de su cosecha. Saborea la herencia purépecha, admira el volcán Paricutín desde el templo de Angahuan y conecta profundamente con este patrimonio cultural vivo.","Teje en telar de cintura con Juanita Bravo y cocina platillos de su cosecha. Saborea la herencia purépecha, admira el volcán Paricutín desde el templo de Angahuan y conecta profundamente con este patrimonio cultural vivo."
MIC-019,Donde el Volcán cuenta su Historia,Michoacán,,,México,19.494545,-102.199131,,Historia y arqueología | Naturaleza | Gastronomía,Naturaleza,Juan Aguilar Sandoval,,,"Explora la asombrosa historia del Volcán Paricutín y el Viejo San Juan. Camina sobre inmensos campos de lava, descubre la icónica iglesia sepultada y desciende por divertidas arenas volcánicas. Disfruta del bosque, auténtica comida tradicional, relatos comunitarios junto a la fogata y descansa plácidamente en acogedoras cabañas.",,,,,,,,4522480504 / 4521125239,,https://www.facebook.com/profile.php?id=100064196524570,https://www.instagram.com/centro_patzingo/,VERSIÓN 1 PLATAFORMA – Michoacán,,,,,,,"Explora el Paricutín y el Viejo San Juan. Camina sobre lava, descubre la iglesia sepultada y desciende por arenas volcánicas. Disfruta el bosque, comida tradicional, relatos comunitarios en la fogata y descansa en cómodas cabañas.","Explora el Paricutín y el Viejo San Juan. Camina sobre lava, descubre la iglesia sepultada y desciende por arenas volcánicas. Disfruta el bosque, comida tradicional, relatos comunitarios en la fogata y descansa en cómodas cabañas."
MIC-020,Corredor Turístico Tata Misirhi,Michoacán,,,México,19.42958,-102.005514,,Historia y arqueología | Naturaleza | Gastronomía,Escenarios históricos,Atzin Alonso Osorio Chávez,,,"Explora las entrañas del Paricutín y descifra la memoria de un pueblo purépecha que renació de las cenizas. Recorre el volcán acompañado de sus guardianes y descubre la historia de Caltzontzini desde la voz de quienes lo habitan, participando en talleres para vivir la comunidad desde dentro.",,,,,,,,4521422044,,https://www.facebook.com/profile.php?id=61581414369373,,VERSIÓN 1 PLATAFORMA – Michoacán,,,,,,,"Explora el Paricutín y la memoria del pueblo purépecha. Recorre el volcán con sus guardianes, descubre la fascinante historia de Caltzontzini y participa en auténticos talleres para vivir la comunidad desde dentro.","Explora el Paricutín y la memoria del pueblo purépecha. Recorre el volcán con sus guardianes, descubre la fascinante historia de Caltzontzini y participa en auténticos talleres para vivir la comunidad desde dentro."
MIC-021,Andandikuran,Michoacán,,,México,19.408944,-101.998235,,Naturaleza | Artesanía | Gastronomía,Gastronomía y actividades,Rodrigo Santiago Márquez,,,"Transita entre huertas de aguacate hasta el refugio de Andandikuran. Muele nixtamal en los fogones de leña junto a maestras cocineras purépechas, envuelve corundas tradicionales en hojas de maíz y saborea un milenario churipo con sabor a cosecha, arropado por la magia de sus bordados ancestrales.",,,,,,,,4433252420 / 4432603997,,https://www.facebook.com/profile.php?id=100057602582586,https://www.instagram.com/andandikuran.restaurant/,VERSIÓN 1 PLATAFORMA – Michoacán,,,,,,,"Camina entre huertas de aguacate hasta Andandikuran. Muele nixtamal con cocineras purépechas, envuelve corundas tradicionales, saborea un milenario churipo al calor del fogón y elabora tu propio pan en horno de leña.","Camina entre huertas de aguacate hasta Andandikuran. Muele nixtamal con cocineras purépechas, envuelve corundas tradicionales, saborea un milenario churipo al calor del fogón y elabora tu propio pan en horno de leña."
MIC-022,Reserva Viva Tingambato,Michoacán,,,México,19.484364,-101.805733,,Historia y arqueología | Naturaleza | Gastronomía,Naturaleza,Víctor Daniel Martínez Martínez,,,"Explora el corazón purépecha en Tingambato. Conecta con la naturaleza en el Cerro Comburinda, recorre la ""Farmacia Viviente"" junto a mujeres locales y disfruta vistas panorámicas desde su mirador. Completa tu visita explorando la zona arqueológica de Tinganio y su centro histórico.",,,,,,,,4521227669,,https://www.facebook.com/people/AVC-Reserva-Viva-Tingambato/61570738411198/,https://www.instagram.com/avcreservaviva?utm_source=qr&igsh=NnI5cmp2aHB0OGt1,VERSIÓN 1 PLATAFORMA – Michoacán,,,,,,,"Explora Tingambato, corazón purépecha. Sube al Cerro Comburinda, admira el mirador y recorre la Farmacia Viviente acompañado de un guía local. Finaliza tu visita explorando la zona arqueológica de Tinganio y su hermoso centro histórico.","Explora Tingambato, corazón purépecha. Sube al Cerro Comburinda, admira el mirador y recorre la Farmacia Viviente acompañado de un guía local. Finaliza tu visita explorando la zona arqueológica de Tinganio y su hermoso centro histórico."
MIC-023,Manantiales de la Isla de Urandén,Michoacán,Patzcuaro,Uranden de Morelos,México,19.54032361681031,-101.6456366577031,,Historia y arqueología | Naturaleza,Naturaleza,Jose Luis Camilo Gabriel,Traslado en canoa tradicional de remo durante todo el recorrido; uso de chaleco salvavidas como equipo de seguridad; acompañamiento de guía local especializado durante toda la experiencia; recorrido interpretativo por los manantiales de Urandén; acceso y descensos en puntos autorizados de la isla para actividades de interpretación ambiental y cultural.,Máximo 15 personas,"Navega en canoas tradicionales por los manantiales de Urandén y descubre la historia, cultura y naturaleza de esta comunidad p’urhépecha. Conoce las acciones de conservación del Lago de Pátzcuaro y los saberes locales sobre la pesca tradicional en una experiencia de turismo responsable.",,,,,,,,4341061714,manatialesdeurandendemorelos@gmail.com,https://www.facebook.com/ManantialesDeUranden/#,https://www.instagram.com/manantialesdeuranden/,VERSIÓN 1 PLATAFORMA – Michoacán,,,,,,,"Navega en canoas por los manantiales de Urandén. Descubre la cultura p'urhépecha, aprende sobre pesca tradicional y acciones de conservación del Lago de Pátzcuaro en esta experiencia inmersiva de turismo responsable.","Navega en canoas por los manantiales de Urandén. Descubre la cultura p'urhépecha, aprende sobre pesca tradicional y acciones de conservación del Lago de Pátzcuaro en esta experiencia inmersiva de turismo responsable."
MIC-024,Islas Legendarias del Lago de Pátzcuaro,Michoacán,,,México,19.543007,-101.616762,,Naturaleza,Saberes Tradicionales,Antonio Reyes Justo,,,"Navega el Lago de Pátzcuaro y descubre sus cuatro islas encantadoras: Pacanda, Yunuen, Tecuena y Janitzio. Guiado por un experto local, vivirás una auténtica experiencia de turismo comunitario. Conecta con la cosmovisión purépecha, admira paisajes naturales, conoce la tradicional pesca con redes y disfruta la profunda herencia cultural del territorio.",,,,,,,,4341211180,,https://www.facebook.com/profile.php?id=100064668523012,https://vt.tiktok.com/ZSXy2Lmo5/,VERSIÓN 1 PLATAFORMA – Michoacán,,,,,,,"Navega el Lago de Pátzcuaro y sus islas: Pacanda, Yunuen, Tecuena y Janitzio. Con guías locales, conecta con la cosmovisión purépecha, admira bellos paisajes y conoce la tradicional pesca con redes en esta inmersión cultural.","Navega el Lago de Pátzcuaro y sus islas: Pacanda, Yunuen, Tecuena y Janitzio. Con guías locales, conecta con la cosmovisión purépecha, admira bellos paisajes y conoce la tradicional pesca con redes en esta inmersión cultural."
MIC-025,Corundas Deliciosas,Michoacán,,,México,19.546485,-101.589784,,Historia y arqueología | Gastronomía,Gastronomía y actividades,Mireya Talavera Cervantes,,,"Comparte la tradición culinaria de Surumutaro junto a la cocinera tradicional Mireya Talavera Cervantes. Aprende a preparar corundas con ingredientes locales, conoce las historias y saberes que las acompañan y disfruta este platillo emblemático en un encuentro con la memoria e identidad comunitaria.",,,,,,,,4341081546,,https://www.facebook.com/profile.php?id=61580924655361,https://www.instagram.com/mireya.talavera.1?utm_source=ig_web_button_share_sheet&igsh=ZDNlZDc0MzIxNw==,VERSIÓN 1 PLATAFORMA – Michoacán,,,,,,,"Saborea Surumutaro con la cocinera Mireya Talavera. Aprende a preparar corundas con ingredientes locales, descubre sus historias y degusta este platillo emblemático de Michoacán en un encuentro con la memoria e identidad de la comunidad.","Saborea Surumutaro con la cocinera Mireya Talavera. Aprende a preparar corundas con ingredientes locales, descubre sus historias y degusta este platillo emblemático de Michoacán en un encuentro con la memoria e identidad de la comunidad."
MIC-026,Bordadoras de Historias,Michoacán,Patzcuaro,Patzcuaro,México,19.512505,-101.610657,,Historia y arqueología | Artesanía,Talleres,Sandra López Servín,"Explicación de la historia, capacitación de puntadas básicas, café/té o agua y pieza bordada básica. La ficha indica que el cliente puede escoger una pieza de mayor precio pagando la diferencia.",Máximo 8 personas,"Conoce el arte del bordado tradicional junto a mujeres artesanas de Santa Cruz. Aprende puntadas básicas, crea tu propia pieza y descubre las historias, paisajes, danzas y tradiciones que los hilos conservan como parte del patrimonio biocultural purépecha.",,,,,,,,4341156185,bordadossandras@gmail.com,https://www.facebook.com/share/1FqkJrtrSM/,https://www.instagram.com/bordadoras.dehistorias?igsh=MWt3OHNsdHhqNXY3dQ%3D%3D,VERSIÓN 1 PLATAFORMA – Michoacán,,,,,,,"Borda la tradición junto a mujeres artesanas de Santa Cruz. Aprende puntadas básicas, crea tu pieza y descubre hermosas historias, danzas, paisajes y tradiciones que los hilos relatan como parte viva del patrimonio cultural purépecha.","Borda la tradición junto a mujeres artesanas de Santa Cruz. Aprende puntadas básicas, crea tu pieza y descubre hermosas historias, danzas, paisajes y tradiciones que los hilos relatan como parte viva del patrimonio cultural purépecha."
MIC-027,"⁠Seshashi, Taller y Patrimonio Vivo",Michoacán,,,México,19.512015,-101.608334,,Artesanía | Gastronomía,Talleres,Mario Agustín Gaspar,,,,,,,,,,,4341001664 / 4434005496,,https://www.facebook.com/seshashimexico,https://www.instagram.com/seshashi?utm_source=qr,VERSIÓN 1 PLATAFORMA – Michoacán,,,,,,,"En el corazón de Pátzcuaro, visita e interactúa con una familia artesana; disfruta de demostraciones en vivo de laca perfilada, maque incrustado y pasta de caña de maíz en un espacio de aprendizaje y encuentro con el patrimonio vivo.","En el corazón de Pátzcuaro, visita e interactúa con una familia artesana; disfruta de demostraciones en vivo de laca perfilada, maque incrustado y pasta de caña de maíz en un espacio de aprendizaje y encuentro con el patrimonio vivo."
MIC-028,Sabores de Zirahuén,Michoacán,,,México,19.44913,-101.730048,,Artesanía | Gastronomía,Saberes Tradicionales,Martha García Vargas,,,"Contempla el amanecer desde el lago mientras acompañas a la comunidad en una jornada de pesca artesanal. Aprende técnicas tradicionales de captura y prepara tu propio platillo con pescado fresco, descubriendo los sabores, saberes y la estrecha relación entre la comunidad y el agua.",,,,,,,,4341166622,,https://www.facebook.com/profile.php?id=100064027092755&rdid=mfsJq31EIhjn1FzJ&share_url=https%3A%2F%2Fwww.facebook.com%2Fshare%2F1CmLwuizUb%2F#,,VERSIÓN 1 PLATAFORMA – Michoacán,,,,,,,"Ve el amanecer en el lago acompañando a la comunidad en su actividad de pesca artesanal. Aprende técnicas tradicionales de captura y cocina tu platillo con pescado fresco, descubriendo saberes y la profunda relación purépecha con el agua.","Ve el amanecer en el lago acompañando a la comunidad en su actividad de pesca artesanal. Aprende técnicas tradicionales de captura y cocina tu platillo con pescado fresco, descubriendo saberes y la profunda relación purépecha con el agua."
MIC-029,Abdón Punzo Galería,Michoacán,,,México,19.406262,-101.636386,,Artesanía,Talleres,Carlos Punzo Chávez,,,"Descubre el arte del cobre martillado en Santa Clara del Cobre junto al maestro artesano Abdón Punzo Chávez. Conoce el proceso tradicional, participa en una práctica de martillado y admira piezas que reflejan la herencia, creatividad e identidad de este oficio ancestral.",,,,,,,,4433662394,,https://www.facebook.com/profile.php?id=61574940992100&locale=es_LA#,https://www.instagram.com/abdonpunzo.galeria?,VERSIÓN 1 PLATAFORMA – Michoacán,,,,,,,"Descubre el cobre martillado en Santa Clara del Cobre. Junto a los maestros artesanos, conoce el proceso, practica el martillado y admira piezas únicas que reflejan la herencia, creatividad e identidad de este oficio ancestral.","Descubre el cobre martillado en Santa Clara del Cobre. Junto a los maestros artesanos, conoce el proceso, practica el martillado y admira piezas únicas que reflejan la herencia, creatividad e identidad de este oficio ancestral."
MIC-030,"Entre Agaves, Tradición y Aventura",Michoacán,,,México,19.4129517243115,-101.211238552478,,Naturaleza | Artesanía | Gastronomía,Naturaleza,Crecenciano Ayala Téllez y Gabriel Escot Pérez,,,"Descubre San Francisco Etúcuaro combinando adrenalina, naturaleza y auténtica cultura mezcalera. Sobrevuela barrancas en la tirolesa monumental y recorre paisajes asombrosos en cuatrimoto. Cruza puentes colgantes, nada en una cascada y finaliza tu aventura comunitaria degustando mezcal artesanal con deliciosa gastronomía local dentro de una vinata tradicional.",,,,,,,,4341169393,,https://www.facebook.com/profile.php?id=100063476503592,https://www.instagram.com/etucuaro_ecotour?,VERSIÓN 1 PLATAFORMA – Michoacán,,,,,,,"Descubre San Francisco Etúcuaro: adrenalina y cultura mezcalera. Vuela en tirolesa, recorre en cuatrimoto, cruza puentes colgantes y nada en una cascada. Finaliza degustando mezcal y la gastronomía local dentro de una vinata tradicional.","Descubre San Francisco Etúcuaro: adrenalina y cultura mezcalera. Vuela en tirolesa, recorre en cuatrimoto, cruza puentes colgantes y nada en una cascada. Finaliza degustando mezcal y la gastronomía local dentro de una vinata tradicional."
MIC-031,Ruta Biocultural Mazahua Ngumu,Michoacán,Zitácuaro,Macho de Agua; La Cumbre; Boca de la Cañada; Crescencio Morales; El Rincón; Rio de Guadalupe,México,19.442521,-100.240688,,Naturaleza | Artesanía | Gastronomía,Gastronomía y actividades,Martín Zamora García,"Guía, comida, transporte, entradas y sanitarios.",Máximo 10 personas,"Vive la riqueza cultural de Crescencio Morales en Zitácuaro. Explora la impresionante mariposa monarca en su santuario, participa en la tradicional Ruta del Pulque y degusta platillos preparados por cocineras locales. Disfruta talleres de artesanías y medicina ancestral en una experiencia comunitaria que celebra la naturaleza e identidad indígena michoacana.",,,,,,,,7151106800,martozamora04@hotmail.es,https://www.facebook.com/profile.php?id=61585537419952,https://www.instagram.com/casadelaculturamazahua?igsh=NXV4YTIyOHhxY3J5,VERSIÓN 1 PLATAFORMA – Michoacán,,,,,,,"Sé parte de la comunidad mazahua de Crescencio Morales. Explora el santuario monarca, haz la Ruta del Pulque o disfruta talleres de artesanías y medicina ancestral en una experiencia que celebra la naturaleza e identidad indígena.","Sé parte de la comunidad mazahua de Crescencio Morales. Explora el santuario monarca, haz la Ruta del Pulque o disfruta talleres de artesanías y medicina ancestral en una experiencia que celebra la naturaleza e identidad indígena."
MOR-001,"Zempoala, Senderos de Aventura y Conservación",Morelos,"Huitzilac, Ocuilan de Arteaga y Cuernavaca","Huitzilac, Santiago Atzingo y Santa María Ahuacatitlán",México,19.029976,-99.274491,,Historia y arqueología | Naturaleza | Senderismo | Artesanía | Gastronomía,Gastronomía y actividades,Ranulfo Maya Vargas,"10. Transporte con seguro del viajero, responsiva, seguro contra accidentes, guia de turista, botiquin de primeros auxilios, EPP, permiso y brazalete CONANP, Alimentos y bebida, Taller informativo y practico",Máximo 60 personas,"Vive una aventura de senderismo interpretativo y trekking en el Parque Nacional Lagunas de Zempoala. Explora miradores, lagos y el Gran Bosque de Agua con guías especializados, concecta con su biodiversidad e historia y disfruta de campamento, gastronomía tradicional, barbacoa, pulque, hongos silvestres y artesanías locales.",,,,,,,,7772221370 / 7773699267 / 7773673948,sierrachichinautzin@gmail.com,https://www.facebook.com/RANMAVA123?locale=es_LA,https://www.instagram.com/senderismosierrachichinautzin?utm_source=ig_web_button_share_sheet&igsh=ZDNlZDc0MzIxNw==,VERSIÓN 1 PLATAFORMA – Morelos,,,,,,,"Vive una aventura de senderismo interpretativo y trekking en el Parque Nacional Lagunas de Zempoala. Explora el Gran Bosque de Agua con guías especializados, conecta con su biodiversidad y disfruta la gastronomía, pulque y artesanías de familias locales.","Vive una aventura de senderismo interpretativo y trekking en el Parque Nacional Lagunas de Zempoala. Explora el Gran Bosque de Agua con guías especializados, conecta con su biodiversidad y disfruta la gastronomía, pulque y artesanías de familias locales."
MOR-002,Ixti: El Rostro del Corazón,Morelos,Huitzilac,Huitzilac,México,19.091091,-99.069619,,Naturaleza | Gastronomía,Saberes Tradicionales,Miriam Acosta Aguilar,Ceremonia ancestral/ explicaciön /cosecha de agua miel /alimentos,Máximo 30 personas,"Adéntrate en un viaje para conocer los secretos del aguamiel, la tradición pulquera y los rituales prehispánicos a través de un recorrido por los campos de magueyes donde aprenderás sobre las técnicas de cultivo y degustarás aguamiel, pulque y comida tradicional morelense.",,,,,,,,7393930708 / 7775236251,ixtimaguey@gmail.com,https://www.facebook.com/corazondemagueyhuitzil,https://www.instagram.com/ixti_maguey?,VERSIÓN 1 PLATAFORMA – Morelos,,,,,,,"Descubre los secretos del aguamiel, la tradición pulquera y los rituales prehispánicos en un recorrido por los campos de magueyes donde aprenderás sobre las técnicas de cultivo y degustarás aguamiel, pulque y comida tradicional morelense.","Descubre los secretos del aguamiel, la tradición pulquera y los rituales prehispánicos en un recorrido por los campos de magueyes donde aprenderás sobre las técnicas de cultivo y degustarás aguamiel, pulque y comida tradicional morelense."
MOR-003,Guardianes del Reino de los Hongos,Morelos,Cuernavaca,Santa Maria Ahuacatitlán,México,18.985100,-99.273911,,Naturaleza | Senderismo | Gastronomía,Gastronomía y actividades,Marisa Hernández Pérez,Entrada de recorrido guía turístico 3 alimentos 1 noche de hospedaje,Máximo 30 personas,"A través del senderismo interpretativo y la degustación de platillos tradicionales, aprenderás sobre los hongos y su papel dentro del equilibrio ecológico del bosque, descubrirás distintas especies, métodos de conservación y te convertirás en un Guardián Honorario del Bosque.",,,,,,,,7771307553,hongosazules_ecoturismo@outlook.com,https://www.facebook.com/hongosazules/,https://www.instagram.com/bosquedeloshongosazules/,VERSIÓN 1 PLATAFORMA – Morelos,,,,,,,"A través del senderismo interpretativo y la degustación de platillos, aprenderás sobre hongos y su papel en el equilibrio ecológico, descubrirás diversas especies, métodos de conservación y te volverás un Guardián Honorario del Bosque.","A través del senderismo interpretativo y la degustación de platillos, aprenderás sobre hongos y su papel en el equilibrio ecológico, descubrirás diversas especies, métodos de conservación y te volverás un Guardián Honorario del Bosque."
MOR-004,Entre Abejas y Flores,Morelos,Tepoztlán,San Andrés de la Cal,México,18.987274,-99.105445,,Naturaleza,Saberes Tradicionales,Adrian Cortés Conde,"Recepción y bienvenida por parte del equipo coordinador y la familia anfitriona. Presentación general de la experiencia y contextualizaci6n territorial, cultural y ambiental. Traslado interno hacia la comunidad de San Andrés de la Cal (según punto de encuentro establecido). Acceso al domicilio de la familia anfitriona y a las instalaciones del proyecto apícola. Charla educativa sobre la apicultura local y la relación entre abejas, flora y ecosistema. Recorrido interpretativo guiado por el entorno rural y senderos comunitarios. Identificaci6n de flora melifera y explicación de los ciclos de floración. Interpretaci6n ambiental del paisaje y de los servicios ecosistémicos de la polinización. Acceso a la zona de apiarios bajo supervision especializada. Demostración del manejo de colmenas y del proceso de producci6n de la miel. Explicacién técnica sobre la organizacion social y ciclo de vida de las abejas. Observaci6n directa de las colmenas con acompafiamiento del apicultor. Uso de equipo basico de protecci6n para la actividad apícola. Actividad vivencial de interacci6n controlada con el apiario. Espacio de reflexion final sobre conservación ambiental y saberes comunitarios. Atención personalizada durante toda la experiencia. Fotografia grupal de recuerdo.",Máximo 20 personas,"Descubre el fascinante mundo de la apicultura en San Andrés de la Cal junto a una familia apicultora. Recorre la flora melífera, conoce el ciclo de vida de las abejas y descubre su papel fundamental en la biodiversidad, la conservación de los ecosistemas y la economía local.",,,,,,,,7775653512,natural.adventures.tepoz@gmail.com,https://www.facebook.com/naturaladventures,https://www.instagram.com/naturaladventuresmx?utm_source=ig_web_button_share_sheet&igsh=ZDNlZDc0MzIxNw==,VERSIÓN 1 PLATAFORMA – Morelos,,,,,,,"Aprende sobre apicultura en San Andrés de la Cal junto a una familia apicultora. Recorre la flora melífera, conoce el ciclo de vida de las abejas y descubre su papel fundamental en la conservación de los ecosistemas y la economía local.","Aprende sobre apicultura en San Andrés de la Cal junto a una familia apicultora. Recorre la flora melífera, conoce el ciclo de vida de las abejas y descubre su papel fundamental en la conservación de los ecosistemas y la economía local."
MOR-005,Corazón del Bosque,Morelos,Tepoztlán,Tepoztlán,México,18.987239,-99.105403,,Naturaleza | Senderismo,Naturaleza,Adrian Cortés Conde,Servicio de guia turistico comunitario durante toda la experiencia. Interpretación cultural y natural del destino. Acceso a senderos y espacios comunitarios incluidos en el ititinerario. Uso del equipo necesario para la actividad (segun la experiencia). Actividades practicas o talleres contemplados en el recorrido. Seguro basico de participante durante la actividad (si aplica). Coordinaci6n y acompafiamiento del anfitrion local. Degustacion o productos incluidos dentro de la experiencia (cuando el ititinerario lo indique). Pagos comunitarios o cuotas de acceso previamente consideradas dentro del recorrido.,Máximo 12 personas,"Recorre en bicicleta los senderos del Valle de Tepoztlán y descubre paisajes únicos en una aventura para toda la familia. Visita el Santuario de los Venados, conoce la flora y fauna nativa y disfruta de una experiencia activa, educativa y sensorial en contacto con la naturaleza.",,,,,,,,7775653512,natural.adventures.tepoz@gmail.com,https://www.facebook.com/naturaladventures,https://www.instagram.com/naturaladventuresmx?utm_source=ig_web_button_share_sheet&igsh=ZDNlZDc0MzIxNw==,VERSIÓN 1 PLATAFORMA – Morelos,,,,,,,"Recorre en bicicleta los senderos del Valle de Tepoztlán y descubre paisajes únicos. Visita el Santuario de los Venados, conoce la flora y fauna nativa y disfruta de una experiencia activa, educativa y sensorial en la naturaleza.","Recorre en bicicleta los senderos del Valle de Tepoztlán y descubre paisajes únicos. Visita el Santuario de los Venados, conoce la flora y fauna nativa y disfruta de una experiencia activa, educativa y sensorial en la naturaleza."
MOR-006,Relatos de mi Pueblo,Morelos,Tepoztlán,"Tepoztlán, San Sebastian",México,18.987201,-99.105217,,Historia y arqueología | Naturaleza | Senderismo,Saberes Tradicionales,Adrian Cortés Conde,Recepción y bienvenida. Guia comunitario certificado o capacitado. Recorrido interpretativo por puntos emblematicos. Explicaci6n historica y narrativa oral. Organizaci6n y coordinación logistica del recorrido. Contribucién econ6émica directa al guia comunitario.,Máximo 30 personas,"Recorre las calles empedradas de Tepoztlán en una caminata nocturna guiada por un habitante local. Descubre leyendas, relatos de nahuales, apariciones y tradiciones ancestrales que revelan la historia, la memoria y el espíritu de la comunidad en una experiencia de turismo comunitario.",,,,,,,,7775653512,natural.adventures.tepoz@gmail.com,https://www.facebook.com/naturaladventures,https://www.instagram.com/naturaladventuresmx?utm_source=ig_web_button_share_sheet&igsh=ZDNlZDc0MzIxNw==,VERSIÓN 1 PLATAFORMA – Morelos,,,,,,,"Recorre las calles empedradas de Tepoztlán en una caminata guiada por los habitantes locales. Descubre leyendas, relatos de nahuales y tradiciones ancestrales que revelan la historia, la memoria y el espíritu de la comunidad.","Recorre las calles empedradas de Tepoztlán en una caminata guiada por los habitantes locales. Descubre leyendas, relatos de nahuales y tradiciones ancestrales que revelan la historia, la memoria y el espíritu de la comunidad."
MOR-007,Fuego y Raíces,Morelos,Tepoztlán,Tepoztlán,México,18.987201,-99.105217,,Naturaleza | Gastronomía,Gastronomía y actividades,Adrian Cortés Conde,Recepción y bienvenida comunitaria. Acompañamiento y guía por parte de cocinera tradicional y equipo comunitario. Presentación e interpretación de ingredientes locales y patrimonio gastronómico. Uso de instalaciones comunitarias y cocina tradicional (fogón o cocina de leña). Uso de utensilios tradicionales necesarios para la preparación de los alimentos. Insumos e ingredientes requeridos para la elaboración de los platillos incluidos en la experiencia. Actividad participativa de preparación de alimentos. Degustación de los platillos elaborados durante la experiencia. Limpieza y organización del espacio al finalizar la actividad. Contribución económica directa a la cocinera tradicional y colaboradores comunitarios participantes.,,"Descubre la riqueza gastronómica de Tepoztlán a través de las cocinas de humo de tres comunidades. Guiado por cocineras tradicionales, disfruta recetas ancestrales que unen maíz, hierbas y sabores del territorio, mientras conectas con la memoria, la identidad y el patrimonio cultural de sus pueblos.",,,,,,,,7775653512,natural.adventures.tepoz@gmail.com,https://www.facebook.com/naturaladventures?locale=es_LA,https://www.instagram.com/naturaladventuresmx?utm_source=ig_web_button_share_sheet&igsh=ZDNlZDc0MzIxNw==,VERSIÓN 1 PLATAFORMA – Morelos,,,,,,,"Conoce Tepoztlán a través de las cocinas de humo de tres comunidades. Guiado por cocineras tradicionales, disfruta recetas que unen los sabores del territorio y conecta con la identidad y el patrimonio cultural de los pueblos.","Conoce Tepoztlán a través de las cocinas de humo de tres comunidades. Guiado por cocineras tradicionales, disfruta recetas que unen los sabores del territorio y conecta con la identidad y el patrimonio cultural de los pueblos."
MOR-008,Ruta del Café Nativo,Morelos,Tepoztlán,"Barrio de la Santísima, Santiago Tepetlapa, Col. Los Ocotes",México,18.992093,-99.100156,,Naturaleza | Gastronomía,Gastronomía y actividades,José Cortés Garrido,"Guía, agua, baños, 1 bebida con auténtico café tepozteco",Máximo 20 personas,"Descubre el origen del café nativo de Tepoztlán recorriendo sus huertos y conociendo su cultivo, cosecha, tostado y molienda. Disfruta una cata guiada, cocina tradicional y relatos comunitarios que conectan el café con la biodiversidad, la agricultura y la identidad cultural del territorio.",,,,,,,,7775650459,cafenativotpz@gmail.com,https://www.facebook.com/profile.php?id=61579393513641&rdid=sOIb2iYzJif6FrMr&share_url=https%3A%2F%2Fwww.facebook.com%2Fshare%2F1CxxCLNPtX%2F#,https://www.instagram.com/cafenativotepoztlan_labarra?utm_source=qr&igsh=MTVzeWk3eGtoeXRxbw%3D%3D,VERSIÓN 1 PLATAFORMA – Morelos,,,,,,,"Aprende sobre el café nativo de Tepoztlán. Conoce en los huertos su cultivo, cosecha, tostado y molienda tradicional. Disfruta de una cata guiada, y déjate envolver por los relatos que conectan el café con la identidad del trabajo comunitario.","Aprende sobre el café nativo de Tepoztlán. Conoce en los huertos su cultivo, cosecha, tostado y molienda tradicional. Disfruta de una cata guiada, y déjate envolver por los relatos que conectan el café con la identidad del trabajo comunitario."
MOR-009,Regreso al Vientre de la Madre Tierra,Morelos,Tepoztlán,Amatlán de Quetzalcóatl,México,18.971658,-99.037099,,Historia y arqueología | Naturaleza | Senderismo | Gastronomía,Escenarios históricos,Manuel Villalba Campos,Se describen en la determinaci6n de precios.,Máximo 72 personas,"Visita guiada por la zona arqueológica de Centeopan, las pozas de Michatlahco y Nahualatl Quetzalcóatl y el museo comunitario. Descubrirás la historia y mitos que los rodean, así como los usos tradicionales de árboles y plantas medicinales y rituales.",,,,,,,,7773322734 / 7396881426,efedras@gmail.com,https://www.facebook.com/EcoturismoQuetzalcoatlTemachtianiSprDeRl,,VERSIÓN 1 PLATAFORMA – Morelos,,,,,,,"Vive un retiro de bienestar en Tepoztlán. Reconecta con la Madre Tierra por medio del temazcal tradicional, senderos de herbolaria y la deliciosa cocina ancestral.","Vive un retiro de bienestar en Tepoztlán. Reconecta con la Madre Tierra por medio del temazcal tradicional, senderos de herbolaria y la deliciosa cocina ancestral."
MOR-010,Casa de la Mujer Campesina,Morelos,Tlayacapan,San Jose de los Laureles y Tlayacapan,México,18.983430,-99.006699,,Naturaleza | Gastronomía,Saberes Tradicionales,Clotilde Flores Flores,"PAQUETE 1 INCLUYE: 1 deesayuno 1 Comida Temazcal Taller de pomadas y chapún Taller de Nixtamalización PAQUETE 2 Taller de medicina tradicional (elaboración de pomadas y champús artesanales). Recorrido guiado al cerro de La Cumbre, dentro del Corredor Biológico Chichinauhtzin. Temazcal tradicional (incluyendo ceremonia de sanación). Coordinador de grupo para todas las actividades. Traslado interno de la comunidad de San José a Tlayacapan. Hospedaje en el hostal tipo europeo (1 noche). Desayuno, comida y cena del día 1. Desayuno y comida del día 2. Caminata libre por las calles de Tlayacapan, acompañados del guía. Coffee break de bienvenida y al final del recorrido del día 2. Transporte interno Nota: Las entradas a la Casa de la Cerería y al Convento de San Juan Bautista no están incluidas en el paquete. asi como propinas",Máximo 44 personas,"Vive una experiencia guiada por mujeres indígenas y campesinas que comparten los saberes del maíz, la medicina tradicional y el Temazcal. Descubre el origen del tlacoyo, disfruta de recetas ancestrales y conecta con la cosmovisión, el bienestar y los conocimientos tradicionales de San José de los Laureles.",,,,,,,,7775639680 / 7352490236 / 7352085419,infotazimor@gmail.com,https://www.facebook.com/profile.php?id=61586895110223&rdid=mxN60CMg8KFy2x8J&share_url=https%3A%2F%2Fwww.facebook.com%2Fshare%2F1Bvt4guEbR%2F#,,VERSIÓN 1 PLATAFORMA – Morelos,,,,,,,"Vive una experiencia guiada por mujeres indígenas que comparten los saberes del maíz, la medicina tradicional y el Temazcal. Descubre el origen del tlacoyo, disfruta de recetas ancestrales y conecta con el territorio de San José de los Laureles.","Vive una experiencia guiada por mujeres indígenas que comparten los saberes del maíz, la medicina tradicional y el Temazcal. Descubre el origen del tlacoyo, disfruta de recetas ancestrales y conecta con el territorio de San José de los Laureles."
MOR-011,"Vida, Fuego y Tierra de los Volcanes",Morelos,"Jantetelco, Yecapixtla, Ocuituco, Tetela del Volcán, Hueyapan, Tochimilco","Chalcatzingo (Jantetelco); Ocuituco; Xochicalco (en Tetela del Volcán); Tetela del Volcán (cabecera); Hueyapan; San Antonio Alpanocan (Tochimilco, Puebla); Santa Cruz Cuautomatitla (Tochimilco, Puebla)",México,18.894700,-98.728865,,Naturaleza,Saberes Tradicionales,Mayra Martinez Ramon,La experiencia incluye: Experiencia Tiempero con actividad interpretativa comunitaria. Cena tradicional de bienvenida. 1 desayuno en el hotel Xantico Palace. 1 comida tradicional en Santa Cruz (cocina local). Visita guiada al Ex Convento de San Juan Bautista. 1 desayuno en el Centro Ecoturistico Piedra Rajada. Visita guiada a zona arqueolégica de la region. Acompañamiento permanente de Guia Certificado en Turismo Comunitario durante toda la ruta. Transporte redondo desde Ciudad de México (CDMX).,Máximo 30 personas,"A través de talleres gastronómicos, visitas guiadas y los saberes de los tiemperos, aprenderás sobre la relación entre los volcanes, la producción agroalimentaria y la memoria colectiva que dan identidad a las comunidades locales.",,,,,,,,7352441732,experiencias@xanticopalace.com,https://www.facebook.com/profile.php?id=61581064022822&mibextid=wwXIfr&rdid=YCoZoc5t9aPiqmNw&share_url=https%3A%2F%2Fwww.facebook.com%2Fshare%2F1dmkNzAAXv%2F%3Fmibextid%3DwwXIfr%26utm_source%3Dig%26utm_medium%3Dsocial%26utm_content%3Dlink_in_bio#,https://www.instagram.com/red_experiencias_comunitarias?utm_source=ig_web_button_share_sheet&igsh=ZDNlZDc0MzIxNw==,VERSIÓN 1 PLATAFORMA – Morelos,,,,,,,"A través de talleres gastronómicos, visitas guiadas y los saberes de los tiemperos, aprenderás sobre la relación entre los volcanes, la producción agroalimentaria y la memoria colectiva que dan identidad a las comunidades locales.","A través de talleres gastronómicos, visitas guiadas y los saberes de los tiemperos, aprenderás sobre la relación entre los volcanes, la producción agroalimentaria y la memoria colectiva que dan identidad a las comunidades locales."
MOR-012,Neljuayotl Shupelik: Raíces Dulces,Morelos,Municipio Indigena de Hueyapan Morelos,Municipio Indigena de Hueyapan,México,18.884929,-98.690701,,Historia y arqueología | Naturaleza | Gastronomía,Comunidad y vida cotidiana,Andrea Lucia Rodriguez Andrade y Giovanna Morales Perez,"Pagos cubiertos: guia, acceso a huerta, desayuno y comida, actividades a realizar en la huerta, baño.",Máximo 30 personas,"Vive una experiencia que te invita a participar en la cosecha de frutos y aprender sobre la recolección de hongos y quelites, el calendario agrícola, el proceso de nixtamalización y la preparación de platillos emblemáticos y su conexión con la identidad comunitaria.",,,,,,,,7772662995,hueyapannonelyotl@gmail.com,https://www.facebook.com/profile.php?id=61578734636207&locale=es_LA,https://www.instagram.com/no.neljuayotl_h?utm_source=ig_web_button_share_sheet&igsh=ZDNlZDc0MzIxNw==,VERSIÓN 1 PLATAFORMA – Morelos,,,,,,,"Una experiencia que te invita a participar en la cosecha de frutos y aprender sobre la recolección de hongos y quelites, el calendario agrícola, la nixtamalización, la preparación de platillos y su conexión con la identidad comunitaria.","Una experiencia que te invita a participar en la cosecha de frutos y aprender sobre la recolección de hongos y quelites, el calendario agrícola, la nixtamalización, la preparación de platillos y su conexión con la identidad comunitaria."
MOR-013,Conozcamos Nuestro Bosque,Morelos,Hueyapan,Hueyapan,México,18.884951,-98.689895,,Historia y arqueología | Naturaleza | Senderismo | Artesanía | Gastronomía,Gastronomía y actividades,José Antonio Montafio Marquez,1. Alimentos (2) $250 2. Traslado $120 3. Taller $50 4. Guia $80 5. Permisos acceso a zona comunal $10,Máximo 40 personas,"Vive una experiencia de ecoturismo comunitario en Hueyapan participando en reforestación, senderismo, recolección de hongos y conservación del bosque. Conoce su biodiversidad, historia y valores comunitarios, disfruta de cocina tradicional, productos locales, textiles con Indicación Geográfica y paisajes únicos en una experiencia para toda la familia.",,,,,,,,7352137140 / 7772229704 / 7353503503,yescastes@gmail.com,https://www.facebook.com/share/1BLa8dixZL/?mibextid=wwXIfr,,VERSIÓN 1 PLATAFORMA – Morelos,,,,,,,"Vive una experiencia de ecoturismo comunitario participando en reforestación, senderismo y recolección de hongos. Conoce su historia y disfruta de la cocina tradicional, de los productos locales y de sus paisajes únicos.","Vive una experiencia de ecoturismo comunitario participando en reforestación, senderismo y recolección de hongos. Conoce su historia y disfruta de la cocina tradicional, de los productos locales y de sus paisajes únicos."
MOR-014,Entre Hilos y Sabores,Morelos,Municipio indígena de Hueyuepan,Municipio indígena de Hueyuepan,México,18.880561,-98.686350,,Historia y arqueología | Naturaleza | Senderismo | Artesanía | Gastronomía,Comunidad y vida cotidiana,"Cirila Aragón Cortéz, Margarita Torres Aragón","Cocina tradicional, exp. Gabaneras, exp. huerto_",Máximo 15 personas,"Vive una experiencia de cocina tradicional que integra la siembra de la milpa, senderismo interpretativo, elaboración de pan artesanal, conservas, curados frutales y prendas en telar de cintura. Disfruta del alojamiento en un hogar nahua y descubre la historia y la cosmovisión del territorio a través de los relatos comunitarios.",,,,,,,,7352051592 / 7351427001 / 7351103655,magomotores1984@gmail.com,,https://www.instagram.com/_entrehilosysabores?igsh=MXZiNWVpeG8wODhsbA%3D%3D&utm_source=ig_contact_invite,VERSIÓN 1 PLATAFORMA – Morelos,,,,,,,"Vive una experiencia de cocina tradicional que une la siembra de la milpa, el senderismo interpretativo, la elaboración de pan artesanal, los curados frutales y las prendas en telar de cintura. Descubre los relatos comunitarios alojándote en el calor de un hogar nahua.","Vive una experiencia de cocina tradicional que une la siembra de la milpa, el senderismo interpretativo, la elaboración de pan artesanal, los curados frutales y las prendas en telar de cintura. Descubre los relatos comunitarios alojándote en el calor de un hogar nahua."
MOR-015,Cuentepec Extremo,Morelos,Cuentepec,Cuentepec,México,18.868196,-99.327560,,Naturaleza | Senderismo | Artesanía | Gastronomía,Naturaleza,Eduardo Hernandez Torres,"Elementos y servicios incluidos en el pago de la ETC El pago de la experiencia turistica comunitaria incluye los siguientes servicios y actividades contemplados dentro de los ititinerarios: Recepción y acompafamiento comunitario durante toda la experiencia. Guias locales comunitarios capacitados, quienes realizan la interpretaci6n ambiental y cultural del territorio. Curso basico de seguridad y técnica para rappel previo al inicio de las actividades de aventura. Renta y uso de equipo especializado para las actividades de turismo de aventura (arnés, casco, cuerdas, sistemas de descenso y equipo de seguridad). Recorridos guiados por senderos naturales, cuevas y zonas designadas para rappel y exploraci6n. Actividades recreativas y de aventura, como descenso en rappel y circuitos de tirolesa segun el ititinerario seleccionado. Recorrido cultural por la comunidad, incluyendo visita interpretativa para conocer la historia, tradiciones y vida cotidiana de Cuentepec. Talleres comunitarios, como demostraciones o experiencias participativas de alfareria y cesteria tradicional, itinerario. dependiendo del Alimentos incluidos en el programa, preparados por cocineras tradicionales o familias de la comunidad (desayuno, comida, cena o lunch segin el paquete). Hospedaje en campamento comunitario o area de descanso, cuando el ititinerario contempla experiencias de dos dias y una noche. Espacios de descanso y uso de instalaciones del parque comunitario durante el desarrollo de la experiencia. Acompañamiento logistico y coordinacién de actividades por parte del equipo comunitario durante toda la experiencia. Enfoque comunitario del servicio Seguro para el turista durante la actividad contratada Todos estos servicios son brindados directamente por habitantes de la comunidad indigena de Cuentepec, quienes participan como guias, anfitriones, cocineras tradicionales, instructores y personal de apoyo, garantizando que la experiencia turistica que contribuya al fortalecimiento de la economia local, la preservaci6n cultural y el respeto por el territor comunita",Máximo 15 personas,"Vive la fusión entre aventura y cultura en Temixco. Contempla las bellezas de la naturaleza desde puentes colgantes, tirolesas y senderos, y descubre los saberes ancestrales de la alfarería y la cestería, la riqueza de la lengua náhuatl y los sabores tradicionales que dan identidad a la comunidad de Cuentepec.",,,,,,,,7776234919 / 7776234916 / 7773077466,desarrolloecologicocuentepec@gmail.com,https://www.facebook.com/cuentepecextremodeportesdeaventura,,VERSIÓN 1 PLATAFORMA – Morelos,,,,,,,"Contempla las bellezas de la naturaleza desde puentes colgantes, tirolesas y senderos, y aprende sobre la alfarería y la cestería, la riqueza de la lengua náhuatl y los sabores tradicionales que dan identidad a la comunidad de Cuentepec.","Contempla las bellezas de la naturaleza desde puentes colgantes, tirolesas y senderos, y aprende sobre la alfarería y la cestería, la riqueza de la lengua náhuatl y los sabores tradicionales que dan identidad a la comunidad de Cuentepec."
MOR-016,Tepalkame,Morelos,Temixco,Cuentepec,México,18.859833,-99.327028,,Historia y arqueología | Artesanía,Saberes Tradicionales,Juan Andrés Carriles,Material para realizar el taller asi como el instructor y el uso de las herramientas.,Máximo 20 personas,"Descubre la tradición alfarera de la comunidad indígena de Cuentepec elaborando piezas de barro con artesanas y artesanos locales. Aprende el proceso de creación de cazuelas, comales, macetas y figuras decorativas, mientras compartes conocimientos, historia e identidad que mantienen vivo este oficio tradicional.",,,,,,,,7779140415 / 7774571483 / 7774534636,,https://www.facebook.com/share/p/18iJjEFhrW/,https://www.instagram.com/carrilesmolinajuan/?utm_source=ig_web_button_share_sheet,VERSIÓN 1 PLATAFORMA – Morelos,,,,,,,Descubre la tradición alfarera de la comunidad indígena de Cuentepec elaborando piezas de barro con artesanas y artesanos locales. Aprende el proceso de creación y sobre la historia e identidad que mantienen vivo este oficio tradicional.,Descubre la tradición alfarera de la comunidad indígena de Cuentepec elaborando piezas de barro con artesanas y artesanos locales. Aprende el proceso de creación y sobre la historia e identidad que mantienen vivo este oficio tradicional.
MOR-017,Chinelos Mágicos,Morelos,Yautepec,Colonia Alfredo Bonfil,México,18.876439,-99.071397,,Historia y arqueología | Artesanía | Gastronomía,Talleres,Cristal Flores Reyes,Artesania elaborada durante el taller,Máximo 20 personas,"Un vistazo por la historia y evolución del proceso de elaboración del traje de chinelo estilo Yautepec. Participarás en el proceso, tendrás la oportunidad de portar el traje, verás una demostración de la danza del chinelo y cerrarán con la degustación de una nieve artesanal.",,,,,,,,7773700139,chinelosmagicosagj@gmail.com,https://www.facebook.com/ChinelosMagicosAGJ,https://www.instagram.com/chinelosmagicosagj?utm_source=ig_web_button_share_sheet&igsh=ZDNlZDc0MzIxNw==,VERSIÓN 1 PLATAFORMA – Morelos,,,,,,,"Conecta con la historia y aprende la evolución en la técnica de elaboración del traje de chinelo, estilo Yautepec. Participa en el proceso, porta el traje tradicional, admira una demostración de la danza del chinel mientras degustas las nieves artesanales.","Conecta con la historia y aprende la evolución en la técnica de elaboración del traje de chinelo, estilo Yautepec. Participa en el proceso, porta el traje tradicional, admira una demostración de la danza del chinel mientras degustas las nieves artesanales."
MOR-018,Cocina Tradicional Mashihua,Morelos,Cuautla,Cuautla,México,18.856953,-98.937347,,Gastronomía,Gastronomía y actividades,Sofia Cruz,"Degustación gastronómica, explicación de los maíces naturales de la nixtamalización, cata de mezcales de Morelos y recorrido por el lugar.",Máximo 100 personas,"Un espacio de inmersión en arte, memoria histórica y alta cocina tradicional. De la mano de una cocinera tradicional y promotora cultural, adéntrate en una experiencia única que fusiona saberes ancestrales y sabores tradicionales, diseñada para preservar la identidad comunitaria y el patrimonio vivo en un viaje sensorial.",,,,,,,,7351851762 / 7352210987,esli_bello@yahoo.com.mx,https://www.facebook.com/share/1DKfWzTsJC/,https://www.instagram.com/casa_mashihua?igsh=MTlpZDlsOGNsZGxpbA%3D%3D&utm_source=qr,VERSIÓN 1 PLATAFORMA – Morelos,,,,,,,"De la mano de una cocinera tradicional y promotora cultural, adéntrate en una experiencia que fusiona saberes ancestrales y sabores tradicionales, diseñada para preservar la identidad comunitaria y el patrimonio vivo en un viaje sensorial.","De la mano de una cocinera tradicional y promotora cultural, adéntrate en una experiencia que fusiona saberes ancestrales y sabores tradicionales, diseñada para preservar la identidad comunitaria y el patrimonio vivo en un viaje sensorial."
MOR-019,"Tiltixiaté: Sabores, Saberes y Tradición",Morelos,Jantetelco,Chalcatzingo,México,18.689619,-98.774801,,Naturaleza | Gastronomía,Gastronomía y actividades,Cristina Barranco Tadeo,"Renta de cabaña, tres alimentos, un masaje, una fogata, un cuentaleyendas y un guía de senderismo",Máximo 100 personas,"Vive a través de la gastronomía, la interpretación cultural y la participación comunitaria, el viaje ancestral del maíz, desde su conservación en el cuexcomate hasta su transformación en el tiltixiáte, una bebida tradicional que ha acompañado por generaciones a la región.",,,,,,,,7352463924 / 7351801936,ecoturismopiedrarajada@gmail.com,https://www.facebook.com/EcoturismoPiedraRajada/?locale=es_LA,https://www.instagram.com/ecoturismopiedrarajada?fbclid=IwY2xjawTB8etleHRuA2FlbQIxMABicmlkETFGSG9RMzc1cGdEd3pPNkNpc3J0YwZhcHBfaWQQMjIyMDM5MTc4ODIwMDg5MgABHpe3OegcMqA8MOy3CSLF1HwI5iAH-9u-alttpl613oiLNoIY6NT6ZA1tmnf-_aem_-eKmzTj0ypiSiep8qA6X1g,VERSIÓN 1 PLATAFORMA – Morelos,,,,,,,"Vive a través de la gastronomía y la interpretación cultural, el viaje ancestral del maíz, desde su conservación en el cuexcomate hasta su transformación en tiltixiáte, bebida tradicional que ha acompañado por generaciones a la región.","Vive a través de la gastronomía y la interpretación cultural, el viaje ancestral del maíz, desde su conservación en el cuexcomate hasta su transformación en tiltixiáte, bebida tradicional que ha acompañado por generaciones a la región."
MOR-020,La Tigra: Senderos de Vida y Conservación,Morelos,Puente de Ixtla,La Tigra,México,18.523703,-99.333232,,Naturaleza | Senderismo | Artesanía | Gastronomía,Comunidad y vida cotidiana,Eliael Ortiz Reza,"Recepción y bienvenida comunitaria con aperitivo tradicional; servicio de guia comunitario durante toda la experiencia; senderismo interpretativo en la Reserva de la Biósfera Sierra de Huautla; acceso a senderos y mirador; actividades de interpretación ambiental y cultural (flora, fauna y usos medicinales); recorrido por la comunidad; visita a palenque tradicional de mezcal con explicación del proceso; degustación de mezcal para personas mayores de edad; acompañamiento y coordinación de la actividad por parte de la comunidad anfitriona.",Máximo 20 personas,"Adéntrate en la Sierra de Huautla con una experiencia de convivencia para vivir el día a día de la comunidad. Vivelo en la selva baja con actividades desde saberes de herbolaria, agricultura y cocina tradicional en viviendas vernáculas, hasta un recorrido y degustación de auténtico mezcal morelense.",,,,,,,,7341491253 / 5636208454,moreloslatigra@gmail.com,,https://www.instagram.com/paisajeytradicionlatigra/,VERSIÓN 1 PLATAFORMA – Morelos,,,,,,,"Descubre la selva baja de la Sierra de Huautla en una experiencia de conservación y reforestación comunitaria, donde aprenderás sobre herbolaria, cocina tradicional y el proceso del mezcal artesanal.","Descubre la selva baja de la Sierra de Huautla en una experiencia de conservación y reforestación comunitaria, donde aprenderás sobre herbolaria, cocina tradicional y el proceso del mezcal artesanal."
NAY-001,Tour Rey Nayar,Nayarit,,,México,22.202624,-104.65047,,Gastronomía,Gastronomía y actividades,Jahir García Gonzalez,,,"Vive una inmersión mágica guiada por la comunidad naayeri, donde descubrirás sus sitios sagrados, talleres ancestrales y gastronomía única. Disfruta de un turismo responsable que preserva las hermosas tradiciones locales.",,,,,,,,3330485309,,https://www.facebook.com/profile.php?id=61592054544328&mibextid=wwXIfr&rdid=BpMVkwUl1JqiJ1qd&share_url=https%3A%2F%2Fwww.facebook.com%2Fshare%2F1EDAQMC6PF%2F%3Fmibextid%3DwwXIfr#,https://www.tiktok.com/@tour.operadora.na?_r=1&_t=ZS-980yon4Ey3w,VERSIÓN 1 PLATAFORMA – Nayarit,,,,,,,"Vive una inmersión mágica guiada por la comunidad naayeri, donde descubrirás sus sitios sagrados, talleres ancestrales y gastronomía única. Disfruta de un turismo responsable que preserva las hermosas tradiciones locales.","Vive una inmersión mágica guiada por la comunidad naayeri, donde descubrirás sus sitios sagrados, talleres ancestrales y gastronomía única. Disfruta de un turismo responsable que preserva las hermosas tradiciones locales."
NAY-002,Real Mineral del Zopilote,Nayarit,,,México,21.95264,-105.122309,,Historia y arqueología | Naturaleza | Senderismo | Gastronomía,Naturaleza,Jesús Salas Torres,,,"En el Real Mineral del Zopilote vive una aventura que conecta naturaleza y cultura. Explora antiguas minas deslumbrantes llenas de cuarzos, refréscate en las hermosas cascadas de Las Taunas y recorre senderos históricos inolvidables. Culmina saboreando la gastronomía local en casa de Doña Susy.",,,,,,,,3111123649 / 3231367524 / 3113975194,,https://facebook.com/profile.php?id=100076645561591,,VERSIÓN 1 PLATAFORMA – Nayarit,,,,,,,"En el Real Mineral del Zopilote conecta naturaleza y cultura. Explora antiguas minas con cuarzos, refréscate en las cascadas de Las Taunas, recorre senderos históricos y culmina saboreando gastronomía local con Doña Susy.","En el Real Mineral del Zopilote conecta naturaleza y cultura. Explora antiguas minas con cuarzos, refréscate en las cascadas de Las Taunas, recorre senderos históricos y culmina saboreando gastronomía local con Doña Susy."
NAY-003,Ostiones y Chivichangas,Nayarit,,,México,21.7444,-105.490417,,Artesanía | Gastronomía,Gastronomía y actividades,Julio Mata Ceja,,,Vive una experiencia sustentable en Marismas Nacionales apoyando la conservación del estero. Aprende a elaborar una sarta ostrícola y artesanías con conchas. Navega hacia las balsas para degustar ostiones recién sacados del mar y deléitate preparando la inigualable chivichanga de ostión en el restaurante Ecomata.,,,,,,,,3231207789 / 3231184885 / 3231274473,,https://www.facebook.com/BOCADECAMICHIN/,https://www.instagram.com/ecoturismo_mata?igsh=enF3YjQ2Nm55OXI5,VERSIÓN 1 PLATAFORMA – Nayarit,,,,,,,Vive la conservación en Marismas Nacionales. Aprende a elaborar sartas ostrícolas y artesanías con conchas. Navega para degustar ostiones frescos y prepara la inigualable chivichanga de ostión en el restaurante Ecomata.,Vive la conservación en Marismas Nacionales. Aprende a elaborar sartas ostrícolas y artesanías con conchas. Navega para degustar ostiones frescos y prepara la inigualable chivichanga de ostión en el restaurante Ecomata.
NAY-004,Buceo En Las Isabeles,Nayarit,,,México,21.743753,-105.490171,,Gastronomía,Gastronomía y actividades,Roberto Mata Rentería,,,"Explora el encanto de Isla Isabel desde Boca de Camichín. Saborea exquisitos mariscos y conoce el cultivo de ostiones antes de navegar hacia esta área natural protegida. Acampa bajo las estrellas, sumérgete en emocionantes buceos diurnos y nocturnos, y maravíllate con la impresionante biodiversidad marina y la pesca tradicional local.",,,,,,,,3231184885 / 3111123240,,https://www.facebook.com/BOCADECAMICHIN/,https://www.instagram.com/ecoturismo_mata?igsh=enF3YjQ2Nm55OXI5,VERSIÓN 1 PLATAFORMA – Nayarit,,,,,,,"Desde Boca de Camichín, saborea mariscos y navega hacia Isla Isabel. Acampa bajo las estrellas, disfruta emocionantes buceos diurnos y nocturnos, y maravíllate con la biodiversidad marina y la pesca tradicional local.","Desde Boca de Camichín, saborea mariscos y navega hacia Isla Isabel. Acampa bajo las estrellas, disfruta emocionantes buceos diurnos y nocturnos, y maravíllate con la biodiversidad marina y la pesca tradicional local."
NAY-005,Sabores y Saberes del Colorin,Nayarit,,,México,21.835594,-104.793983,,Artesanía | Gastronomía,Gastronomía y actividades,Marcelino Elijio de la Cruz,,,"Navega por la presa de Aguamilpa y descubre la comunidad de El Colorín. Disfruta de una comida típica local, admira el arte tradicional en chaquira y bordados, y vive la experiencia de la pesca tradicional en un recorrido guiado único.",,,,,,,,,,https://www.facebook.com/saboressaberesyredesdelcolorin,,VERSIÓN 1 PLATAFORMA – Nayarit,,,,,,,"Navega por la presa de Aguamilpa y descubre la comunidad de El Colorín. Disfruta de una comida típica local, admira el arte tradicional en chaquira y bordados, y vive la experiencia de la pesca tradicional en un recorrido guiado único.","Navega por la presa de Aguamilpa y descubre la comunidad de El Colorín. Disfruta de una comida típica local, admira el arte tradicional en chaquira y bordados, y vive la experiencia de la pesca tradicional en un recorrido guiado único."
NAY-006,Potrero de la Palmita,Nayarit,,,México,21.855985,-104.713542,,Naturaleza,Comunidad y vida cotidiana,Buenaventura de la Cruz Medrano,,,"Únete a esta auténtica experiencia liderada por mujeres wixárikas y sumérgete en su cosmovisión. Camina al amanecer por el Cerro Cuate, aprende a crear arte en chaquira, hospédate en cabañas ecológicas y recibe una limpia ceremonial por un sabio de la comunidad.",,,,,,,,3113761283,,,https://www.instagram.com/cabanastawexikta/,VERSIÓN 1 PLATAFORMA – Nayarit,,,,,,,"Únete a mujeres wixárikas y vive su cosmovisión. Camina al amanecer por el Cerro Cuate, crea arte en chaquira, hospédate en cabañas ecológicas y recibe una sanadora limpia ceremonial de un sabio de la comunidad.","Únete a mujeres wixárikas y vive su cosmovisión. Camina al amanecer por el Cerro Cuate, crea arte en chaquira, hospédate en cabañas ecológicas y recibe una sanadora limpia ceremonial de un sabio de la comunidad."
NAY-007,Aldea Ojo Del Cielo,Nayarit,San Blas,Huaynamota; Puerto de Lindavista; Pintadeño,México,21.576327,-105.059829,,Naturaleza | Senderismo,Naturaleza,Adolfo Cisneros Santana,"Hospedaje. Alimentos (1 desayuno, 2 comidas, 1 cena). Desarrollo de Actividades (Taller de derivados de mango, taller de productos de medicina natural, senderos interpretativos, lugares simbólicos o con historia en la comunidad). Ceremonia de Temazcal. Un producto derivado del mango. Renta de equipo especializado para actividades de aventura. Traslados (a los lugares donde se desarrolla la experiencia).",Máximo 45 personas,Descubre la magia de la Aldea Ojo del Cielo en Huaynamota. Conecta con la naturaleza recorriendo senderos selváticos hacia cascadas y manantiales sagrados. Aprende sobre medicina natural y productos de mango junto a mujeres locales. Admira antiguos petroglifos y renueva tu espíritu con una sanadora ceremonia de temazcal.,,,,,,,,3331011665,santanavalentin@hotmail.com,https://www.facebook.com/ojodelcielomx/?locale=es_LA,https://instagram.com/ojodelcielomx,VERSIÓN 1 PLATAFORMA – Nayarit,,,,,,,"Descubre la Aldea Ojo del Cielo en Huaynamota. Recorre senderos hacia cascadas y manantiales. Aprende de medicina natural con mujeres locales, admira antiguos petroglifos y renueva tu espíritu con una ceremonia de temazcal.","Descubre la Aldea Ojo del Cielo en Huaynamota. Recorre senderos hacia cascadas y manantiales. Aprende de medicina natural con mujeres locales, admira antiguos petroglifos y renueva tu espíritu con una ceremonia de temazcal."
NAY-008,Ecoaldea Cascada de Luna,Nayarit,,,México,21.219602,-104.973632,,Naturaleza | Senderismo | Artesanía | Gastronomía,Gastronomía y actividades,Abel Gonzalez Luna,,,"Descubre la Eco Aldea Cascada de Luna. Relájate en hermosas cabañas sustentables y disfruta de cascadas cristalinas. Emprende una fascinante caminata guiada hacia la Finca Los Cabrera, donde conocerás el proceso del café artesanal, pescarás en granjas acuícolas y degustarás exquisita tilapia fresca.",,,,,,,,3271034871 / 3111870228,,https://www.facebook.com/CascadadeLunaecoaldea,,VERSIÓN 1 PLATAFORMA – Nayarit,,,,,,,"Descubre la Eco Aldea Cascada de Luna. Relájate en cabañas sustentables, disfruta cascadas y camina a la Finca Los Cabrera. Conoce el proceso del café artesanal, pesca en granjas acuícolas y degusta deliciosa tilapia fresca.","Descubre la Eco Aldea Cascada de Luna. Relájate en cabañas sustentables, disfruta cascadas y camina a la Finca Los Cabrera. Conoce el proceso del café artesanal, pesca en granjas acuícolas y degusta deliciosa tilapia fresca."
NAY-009,Cafe Molote,Nayarit,,,México,21.244725,-104.909181,,Gastronomía,Gastronomía y actividades,Manuel Bernal María de los Ángeles Espíndola,,,"Descubre el café nayarita en Compostela con la experiencia ""Del cafetal a la taza"". Explora parcelas bajo sombra, aprende todo sobre el proceso de beneficio y torrefacción, y participa envasando tu propia bolsa. Culmina este viaje biocultural degustando exquisitas bebidas, guiado por familias productoras locales.",,,,,,,,3111509340 / 3111979000,,https://www.facebook.com/profile.php?id=100063060978243,https://www.instagram.com/cafemolotemx/,VERSIÓN 1 PLATAFORMA – Nayarit,,,,,,,"Descubre el café en Compostela ""Del cafetal a la taza"". Explora parcelas, aprende el proceso de beneficio y torrefacción, y envasa tu café. Degusta exquisitas bebidas guiado por familias productoras locales en este viaje biocultural.","Descubre el café en Compostela ""Del cafetal a la taza"". Explora parcelas, aprende el proceso de beneficio y torrefacción, y envasa tu café. Degusta exquisitas bebidas guiado por familias productoras locales en este viaje biocultural."
NAY-010,Naturaleza y Café Compostela,Nayarit,,,México,21.243502,-104.902121,,Naturaleza | Senderismo | Artesanía | Gastronomía,Gastronomía y actividades,Jessica Judith Zepeda Plascencia,,,"Descubre la riqueza cafetalera de Compostela en un recorrido por Buenavista y La Lima. Disfruta de un desayuno campestre en Zitlala Camping con vistas espectaculares. Recorre senderos entre vestigios tecoxines para aprender sobre cultivo, cosecha y molienda artesanal del café, degustando sus sabores únicos y la exquisita gastronomía tradicional nayarita.",,,,,,,,3271128845 / 3271027860,,https://www.facebook.com/realvizcarracafe/?locale=es_LA,https://www.instagram.com/cafe_real.vizcarra?,VERSIÓN 1 PLATAFORMA – Nayarit,,,,,,,"Descubre el café de Compostela en Buenavista y La Lima. Disfruta un desayuno en Zitlala Camping, recorre senderos con vestigios tecoxines, aprende del cultivo y molienda artesanal, y degusta café y gastronomía nayarita.","Descubre el café de Compostela en Buenavista y La Lima. Disfruta un desayuno en Zitlala Camping, recorre senderos con vestigios tecoxines, aprende del cultivo y molienda artesanal, y degusta café y gastronomía nayarita."
NAY-011,Ruta del Café Compostela,Nayarit,,,México,21.2432794233086,-104.900914271407,,Senderismo | Artesanía | Gastronomía,Gastronomía y actividades,María Zepeda,,,"Explora las tradiciones de Cumbres de Huicicila con un delicioso desayuno campestre y sumérgete en el fascinante proceso del café artesanal, desde su cosecha hasta la taza. Disfruta de un sendero natural y rescata la cultura local antes de visitar Miravalles para degustar exquisitos vinos, licores y mermeladas de arándano.",,,,,,,,3271119301,,https://www.facebook.com/larutamagicadelcafe,,VERSIÓN 1 PLATAFORMA – Nayarit,,,,,,,"Explora Cumbres de Huicicila con un desayuno campestre y conoce el proceso del café artesanal. Recorre senderos, rescata la cultura local y visita Miravalles para degustar vinos, licores y exquisitas mermeladas de arándano.","Explora Cumbres de Huicicila con un desayuno campestre y conoce el proceso del café artesanal. Recorre senderos, rescata la cultura local y visita Miravalles para degustar vinos, licores y exquisitas mermeladas de arándano."
NAY-012,Raíces del Agave,Nayarit,,,México,21.086919,-104.799102,,Historia y arqueología | Naturaleza | Senderismo | Gastronomía,Gastronomía y actividades,Rafael Gonzalez y Ricardo Rodríguez,,,"Descubre ""Raíces del Agave"" en Tequilita, una auténtica experiencia comunitaria inolvidable. Explora fascinantes paisajes agaveros, hermosos senderos naturales y una mística cueva con cascada. Deléitate con la gastronomía tradicional y tortillas de maíz azul, maravíllate con la arqueología local y concluye tu aventura con una exquisita degustación de tequila regional.",,,,,,,,3112470888 / 8125954266 / 3271096784,,https://www.facebook.com/AgaveTequilita/about/,,VERSIÓN 1 PLATAFORMA – Nayarit,,,,,,,"Descubre ""Raíces del Agave"" en Tequilita. Explora paisajes agaveros, senderos y una mística cueva con cascada. Disfruta gastronomía local con tortillas azules, admira la arqueología y concluye con una rica degustación de tequila.","Descubre ""Raíces del Agave"" en Tequilita. Explora paisajes agaveros, senderos y una mística cueva con cascada. Disfruta gastronomía local con tortillas azules, admira la arqueología y concluye con una rica degustación de tequila."
NAY-013,Sentipensares de mi Comunidad,Nayarit,,,México,21.142337,-104.471548,,Naturaleza | Senderismo | Gastronomía,Gastronomía y actividades,Fanny Sarahí Delgado Solano,,,"Conecta con la tierra en Coapan acampando entre huertos agroecológicos. Aprende los secretos del cultivo del emblemático maíz raza Jala y plantas medicinales. Disfruta la tradicional ordeña matutina con un clásico pajarete. Explora senderos volcánicos, elabora tu propia pomada de caléndula y descubre la magia del árbol que todo escucha.",,,,,,,,3241004971 / 3241086578,,https://www.facebook.com/huertoagroecologicocolibri/,,VERSIÓN 1 PLATAFORMA – Nayarit,,,,,,,"Conecta con la tierra en Coapan acampando en huertos. Aprende a cultivar maíz Jala y plantas medicinales. Disfruta la ordeña matutina con pajarete, explora senderos volcánicos, elabora pomada de caléndula y descubre un árbol mágico.","Conecta con la tierra en Coapan acampando en huertos. Aprende a cultivar maíz Jala y plantas medicinales. Disfruta la ordeña matutina con pajarete, explora senderos volcánicos, elabora pomada de caléndula y descubre un árbol mágico."
NAY-014,Artesanías Con Milpa,Nayarit,,,México,21.106614,-104.433494,,Artesanía | Gastronomía,Talleres,Teresa de Jesús Ramos Meza,,,"Descubre en Jala el Taller de la Hoja de Maíz, guiado por artesanas locales, aprenderás el proceso de selección y teñido de esta fibra natural. Conecta con el legado biocultural de la milpa y elabora paso a paso tu propia muñeca o flor tradicional.",,,,,,,,3241044081,,https://www.facebook.com/profile.php?id=100063298475829,https://www.instagram.com/manosmagicasjala/,VERSIÓN 1 PLATAFORMA – Nayarit,,,,,,,"En el Taller de la Hoja de Maíz en Jala, artesanas locales te enseñarán a seleccionar y teñir esta fibra. Conecta con el legado de la milpa y elabora paso a paso tu muñeca o flor tradicional.","En el Taller de la Hoja de Maíz en Jala, artesanas locales te enseñarán a seleccionar y teñir esta fibra. Conecta con el legado de la milpa y elabora paso a paso tu muñeca o flor tradicional."
NAY-015,Pesca en La Barra,Nayarit,,,México,22.38569,-105.64313,,Naturaleza,Naturaleza,Moises Castañeda,,,,,,,,,,,3891199781,,https://www.facebook.com/Castaneda.ecotours,,VERSIÓN 1 PLATAFORMA – Nayarit,,,,,,,Conoce la herencia pesquera en La Barra dialogando con pescadores locales y explorando su oficio. Culmina navegando en lancha por manglares para avistar aves y un islote natural.,Conoce la herencia pesquera en La Barra dialogando con pescadores locales y explorando su oficio. Culmina navegando en lancha por manglares para avistar aves y un islote natural.
NAY-016,Rancho Chiota,Nayarit,,,México,21.26796,-104.88671,,Artesanía | Gastronomía,Gastronomía y actividades,Onesimo Estrada Herrera,,,,,,,,,,,3111495373,,https://www.facebook.com/p/Chiota-100079285345438/,,VERSIÓN 1 PLATAFORMA – Nayarit,,,,,,,"Descubre huertos de arándanos y maracuyá en Rancho Chiota. Escucha leyendas locales, aprende a deshidratar frutas y disfruta una cata de vinos artesanales con quesos regionales.","Descubre huertos de arándanos y maracuyá en Rancho Chiota. Escucha leyendas locales, aprende a deshidratar frutas y disfruta una cata de vinos artesanales con quesos regionales."
NAY-017,La Tovara,Nayarit,,,México,21.53193,-105.24734,,Naturaleza,Naturaleza,Sixto Luis Ledezma Martínez,,,,,,,,,,,3231169997,,https://www.facebook.com/profile.php?id=61576820570248,,VERSIÓN 1 PLATAFORMA – Nayarit,,,,,,,"Navega por los manglares de La Tovara guiado por locales. Observa aves y cocodrilos, aprende del ecosistema y relájate nadando en manantiales de aguas cristalinas.","Navega por los manglares de La Tovara guiado por locales. Observa aves y cocodrilos, aprende del ecosistema y relájate nadando en manantiales de aguas cristalinas."
OAX-001,Kongui Mil Islas,Oaxaca,San Miguel Soyaltepec,Temascal; Isla Soyaltepec el Viejo,México,18.233178,-96.418476,,Naturaleza | Senderismo | Artesanía | Gastronomía,Comunidad y vida cotidiana,María de Jesús Gómez Torres,"Alimentación, accesos, actividades de itinerario, guía, hospedaje",Máximo 20 personas,"Explora ""Kongui Mil Islas"" en Soyaltepec, una aventura que fusiona expediciones en lancha, avistamiento de aves y senderismo. Sumérgete en la cultura visitando una iglesia del siglo XVI, conoce a artesanas locales y disfruta de rituales, danza y gastronomía tradicional.",,,,,,,,2741361351 / 9581101048,cesar@sienteoaxaca.com,https://www.facebook.com/KonguiNaxijen/,https://www.instagram.com/kongui.temascal/,VERSIÓN 1 PLATAFORMA – Oaxaca,,,,,,,"Explora ""Kongui Mil Islas"" en Soyaltepec con paseos en lancha, aves y senderismo. Visita su iglesia del siglo XVI, conoce a artesanas locales, disfruta rituales, danzas y la deliciosa gastronomía tradicional oaxaqueña.","Explora ""Kongui Mil Islas"" en Soyaltepec con paseos en lancha, aves y senderismo. Visita su iglesia del siglo XVI, conoce a artesanas locales, disfruta rituales, danzas y la deliciosa gastronomía tradicional oaxaqueña."
OAX-002,Santiago Apoala,Oaxaca,Santiago Apoala,Santiago Apoala,México,17.651086,-97.138043,,Historia y arqueología | Naturaleza | Artesanía,Escenarios históricos,Joel Misael Jiménez Pérez,"El guía, uso de cascos y lámparas",Máximo 12 personas,"Sumérgete en la cultura mixteca con esta travesía por paisajes rocosos y cañones sagrados. Explora cascadas, grutas y pinturas rupestres mientras aprendes sobre códices y lengua original. Vive la tradición con talleres artesanales y conecta profundamente con la historia viva de Oaxaca.",,,,,,,,9517239668 / 9516455125 / 9515797013,joel_misael87@outlook.com,https://www.facebook.com/profile.php?id=100076323005001&locale=nn_NO#,https://www.instagram.com/ecoturismoapoala?igsh=MXBuaHFwOGV1YXRzNw==,VERSIÓN 1 PLATAFORMA – Oaxaca,,,,,,,"Explora cañones sagrados, cascadas y pinturas rupestres en la Mixteca. Aprende sobre códices, lenguas originarias y vive la tradición con talleres artesanales, conectando profundamente con la invaluable historia viva de Oaxaca.","Explora cañones sagrados, cascadas y pinturas rupestres en la Mixteca. Aprende sobre códices, lenguas originarias y vive la tradición con talleres artesanales, conectando profundamente con la invaluable historia viva de Oaxaca."
OAX-003,Recorre los Primeros Pueblos Mixtecos,Oaxaca,"Santo Domingo Yanhuitlán, San Juan Yucuita y Santa Maria Chachoapam","Santo Domingo Yanhuitlán, San Juan Yucuita y Santa Maria Chachoapam",México,17.068600,-96.720492,,Historia y arqueología | Artesanía | Gastronomía,Comunidad y vida cotidiana,Vicente Élfego Avendaño Gutierrez,"Servicios incluidos: -Transporte local Yanhuitlán -Comunidades. -Guías locales -1 taller ""colores de la tierra"" -Acceso a museo comunitario Yucuita -Hospedaje por 1 noche en habitación de hotel comunitario - Alimentos (2 desayunos, una comida y una cena)",Máximo 20 personas,"Recorre junto a guías locales los pueblos más antiguos de la Mixteca Alta y descubre centros ceremoniales, plantas medicinales, paisajes y vestigios de cerámica ancestral. Culmina la experiencia con la hospitalidad de familias locales y disfruta de su gastronomía y productos tradicionales.",,,,,,,,9511436046 / 9514557462,geoparque.mixtecaalta@gmail.com,https://www.facebook.com/profile.php?id=100063602033062&locale=es_LA,https://www.instagram.com/mixtecaaltageopark/,VERSIÓN 1 PLATAFORMA – Oaxaca,,,,,,,"Recorre la Mixteca Alta con guías locales. Descubre centros ceremoniales, herbolaria y cerámica ancestral. Finaliza disfrutando la hospitalidad, productos y la exquisita gastronomía tradicional de nuestras familias.","Recorre la Mixteca Alta con guías locales. Descubre centros ceremoniales, herbolaria y cerámica ancestral. Finaliza disfrutando la hospitalidad, productos y la exquisita gastronomía tradicional de nuestras familias."
OAX-004,Mixteca Alta,Oaxaca,Santo Domingo Yanhuitlán; Santo Domingo Tonaltepec; San Bartolo Soyaltepec,"Yanhuitlán, Vista Hermosa, Tonaltepec, Soyaltepec, Gavillera",México,17.526656,-97.343345,,Historia y arqueología | Naturaleza | Senderismo | Artesanía,Escenarios históricos,Xóchitl Ramírez Miguel,"Alimentos, Hospedaje, transportación al interior y actividades de Itinerario",Máximo 20 personas,"Explora las ""Tierras de Colores"" del Geoparque Mixteca Alta en una aventura inolvidable. Recorre geosenderos entre fósiles y formaciones rojizas, visita monumentos históricos del siglo XVI y participa en talleres ancestrales de cerámica y pigmentos naturales.",,,,,,,,5551006146,geoparque.mixtecaalta@gmail.com,https://www.facebook.com/p/Mixteca-Alta-Unesco-Global-Geopark-100063602033062/,https://www.instagram.com/mixtecaaltageopark/,VERSIÓN 1 PLATAFORMA – Oaxaca,,,,,,,"Explora el Geoparque Mixteca Alta. Recorre geosenderos entre fósiles y formaciones rojizas, visita monumentos del siglo XVI y participa en fascinantes talleres ancestrales de cerámica y elaboración de pigmentos naturales.","Explora el Geoparque Mixteca Alta. Recorre geosenderos entre fósiles y formaciones rojizas, visita monumentos del siglo XVI y participa en fascinantes talleres ancestrales de cerámica y elaboración de pigmentos naturales."
OAX-005,Rancho San Pedro,Oaxaca,,,México,17.5344863597313,-96.5529848179099,,Historia y arqueología | Naturaleza | Gastronomía,Escenarios históricos,Misael Alavez Pérez,,,,,,,,,,,9515240030,,,,VERSIÓN 1 PLATAFORMA – Oaxaca,,,,,,,"Hospédate en las cabañas de Rancho San Pedro. Descubre pinturas rupestres, un increíble mirador, cícadas protegidas, museo e iglesia comunitaria. Disfruta deliciosa comida tradicional con hongos y frutas de temporada.","Hospédate en las cabañas de Rancho San Pedro. Descubre pinturas rupestres, un increíble mirador, cícadas protegidas, museo e iglesia comunitaria. Disfruta deliciosa comida tradicional con hongos y frutas de temporada."
OAX-006,Senderos Del Otro Lado Del Agua,Oaxaca,San Juan Evangelista Analco,San Juan Evangelista Analco,México,17.403880,-96.531260,,Historia y arqueología | Naturaleza | Senderismo | Gastronomía,Naturaleza,Francisco Pacheco Pérez,"- Una noche de hospedaje en cabaña - 3 alimentos (Cena, desayuno y comida) - Guía - Agua",Máximo 20 personas,"Vive una aventura inolvidable en este centro ecoturístico, explorando senderos que conectan bosques templados y zonas cálidas. Disfruta un recorrido histórico-cultural, paseos en lancha por la laguna y una emocionante expedición a las grutas al amanecer. Hospédate en acogedoras cabañas y deléitate con la gastronomía local en una experiencia total.",,,,,,,,9511038563,comisariadoanalco@gmail.com,https://www.facebook.com/ecoturismo.laatziduu/,,VERSIÓN 1 PLATAFORMA – Oaxaca,,,,,,,"Explora senderos entre bosques y zonas cálidas en este centro ecoturístico. Disfruta recorridos culturales, paseos en lancha, expedición a grutas al amanecer, hospedaje en cabañas y deliciosa gastronomía local en una experiencia total.","Explora senderos entre bosques y zonas cálidas en este centro ecoturístico. Disfruta recorridos culturales, paseos en lancha, expedición a grutas al amanecer, hospedaje en cabañas y deliciosa gastronomía local en una experiencia total."
OAX-007,El bosque mesófilo y grutas,Oaxaca,Ixtlán de Juárez,Ixtlán de Juárez,México,17.329720,-96.454670,,Historia y arqueología | Naturaleza | Gastronomía,Naturaleza,Diego Pérez Sánchez,Hospedaje Alimentación Actividades Pago de Accesos,Máximo 40 personas,"Descubre la majestuosidad de Ixtlán de Juárez en una travesía inolvidable. Explora el bosque mesófilo, recorre impresionantes grutas y desafía tus sentidos en el mirador de cristal más alto de Latinoamérica. Conecta con la historia local, degusta la cocina serrana y descansa en cabañas rodeadas de la magia del bosque.",,,,,,,,9515536075 / 9511566712,ecoturixtlan@hotmail.com,https://www.facebook.com/ecoturismoixtlan/?locale=es_LA,https://www.instagram.com/ecoturixtlan.spr.de.rl/,VERSIÓN 1 PLATAFORMA – Oaxaca,,,,,,,"Descubre Ixtlán de Juárez explorando el bosque mesófilo y grutas. Desafía tus sentidos en el mirador de cristal más alto de Latinoamérica, degusta la cocina serrana y descansa en cabañas rodeadas de magia natural.","Descubre Ixtlán de Juárez explorando el bosque mesófilo y grutas. Desafía tus sentidos en el mirador de cristal más alto de Latinoamérica, degusta la cocina serrana y descansa en cabañas rodeadas de magia natural."
OAX-008,"Guelatao, Sendero De Historia Y Aventura.",Oaxaca,Guelatao de Juárez,Guelatao de Juárez,México,17.318511,-96.493323,,Historia y arqueología | Naturaleza | Senderismo | Gastronomía,Comunidad y vida cotidiana,Adriana Saraí López Paz- Guía comunitario; Alain Arain Santiago Garcia- Pte del Comisariado de Bienes Comunales,"Incluye: -Hospedaje en cabaña, sistema compartido -Alimentación: 2 desayunos y una cena -1 taller gastronómico -1 función de cine -2 recorridos guiados",Máximo 4 personas,"Vive la cuna de Benito Juárez a través de una inmersión comunitaria única. Explora paisajes serranos con senderismo interpretativo, disfruta del cine comunitario y talleres de cocina tradicional mientras te hospedas en acogedoras cabañas. La fusión perfecta entre patrimonio histórico, naturaleza e identidad colectiva.",,,,,,,,9515536010 / 9512033379 / 9516105338,na.guelatao@gmail.com,https://www.facebook.com/profile.php?id=61575213825019&locale=es_LA,https://www.instagram.com/guela_tao?utm_source=ig_web_button_share_sheet&igsh=ZDNlZDc0MzIxNw%3D%3D,VERSIÓN 1 PLATAFORMA – Oaxaca,,,,,,,"Vive la cuna de Benito Juárez con esta inmersión comunitaria. Explora sierras haciendo senderismo, disfruta cine local, talleres de cocina tradicional y descansa en cabañas. Una gran fusión de historia, naturaleza e identidad colectiva.","Vive la cuna de Benito Juárez con esta inmersión comunitaria. Explora sierras haciendo senderismo, disfruta cine local, talleres de cocina tradicional y descansa en cabañas. Una gran fusión de historia, naturaleza e identidad colectiva."
OAX-009,Capulalpam Mágico,Oaxaca,Capulálpam de Méndez,Capulálpam de Méndez,México,17.306697,-96.446622,,Historia y arqueología | Naturaleza | Gastronomía,Comunidad y vida cotidiana,"Pedro Altamirano Vásquez, Martha Martínez López, Antonio Arreortua Ramírez, Reyna Avendaño","Experiencia Turística: Naturaleza, historia, cultura y sanación mágica en Capulálpam de Méndez. La experiencia se desarrolla durante cuatro días e incluye recibimiento con limpia y masaje tradicional; hospedaje en cabañas comunitarias; cena de bienvenida; visita a la UMA de venados; desayuno en una casa de la comunidad; visita al Centro Medicinal Indígena Calpulli; Sendero de Pies Descalzos; comidas en Los Molinos; masajes y limpias; caminata a la Cueva con los Ojos Cerrados; Sendero del Canal; baño de temazcal; recorrido por el pueblo; visita al taller Jugueti Arte; comida; un taller comunitario a elegir (gastronomía, medicina tradicional, pan o conservas/ates); y participación en música y baile tradicional.",Máximo 20 personas,"Descubre Capulálpam de Méndez, un Pueblo Mágico que equilibra naturaleza, cultura y bienestar. Recorre sus bosques serranos, admira el templo de San Mateo y maravíllate con el avistamiento de aves. Sana cuerpo y espíritu con masajes tradicionales o un temazcal, y deléitate con la gastronomía oaxaqueña en esta experiencia inolvidable.",,,,,,,,9515392168 / 9513436882 / 9515325092,reservacionesecoturismo@gmail.com,https://www.facebook.com/ecoturismocomunitariocapulalpam/?locale=es_LA,,VERSIÓN 1 PLATAFORMA – Oaxaca,,,,,,,"Descubre Capulálpam, Pueblo Mágico. Recorre bosques, admira su templo y observa aves. Relaja cuerpo y mente con un temazcal o masaje tradicional, y deléitate con la rica gastronomía oaxaqueña en esta experiencia única.","Descubre Capulálpam, Pueblo Mágico. Recorre bosques, admira su templo y observa aves. Relaja cuerpo y mente con un temazcal o masaje tradicional, y deléitate con la rica gastronomía oaxaqueña en esta experiencia única."
OAX-010,Medicina Tradicional Indigena,Oaxaca,Capulálpam de Méndez,Capulálpam de Méndez,México,17.304038,-96.445654,,Artesanía,Saberes Tradicionales,Eliza Herrera Ortiz,Incluye: -Limpia de energía -Masaje curativo -Baño de temascal -Cerrada con reboso -Té e hidratación -Pago de acceso a la comunidad,Máximo 20 personas,"Siente el misticismo de Manos que curan. Libera tensiones con una limpia herbolaria, sana músculos mediante masajes terapéuticos y purifica toxinas dentro de un temazcal zapoteca de adobe. Culmina alineando tu energía con la ancestral cerrada de rebozo. El refugio perfecto para armonizar mente, cuerpo y espíritu.",,,,,,,,9511819874 / 9512783789,manosqcuran.salud@gmail.com,https://www.facebook.com/capulalpammanosquecuran?locale=es_LA,https://www.instagram.com/manosquecuran.capulalpam?utm_source=ig_web_button_share_sheet&igsh=ZDNlZDc0MzIxNw==,VERSIÓN 1 PLATAFORMA – Oaxaca,,,,,,,"Experimenta ""Manos que curan"". Libera tensiones con limpia herbolaria, sana músculos con masajes y purifícate en un temazcal zapoteca de adobe. Alinea tu energía con la cerrada de rebozo y armoniza mente, cuerpo y espíritu.","Experimenta ""Manos que curan"". Libera tensiones con limpia herbolaria, sana músculos con masajes y purifícate en un temazcal zapoteca de adobe. Alinea tu energía con la cerrada de rebozo y armoniza mente, cuerpo y espíritu."
OAX-011,Yaa Gatzi - San Miguel Amatlan,Oaxaca,San Miguel Amatlán,San Miguel Amatlán,México,17.278279,-96.474064,,Historia y arqueología | Naturaleza | Senderismo,Escenarios históricos,Laurencio Martínez López,-Guía local para la caminata -Recorrido por 3 minas -Comida en el rescate (platillo de trucha) -Visita a museo comunitario -Seguro de viajero -Acceso a Pueblos Mancomunados,Máximo 30 personas,"Explora San Miguel Amatlán, un tesoro zapoteco en la Sierra Norte de Oaxaca. Recorre senderos entre bosques de encino, adéntrate en antiguas minas de oro y plata, y descubre vestigios coloniales. Finaliza esta aventura con una deliciosa trucha fresca y visita el museo comunitario. ¡Una conexión viva con la historia!",,,,,,,,9513441228 / 9512109235 / 9512585903,ecoturismoyaagatsi@gmail.com,https://www.facebook.com/centroecoturisticoyagaatzi.sanmiguelamatlan/,https://www.instagram.com/ecoturismo_yaa_gatzi.23?utm_source=ig_web_button_share_sheet&igsh=ZDNlZDc0MzIxNw==,VERSIÓN 1 PLATAFORMA – Oaxaca,,,,,,,"Explora San Miguel Amatlán. Recorre bosques de encino, antiguas minas y vestigios coloniales en la Sierra Norte. Degusta deliciosa trucha fresca y visita su museo comunitario. ¡Una conexión viva con la historia zapoteca!","Explora San Miguel Amatlán. Recorre bosques de encino, antiguas minas y vestigios coloniales en la Sierra Norte. Degusta deliciosa trucha fresca y visita su museo comunitario. ¡Una conexión viva con la historia zapoteca!"
OAX-012,Lachatao,Oaxaca,Santa Catarina lachatao,Sta Catarina lachatao,México,17.268719,-96.473193,,Naturaleza | Senderismo | Gastronomía,Saberes Tradicionales,Ali Santiago Hernandez,INCLUYE: -Desayuno -Recorrido al cerro dle jaguar -Temazcal ceremonial -Comida,Máximo 10 personas,"Descubre la espiritualidad zapoteca en Santa Catarina Lachatao. Inicia con una caminata ceremonial al sagrado Cerro del Jaguar, un sitio de inmensa energía ancestral. Purifica tu cuerpo y espíritu con un baño de temazcal tradicional y culmina saboreando la gastronomía serrana. ¡Una conexión profunda con la naturaleza y herencia viva!",,,,,,,,9511597194,expedicioneslachatao@gmail.com,https://www.facebook.com/Lachataoexpediciones,,VERSIÓN 1 PLATAFORMA – Oaxaca,,,,,,,"Descubre la espiritualidad zapoteca en Lachatao. Camina al sagrado Cerro del Jaguar, purifícate con un baño de temazcal tradicional y saborea la gastronomía serrana. ¡Una profunda conexión con la naturaleza y la herencia viva!","Descubre la espiritualidad zapoteca en Lachatao. Camina al sagrado Cerro del Jaguar, purifícate con un baño de temazcal tradicional y saborea la gastronomía serrana. ¡Una profunda conexión con la naturaleza y la herencia viva!"
OAX-013,Ñu Kunda Nkuiñi,Oaxaca,santiago tilantongo,"San José Tres Laguna, San José Zaragoza, Santiago Tilantongo centro, Monte Negro y Hermenegildo Galeana",México,17.244726,-97.311098,,Naturaleza,Comunidad y vida cotidiana,Jonathan Neftali Santos Santiago,"hospedaje, alimentacion, guia, accesos, equipo de seguridad, actividades y tranasporte para llegar al destino y dentro del destino.",Máximo 30 personas,"Vive una experiencia de turismo comunitario en Santiago Tilantongo con una inmersión en la vida local. Disfruta del hospedaje tradicional, convive con la comunidad y descubre su patrimonio natural, cultural y gastronómico en un ambiente auténtico y acogedor.",,,,,,,,9514405814,nukundaecoturismo@gmail.com,https://www.facebook.com/profile.php?id=61566452963702,https://www.instagram.com/nukunda_touroperadora?igsh=OHJ0MDU3Znpncndp,VERSIÓN 1 PLATAFORMA – Oaxaca,,,,,,,"Vive el turismo comunitario en Santiago Tilantongo sumergiéndote en la vida local. Convive con la comunidad, disfruta hospedaje tradicional y descubre su rico patrimonio natural, cultural y gastronómico en un ambiente acogedor.","Vive el turismo comunitario en Santiago Tilantongo sumergiéndote en la vida local. Convive con la comunidad, disfruta hospedaje tradicional y descubre su rico patrimonio natural, cultural y gastronómico en un ambiente acogedor."
OAX-014,Latuvi,Oaxaca,Santa Catarina Lachatao,Latuvi,México,17.188647,-96.514288,,Naturaleza | Senderismo | Gastronomía,Saberes Tradicionales,Henry Contreras Santiago,-Acceso a Pueblos Mancomunados -Guia para un recorrido en Caminata -Comida -Agua -Temazcal -Seguro,Máximo 20 personas,"Adéntrate en Latuvi a través de una caminata de 10 km por la ruta ""El Molcajete"" hacia una cascada oculta. Reconéctate en entornos boscosos, disfruta de la gastronomía tradicional local y revitaliza tu cuerpo y espíritu con una sesión de temazcal ancestral guiado por la comunidad.",,,,,,,,9517637957 / 9514303733 / 9513103904,ecoturismolatuvipm@gmail.com,https://www.facebook.com/share/1ETbBLvxio/?mibextid=wwXIfr,https://www.instagram.com/expediciones_sierra_norte?utm_source=ig_web_button_share_sheet&igsh=ZDNlZDc0MzIxNw==,VERSIÓN 1 PLATAFORMA – Oaxaca,,,,,,,"Recorre 10 km en Latuvi por la ruta ""El Molcajete"" hacia una cascada oculta. Reconecta en el bosque, degusta gastronomía local y revitaliza cuerpo y espíritu con un temazcal ancestral guiado por la comunidad.","Recorre 10 km en Latuvi por la ruta ""El Molcajete"" hacia una cascada oculta. Reconecta en el bosque, degusta gastronomía local y revitaliza cuerpo y espíritu con un temazcal ancestral guiado por la comunidad."
OAX-015,Los Colores Del Maiz,Oaxaca,Santa Catarina Lachatao,La Nevería,México,17.127160,-96.524740,,Gastronomía,Gastronomía y actividades,Guillermo Roberto Yescas Lázaro,-Desayuno -Recorrido “Los Colores del Maíz” -Taller gastronómico y comida a base de maíz -Acceso,Máximo 75 personas,"Descubre la importancia del maíz en la cultura zapoteca recorriendo sus zonas de cultivo junto a un guía local. Participa en un taller de cocina tradicional con una familia de la comunidad, prepara tortillas, atoles y antojitos, y comparte los sabores y saberes de esta herencia ancestral.",,,,,,,,9511724651,ecoturismolaneveria@gmail.com,https://www.facebook.com/SSDigitalMk?locale=es_LA,https://www.instagram.com/ecoturismo_laneveria?utm_source=ig_web_button_share_sheet&igsh=ZDNlZDc0MzIxNw==,VERSIÓN 1 PLATAFORMA – Oaxaca,,,,,,,"Conoce la herencia del maíz zapoteco recorriendo cultivos con un guía. Únete a un taller de cocina con familias locales, prepara tortillas y atoles, y comparte los sabores y saberes de esta tradición ancestral.","Conoce la herencia del maíz zapoteco recorriendo cultivos con un guía. Únete a un taller de cocina con familias locales, prepara tortillas y atoles, y comparte los sabores y saberes de esta tradición ancestral."
OAX-016,Yaat Yana,Oaxaca,Santa Catarina Lachatao,Benito Juárez,México,17.113702,-96.491753,,Naturaleza | Senderismo,Comunidad y vida cotidiana,Amador Hernández Santiago,Incluye: -Acceso a Pueblos Mancomunados -Recorrido y Taller gastronómico en la Granja del Señor Elí -Comida en la Granja del Señor Elí -Guía local para 1 ruta de caminata -Accesos al Puente Colgante -Seguro de viajero,Máximo 40 personas,"Vive una experiencia de turismo comunitario en Benito Juárez y comparte un estilo de vida sostenible con familias locales. Conoce sus usos y costumbres, el manejo de una granja familiar y recorre senderos que conducen al Mirador de Benito Juárez, con impresionantes vistas naturales.",,,,,,,,9513802856 / 9514418833 / 9516365656,ecoturismobenitojuarez@gmail.com,https://www.facebook.com/ecoturismo.benitojuarez,https://www.instagram.com/ecotur_benitojuarez/,VERSIÓN 1 PLATAFORMA – Oaxaca,,,,,,,"Vive el turismo comunitario en Benito Juárez compartiendo con familias locales. Conoce sus costumbres, descubre el manejo de granjas y recorre senderos hacia el mirador para disfrutar de impresionantes vistas naturales.","Vive el turismo comunitario en Benito Juárez compartiendo con familias locales. Conoce sus costumbres, descubre el manejo de granjas y recorre senderos hacia el mirador para disfrutar de impresionantes vistas naturales."
OAX-017,Yaa-Cuetzi,Oaxaca,San Miguel Amatlán,Cuajimoloyas,México,17.117586,-96.454848,,Naturaleza | Gastronomía,Naturaleza,Anselmo Luis López,Guía para recorrido micológico taller gastronómico y comida Acceso a puente colgante Seguro,Máximo 20 personas,"Explora Cuajimoloyas, capital de los hongos silvestres, en una aventura inmersiva. Acompañado por un guía local, recorre el bosque para identificar y recolectar ejemplares únicos. Aprende secretos culinarios con una cocinera tradicional, prepara platillos exquisitos y culmina cruzando su puente colgante. ¡Vive una conexión auténtica con la naturaleza y gastronomía!",,,,,,,,9515245024 / 9512083168,cuajimoloyasyaacuetzi@gmail.com,https://www.facebook.com/yaacuetzi/?locale=es_LA,https://www.instagram.com/cuaji_yaacuetzi?utm_source=ig_web_button_share_sheet&igsh=ZDNlZDc0MzIxNw==,VERSIÓN 1 PLATAFORMA – Oaxaca,,,,,,,"Explora Cuajimoloyas, capital de los hongos silvestres. Recolecta ejemplares con guías locales, aprende secretos de cocineras tradicionales preparando exquisitos platillos y cruza su puente colgante.","Explora Cuajimoloyas, capital de los hongos silvestres. Recolecta ejemplares con guías locales, aprende secretos de cocineras tradicionales preparando exquisitos platillos y cruza su puente colgante."
OAX-018,Llano Grande,Oaxaca,San Miguel Amatlán,Llano Grande,México,17.147450,-96.410690,,Naturaleza | Senderismo | Artesanía | Gastronomía,Naturaleza,Martín Santiago Ramos,"Inlcuye: -1 Recorrido de caminata -1 taller d epan serrano -Hospedaje en cabañas -Alimentos marcados en itinerario (Dia uno comida y cena, día 2 desayuno) -Experiencia al amanecer -Acceso -Impuestos",Máximo 30 personas,"Contempla el despertar de la sierra norte oaxaqueña. A través de una travesía que fusiona senderismo boscoso, el cálido oficio de la panadería artesanal serreña en hornos de barro y noches de absoluta paz en cabañas, culminando con el espectáculo de un amanecer único en las alturas. Una pausa necesaria.",,,,,,,,9514754746 / 9514644462,ecoturismollanogrande.7@gmail.com,https://www.facebook.com/ecoturismo.llanogrande?locale=es_LA,,VERSIÓN 1 PLATAFORMA – Oaxaca,,,,,,,"Contempla el despertar de la Sierra Norte oaxaqueña. Disfruta senderismo boscoso, panadería artesanal en hornos de barro y noches de paz en cabañas. Culmina esta pausa necesaria con un amanecer único desde las alturas.","Contempla el despertar de la Sierra Norte oaxaqueña. Disfruta senderismo boscoso, panadería artesanal en hornos de barro y noches de paz en cabañas. Culmina esta pausa necesaria con un amanecer único desde las alturas."
OAX-019,Ceremonias Holisticas Oazeni,Oaxaca,San Pedro Cajonos,San Pedro Cajonos,México,17.167056,-96.262517,,Naturaleza,Naturaleza,Usiel Ortiz Gallardo,"Hospedaje Guía turitico Alimentos Talleres (artesanias, pan)",Máximo 20 personas,"Conecta con la naturaleza y contigo mismo mediante ceremonias holísticas al aire libre, diseñadas para favorecer la paz, la tranquilidad y el bienestar espiritual en entornos naturales que invitan a la contemplación y la conexión consciente.",,,,,,,,9511962933 / 2205905006,ceremoniasholisticasoazenispc1@gmail.com,https://www.facebook.com/share/v/1BnWh1qe1J/,https://www.instagram.com/ceremonias_oazeni?igsh=MXBjamdrNWJ6ZWpqMg==,VERSIÓN 1 PLATAFORMA – Oaxaca,,,,,,,"Conecta con tu interior y la naturaleza mediante ceremonias holísticas al aire libre. Disfruta entornos naturales que favorecen la paz, la tranquilidad, el bienestar espiritual, la contemplación y una profunda conexión consciente.","Conecta con tu interior y la naturaleza mediante ceremonias holísticas al aire libre. Disfruta entornos naturales que favorecen la paz, la tranquilidad, el bienestar espiritual, la contemplación y una profunda conexión consciente."
OAX-020,Pueblos Mancomunados,Oaxaca,"San Miguel Amatlán, Santa Catarina Lachatao, Santa Maria Yavesia","Llano Grande, Cuajimoloyas, Benito Juárez, La Neveria, Latuvi, Lachatao, Amatlán",México,17.065159,-96.725507,,Naturaleza | Senderismo | Gastronomía,Comunidad y vida cotidiana,Angelina Martínez Pérez,"INCLUYE: -Transporte viaje redondo, Oaxaca – Sierra Norte – Oaxaca -6 noches de hospedaje en cabañas de Sierra Norte -Alimentos mencionados en el itinerario -Guías locales para 7 rutas de caminata -Taller de pan serrano en Llano Grande -Recorrido de plantas medicinales con degustación de té en Cuajimoloyas -Acceso al puente colgante de Benito Juárez -Visita a una casa de familia en Benito Juárez -Taller gastronómico en Nevería -Accesos a la zona del Mancomún -Seguro de viajero",Máximo 20 personas,"Embárcate en ""Al corazón del Mancomún"", una expedición de siete días por los Pueblos Mancomunados de la Sierra Norte de Oaxaca. Recorre senderos ancestrales entre comunidades zapotecas, participa en talleres de gastronomía local y medicina tradicional.",,,,,,,,9513103904 / 9511285865,info@sierranorte.org.mx,https://www.facebook.com/ESNPueblosMancomunados#,https://www.instagram.com/expediciones_sierra_norte,VERSIÓN 1 PLATAFORMA – Oaxaca,,,,,,,"Vive ""Al corazón del Mancomún"", expedición de siete días por los Pueblos Mancomunados de la Sierra Norte. Recorre senderos ancestrales zapotecos y participa activamente en talleres de gastronomía local y herbolaria tradicional.","Vive ""Al corazón del Mancomún"", expedición de siete días por los Pueblos Mancomunados de la Sierra Norte. Recorre senderos ancestrales zapotecos y participa activamente en talleres de gastronomía local y herbolaria tradicional."
OAX-021,Nacion Mixe,Oaxaca,"Ayutla, Tlahuitoltepec, totontepec","Ayutla, tlahuitoltepec, yacochi, huitepec, totontepec",México,17.033190,-96.074512,,Naturaleza | Artesanía | Gastronomía,Comunidad y vida cotidiana,Uriel Alcantara Vasquez,"Translado Oaxaca- Sierra Mixe - Oaxaca Hospedaje en hotel familiar, habitación doble Alimentación (2 desayunos, 2 comida y una cena) Visita a dos talleres de artesanos Guia local para una caminata al bosque mésofilo Tour leader para toda la gira Seguro de transporte turísito Accesos y cuotas comunitarias",Máximo 15 personas,"Vive una inmersión cultural de dos días por la Sierra Mixe visitando tres comunidades. Descubre la preparación del machucado, conoce talleres de alfarería y textiles, hospédate en Totontepec, disfruta la cocina tradicional, recorre el bosque mesófilo y explora cascadas y vestigios del pueblo antiguo.",,,,,,,,9514935126 / 9512286324,nacionmixe@gmail.com,https://www.facebook.com/unionturisticanacionmixe?locale=es_LA,https://www.instagram.com/nacion_mixe?igsh=MXh5NjFvcnM3eHR6OQ==,VERSIÓN 1 PLATAFORMA – Oaxaca,,,,,,,"Explora la Sierra Mixe en dos días visitando tres comunidades. Hospédate en Totontepec, prueba el machucado, conoce talleres artesanales, recorre el bosque mesófilo, maravíllate con cascadas antiguas y disfruta la cocina tradicional local.","Explora la Sierra Mixe en dos días visitando tres comunidades. Hospédate en Totontepec, prueba el machucado, conoce talleres artesanales, recorre el bosque mesófilo, maravíllate con cascadas antiguas y disfruta la cocina tradicional local."
OAX-022,Nazaa Teotitlan,Oaxaca,Teotitlán del Valle,Teotitlán del Valle,México,17.030520,-96.519140,,Historia y arqueología | Naturaleza | Artesanía | Gastronomía,Comunidad y vida cotidiana,Pedro Vicente Martínez,- Senderismo/Bicicletas - Guía - Desayuno - Taller de tapetes y velas - Recorrido por centro histórico - Comida,Máximo 10 personas,"Descubre la riqueza cultural, natural y ancestral de Teotitlán del Valle a través de experiencias auténticas que celebran su historia, identidad, gastronomía, artesanías y cosmovisión,",,,,,,,,9512236001 / 9512416443,nazaatours@gmail.com,https://www.facebook.com/share/1EBz6ZnZLF/?mibextid=wwXIfr,https://www.instagram.com/nazaateotitlan/,VERSIÓN 1 PLATAFORMA – Oaxaca,,,,,,,"Descubre la riqueza cultural, natural y ancestral de Teotitlán del Valle a través de experiencias auténticas que celebran su historia, identidad, gastronomía, artesanías y cosmovisión,","Descubre la riqueza cultural, natural y ancestral de Teotitlán del Valle a través de experiencias auténticas que celebran su historia, identidad, gastronomía, artesanías y cosmovisión,"
OAX-023,Real Minero,Oaxaca,Santa Catarina Minas,Santa Catarina Minas,México,16.779469,-96.617689,,Naturaleza | Artesanía | Gastronomía,Saberes Tradicionales,Graciela Ángeles Carreño,"Recorrido por el jardín etnobotánico de Proyecto LAM, enfocado en el rescate, conservación y propagación de agaves; visita al palenque de Real Minero para conocer el proceso de elaboración de destilados; y degustación de 4 mezcales en un ejercicio sensorial.",Máximo 25 personas,"Descubre un proyecto de turismo comunitario liderado por mujeres que promueve la conservación de la biodiversidad y el patrimonio cultural. Recorre un jardín interpretativo con especies de agave y un palenque tradicional, donde conocerás la producción artesanal con destilación en ollas de barro.",,,,,,,,9515206139 / 9511292071 / 5588064601,info@realminero.com.mx,https://www.facebook.com/realminerooficial,https://www.instagram.com/realminerooficial/,VERSIÓN 1 PLATAFORMA – Oaxaca,,,,,,,Apoya un proyecto turístico comunitario de mujeres que preserva la biodiversidad. Recorre un jardín de agaves y un palenque tradicional para aprender sobre la destilación artesanal de mezcal en auténticas ollas de barro.,Apoya un proyecto turístico comunitario de mujeres que preserva la biodiversidad. Recorre un jardín de agaves y un palenque tradicional para aprender sobre la destilación artesanal de mezcal en auténticas ollas de barro.
OAX-024,San Sebastian de las Grutas,Oaxaca,,,México,16.6303416940669,-96.968512312962,,Naturaleza | Senderismo | Gastronomía,Naturaleza,René Juan García García,,,,,,,,,,,9515835482 / 9518478038,,https://www.facebook.com/profile.php?id=61578825543767,https://www.instagram.com/san_sebastian_de_las_grutas_1?fbclid=IwY2xjawTLjF5leHRuA2FlbQIxMABicmlkETF3R0Q0V1l0cEtnSTBMNzgzc3J0YwZhcHBfaWQQMjIyMDM5MTc4ODIwMDg5MgABHh5arldthJ-_E7rXGVApYj67V5FpjDnGJKGOMxl8ogPyjuoSQzbHJQtVA9DJ_aem_HBlRkInMMFnjkX7KnZlVQg,VERSIÓN 1 PLATAFORMA – Oaxaca,,,,,,,"Explora San Sebastián de las Grutas: haz senderismo hacia el río subterráneo, formaciones rocosas y tumbas prehispánicas. Descansa seguro en cabañas o campamento y deléitate con la tradicional sopa de guías.","Explora San Sebastián de las Grutas: haz senderismo hacia el río subterráneo, formaciones rocosas y tumbas prehispánicas. Descansa seguro en cabañas o campamento y deléitate con la tradicional sopa de guías."
OAX-025,Thanamiel,Oaxaca,Villa de Tututepec,"Chacahua, La grua",México,15.969265,-97.685638,,Naturaleza | Artesanía,Naturaleza,"Justino Cervantes Bolaños, Heriberto Guadalupe Dominguez Gasga","Guia, paseo en lancha redondo, chaleco salvavidas, equipo de protección para apiario, 1 litro de agua y relleno, cata - degustación de 5 tipos de mieles, 1 fruta, souvenir",Máximo 10 personas,"Vive una inmersión fascinante en la naturaleza costera. Recorre manglares mientras aprendes sobre su vital importancia biológica y cultural. En el apiario ""El Corazón"", descubre el asombroso mundo de las abejas, manipula una colmena con equipo especializado y culmina tu experiencia con una exquisita cata de mieles artesanales.",,,,,,,,9541089042 / 9541006762,thanamiel@gmail.com,https://www.facebook.com/profile.php?id=100076323005001&locale=nn_NO#,https://www.instagram.com/thanamiel?igsh=MWJqZWZpY2p3MHp1MA==,VERSIÓN 1 PLATAFORMA – Oaxaca,,,,,,,"Explora manglares descubriendo su importancia biológica. En el apiario ""El Corazón"", sumérgete en el mundo de las abejas, manipula colmenas con equipo especializado y culmina tu aventura con una exquisita cata de mieles artesanales.","Explora manglares descubriendo su importancia biológica. En el apiario ""El Corazón"", sumérgete en el mundo de las abejas, manipula colmenas con equipo especializado y culmina tu aventura con una exquisita cata de mieles artesanales."
OAX-026,Tututepec Mágico,Oaxaca,Villa de Tututepec de Melchor Ocampo,El Zapotalito y San Pedro Tututepec,México,15.987460,-97.550110,,Historia y arqueología | Naturaleza,Escenarios históricos,Vicente Piza Romero,"Guías locales; experiencia cultural en Cerro Yucu Saa; visita a museo y murales (palacio municipal); tour de bioluminiscencia y manglar; una noche de hospedaje (cabaña 2 camas); tour de kayak al amanecer; 3 alimentos (comida, cena del día 1 y desayuno del día 2).",Máximo 10 personas,"Descubre la esencia mixteca en un viaje inolvidable. Explora museos y murales en Tututepec, y adéntrate en las Lagunas de Chacahua. Vive la magia de la bioluminiscencia al atardecer, recorre manglares en kayak al amanecer y conecta con la naturaleza entre cocodrilos, aves y paisajes costeros.",,,,,,,,9541672385 / 9541466618,chacahua.aventura@gmail.com,https://www.facebook.com/AventurayEcoturismoLagunasdeChacahua/,https://www.instagram.com/aventurayecoturismo?,VERSIÓN 1 PLATAFORMA – Oaxaca,,,,,,,"Explora murales en Tututepec y adéntrate en Chacahua. Vive la bioluminiscencia al atardecer, recorre manglares en kayak al amanecer y conecta con la naturaleza entre cocodrilos, aves y espectaculares paisajes costeros mixtecos.","Explora murales en Tututepec y adéntrate en Chacahua. Vive la bioluminiscencia al atardecer, recorre manglares en kayak al amanecer y conecta con la naturaleza entre cocodrilos, aves y espectaculares paisajes costeros mixtecos."
OAX-027,Manialtepec Natural,Oaxaca,Villa de Tututepec,San José Manialtepec,México,15.974350,-97.243880,,Naturaleza | Senderismo | Artesanía | Gastronomía,Comunidad y vida cotidiana,Itsel Guadalupe Villavicencio González,Cabalgata Taller de quesos Comida Entradas a aguas termales y a la comunidad,Máximo 15 personas,"Vive una jornada inolvidable entre tradición y naturaleza. Aprende el arte de elaborar quesos artesanales y disfruta una emocionante cabalgata por senderos que te llevan al nacimiento de aguas termales. Concluye tu experiencia relajándote en sus cálidas aguas, observando la flora local y degustando la exquisita gastronomía de la región.",,,,,,,,9618983019 / 9541674526,ecoturismomanialtepec@gmail.com,https://www.facebook.com/p/Servicios-Ecoturisticos-de-Manialtepec-100063529991694/,https://www.instagram.com/ecoturismo_manialtepec/,VERSIÓN 1 PLATAFORMA – Oaxaca,,,,,,,Elabora quesos artesanales y disfruta una cabalgata hacia hermosas aguas termales. Concluye tu experiencia relajándote en sus cálidas aguas mientras observas la flora local y degustas la exquisita gastronomía tradicional de la región.,Elabora quesos artesanales y disfruta una cabalgata hacia hermosas aguas termales. Concluye tu experiencia relajándote en sus cálidas aguas mientras observas la flora local y degustas la exquisita gastronomía tradicional de la región.
OAX-028,Latidos de Naturaleza y Comunidad,Oaxaca,"Villa de Tututepec de Melchor, San Pedro Mixtepec, Santa María Tonameca, San Pedro Pochutla y Santa María Huatulco","El Zapotalico, San José Manialtepec, Ba Jos de Chila, la Ventanilla, Arroyo Xúchitl, San Miguel del Puerto,; Santa Cruz Huatulco, la Jabalina, Copalita",México,15.956820,-97.241220,,Naturaleza | Senderismo | Gastronomía,Naturaleza,Irving Ulises Barrera Miranda,"- 10 noches de hospedaje (cabaña y hotel de 3 estrellas) - Transportación terrestre durante toda la ruta - Coordinador bilingüe durante toda la ruta - Pick up y drop off al aeropuerto - 19 Alimentos entre desayuno, comidas y cenas. - 11 experiencias de turismo comunitario (énfasis en turismo de naturaleza) - Guías locales acreditados - Equipo de seguridad en las actividades que se requiera",Máximo 10 personas,"Embárcate en la ""Ruta Costa Magia"", un viaje inolvidable por la Costa de Oaxaca. Desde Puerto Escondido hasta Huatulco, vive una inmersión auténtica participando en monitoreo de tortugas, safaris en lagunas, senderismo selvático y talleres tradicionales.",,,,,,,,9541135809,info@costamagia.com,https://www.facebook.com/costamagia,https://www.instagram.com/costamagia/,VERSIÓN 1 PLATAFORMA – Oaxaca,,,,,,,"Embárcate en la ""Ruta Costa Magia"" desde Puerto Escondido hasta Huatulco. Vive una inmersión oaxaqueña auténtica con monitoreo de tortugas marinas, safaris en lagunas, senderismo selvático y talleres de tradiciones locales.","Embárcate en la ""Ruta Costa Magia"" desde Puerto Escondido hasta Huatulco. Vive una inmersión oaxaqueña auténtica con monitoreo de tortugas marinas, safaris en lagunas, senderismo selvático y talleres de tradiciones locales."
OAX-029,Tortugas de Vivemar,Oaxaca,"San Pedro Mixtepec, Santiago Cuixtla, Villa de Tututepec de Melchor Ocampo",Bajos de Chila,México,15.917430,-97.120061,,Naturaleza | Gastronomía,Naturaleza,Hugo Mar Ibañez Juárez,-Cena -Guia -Renta de cuatrimonoto para el recorrido -Monitoreo,Máximo 18 personas,"Vive una experiencia transformadora con Vivemar, organización líder en la conservación de tortugas marinas. Disfruta una cena local antes de iniciar un recorrido nocturno por 27 kilómetros de playa. Participa en el monitoreo de desoves, observa la Vía Láctea y libera crías al mar.",,,,,,,,9541145568 / 9545441330 / 9541269558,vivemar.sc@gmail.com,https://www.facebook.com/vivemar.tortugasmarinas,https://www.instagram.com/vivemar_ong/?hl=es,VERSIÓN 1 PLATAFORMA – Oaxaca,,,,,,,"Conserva tortugas marinas con Vivemar. Disfruta cena local y un recorrido nocturno por la playa. Participa activamente en el monitoreo de desoves, observa la imponente Vía Láctea y libera tiernas crías directamente al mar.","Conserva tortugas marinas con Vivemar. Disfruta cena local y un recorrido nocturno por la playa. Participa activamente en el monitoreo de desoves, observa la imponente Vía Láctea y libera tiernas crías directamente al mar."
OAX-030,Manglares de la Ventanilla,Oaxaca,Santa María Tonameca,La ventanilla,México,15.670070,-96.575000,,Naturaleza | Gastronomía,Naturaleza,Eulalio Cortez Reyes,Hospedaje; experiencia de cocodrilo; liberación de tortugas; alimentos; guía de turista.,Máximo 20 personas,"Sumérgete en la riqueza natural de la costa oaxaqueña. Explora los manglares y maravíllate observando cocodrilos, venados, tortugas y aves exóticas en su hábitat. Disfruta una deliciosa comida tradicional de la región y culmina tu jornada participando en la emotiva liberación de tortugas al mar.",,,,,,,,9581060891 / 9585833287,contacto@laventanilla.com,https://www.facebook.com/laventanilla/?locale=es_LA,https://www.instagram.com/laventanilla?,VERSIÓN 1 PLATAFORMA – Oaxaca,,,,,,,"Explora los manglares de la costa oaxaqueña y observa cocodrilos, venados, tortugas y aves exóticas en su hábitat. Disfruta una comida tradicional y culmina la jornada participando en una emotiva liberación de tortugas al mar.","Explora los manglares de la costa oaxaqueña y observa cocodrilos, venados, tortugas y aves exóticas en su hábitat. Disfruta una comida tradicional y culmina la jornada participando en una emotiva liberación de tortugas al mar."
OAX-031,Tortugas y Conservacion Comunitaria,Oaxaca,Santa María Huatulco,Cacaluta (nivel 3) Acceso; La Bocana (nivel 1) Acceso; Punta Arena (nivel 2) Acceso,México,15.735245,-96.158969,,Naturaleza | Senderismo | Gastronomía,Naturaleza,Juan Trujano Dolores,"Guía de turista, recorrido, transporte, brazalete de acceso, agua, equipo, café, snacks, guía bilingüe en caso de que se requiera.",Máximo 20 personas,"Vive una aventura inolvidable en las costas de Oaxaca. Partiendo de Huatulco, recorre un sendero mágico bajo la luz de la luna hasta una playa virgen. Conviértete en un protector de tortugas marinas, aprendiendo sobre su ciclo de vida mientras participas en una emocionante jornada nocturna de monitoreo y conservación.",,,,,,,,9581065308,ctortugashuatulco@gmail.com,https://www.facebook.com/profile.php?id=100081096086065#,https://www.instagram.com/tortuguero_huatulco_pe/,VERSIÓN 1 PLATAFORMA – Oaxaca,,,,,,,"Desde Huatulco, camina bajo la luna por un sendero hacia una playa virgen. Conviértete en protector de tortugas marinas aprendiendo su ciclo de vida y participando en una emocionante jornada nocturna de monitoreo ambiental.","Desde Huatulco, camina bajo la luna por un sendero hacia una playa virgen. Conviértete en protector de tortugas marinas aprendiendo su ciclo de vida y participando en una emocionante jornada nocturna de monitoreo ambiental."
PUE-001,Senderos de Xicotepec,Puebla,Xicotepec,Ixtepec,México,20.288942,-97.954115,,Naturaleza | Senderismo,Naturaleza,Alejandro Hernández Marcial,Recorrido por senderos.,Máximo 15 personas,"Recorre y disfruta la exuberante naturaleza a través de una impresionante red de 110 kilómetros de caminos de montaña, donde con cada paso contribuirás activamente a la conservación ambiental de la región y al bienestar de las comunidades locales en una aventura abierta para todos.",,,,,,,,7641032345,hermalex123@gmail.com,https://www.facebook.com/senderosdexicotepec?locale=es_LA,https://www.instagram.com/senderosdexicotepec/?hl=es,VERSIÓN 1 PLATAFORMA – Puebla,,,,,,,"Explora 110 km de senderos montañosos en la naturaleza. En esta aventura accesible para todos, cada paso apoyará la conservación ambiental y el bienestar de las comunidades locales.","Explora 110 km de senderos montañosos en la naturaleza. En esta aventura accesible para todos, cada paso apoyará la conservación ambiental y el bienestar de las comunidades locales."
PUE-002,Finca Cafetalera,Puebla,Huauchinango,Huauchinango,México,20.200951,-98.052229,,Senderismo | Gastronomía,Gastronomía y actividades,Adelfo Primitivo Ávila Mejía,"Estacionamiento, guía turístico especializado, recorrido, uso de instalaciones, alimentos",Máximo 40 personas,"Adéntrate en la Bioruta del Café de Puebla en Huauchinango y disfruta la experiencia “del campo a la taza”. Recorre una finca cafetalera, disfruta rutas de senderismo, hospédate en cabañas y, durante el verano, maravíllate con el avistamiento de luciérnagas.",,,,,,,,7761016155,adelfoprimitivo@gmail.com,https://www.facebook.com/buenavistabeds,https://www.instagram.com/ecoturismobuenavista?utm_source=ig_web_button_share_sheet&igsh=ZDNlZDc0MzIxNw==,VERSIÓN 1 PLATAFORMA – Puebla,,,,,,,"Recorre la Bioruta del Café en Huauchinango ""del campo a la taza"". Visita una finca cafetalera, haz senderismo, descansa en cabañas y maravíllate con las luciérnagas en verano.","Recorre la Bioruta del Café en Huauchinango ""del campo a la taza"". Visita una finca cafetalera, haz senderismo, descansa en cabañas y maravíllate con las luciérnagas en verano."
PUE-003,Kakiwin Tutunaku,Puebla,Huehuetla,Huehuetla,México,20.097850,-97.628127,,Naturaleza | Artesanía | Gastronomía,Gastronomía y actividades,Zenaida García Vegas,"Hospedaje, alimentos y talleres",Máximo 40 personas,"Vive una experiencia que acerca a la vida de la mujer totonaca mediante el alojamiento en cabañas, la gastronomía tradicional, la naturaleza y talleres de artesanías. Conecta con la cultura y las tradiciones de la comunidad en un entorno auténtico y acogedor.",,,,,,,,2331013461,kakiwintotonaku6@gmail.com,https://www.facebook.com/kakiwin.tutunaku,https://www.instagram.com/kakiwin_tutunaku_oficial?utm_source=ig_web_button_share_sheet&igsh=ZDNlZDc0MzIxNw==,VERSIÓN 1 PLATAFORMA – Puebla,,,,,,,"Aprende sobre la vida de la mujer totonaca mediante el alojamiento en cabañas, la gastronomía tradicional, la naturaleza y talleres de artesanías. Conecta con la cultura y las tradiciones de la comunidad en un entorno auténtico y acogedor.","Aprende sobre la vida de la mujer totonaca mediante el alojamiento en cabañas, la gastronomía tradicional, la naturaleza y talleres de artesanías. Conecta con la cultura y las tradiciones de la comunidad en un entorno auténtico y acogedor."
PUE-004,Esencia Rural,Puebla,Cuetzalan del Progreso,Ayotzinapan,México,20.055908,-97.534647,,Naturaleza | Artesanía | Gastronomía,Talleres,Miguel Alaya Rosario,"El recorrido en biorutas, materiales para las experiencias",Máximo 70 personas,"Descubre el café como protagonista de un bosque comestible rodeado de flora medicinal, ornamental y maderable. Complementa la experiencia con la Ruta de las Abejas Nativas sin Aguijón, el Piloncillo Artesanal, talleres de cocina de humo y alojamiento rural en contacto con la naturaleza.",,,,,,,,2331158080,malaya14140101@gmail.com,https://www.facebook.com/cuetzalanecoturismorural?locale=es_LA,https://www.instagram.com/ecoturismo_esencia_rural?utm_source=ig_web_button_share_sheet&igsh=ZDNlZDc0MzIxNw==,VERSIÓN 1 PLATAFORMA – Puebla,,,,,,,"Descubre el café en un bosque comestible medicinal. Disfruta la Ruta de Abejas Nativas, piloncillo artesanal, talleres de cocina de humo y un relajante alojamiento rural en la naturaleza.","Descubre el café en un bosque comestible medicinal. Disfruta la Ruta de Abejas Nativas, piloncillo artesanal, talleres de cocina de humo y un relajante alojamiento rural en la naturaleza."
PUE-005,Talmatinih Tahpianih,Puebla,Zoquiapan,El Arenal,México,20.012868,-97.582870,,Naturaleza | Gastronomía,Saberes Tradicionales,Maricela Mariano Rodríguez y Eloisa Hernández Rodríguez,Recorrido a los atractivos.,Máximo 120 personas,"Descubre la comunidad de El Arenal a través de recorridos guiados, experiencias gastronómicas y visitas a sus cascadas. Conecta con las tradiciones locales participando en rituales ancestrales y disfruta de una experiencia organizada por habitantes de la comunidad.",,,,,,,,2331133811 / 2331204015,talmatinih.tahpianih@gmail.com,https://www.facebook.com/cuidadores.talmatinih,https://www.instagram.com/cuidadores.talmatinih?utm_source=ig_web_button_share_sheet&igsh=ZDNlZDc0MzIxNw==,VERSIÓN 1 PLATAFORMA – Puebla,,,,,,,"Descubre El Arenal con guías comunitarios. Disfruta increíbles cascadas, deliciosa gastronomía y conecta con tradiciones locales participando en auténticos rituales ancestrales con sus habitantes.","Descubre El Arenal con guías comunitarios. Disfruta increíbles cascadas, deliciosa gastronomía y conecta con tradiciones locales participando en auténticos rituales ancestrales con sus habitantes."
PUE-006,Jardín Botánico Xoxoxtic,Puebla,Cuetzalan,Acaxiloco,México,20.040607,-97.509861,,Historia y arqueología | Naturaleza,Naturaleza,Marcos Vinicio Gómez Cervantes,"Entrada al jardín, tiempo libre y un recorrido guiado.",Máximo 20 personas,Recorre un museo vivo que resguarda colecciones de flora y fauna de Cuetzalan del Progreso. Descubre la riqueza de sus paisajes y comprende la importancia de conservar y compartir la biodiversidad a través de una experiencia educativa y en contacto con la naturaleza.,,,,,,,,2331017592 / 5575595897,umaxoxoctic@gmail.com,https://www.facebook.com/jbxoxoctic?locale=es_LA,https://www.instagram.com/jardin.xoxoctic/,VERSIÓN 1 PLATAFORMA – Puebla,,,,,,,Recorre un museo vivo de flora y fauna en Cuetzalan. Descubre hermosos paisajes y aprende a conservar la biodiversidad mediante una experiencia educativa en pleno contacto con la naturaleza.,Recorre un museo vivo de flora y fauna en Cuetzalan. Descubre hermosos paisajes y aprende a conservar la biodiversidad mediante una experiencia educativa en pleno contacto con la naturaleza.
PUE-007,Tosepan Kalli,Puebla,Cuetzalan y Zautla,"Nahuiogpan, Tonalix Tzinacapan, Pinahuistan Yohualichan, Reyeshogpan, Cuapan Cuahutapanaloyan, Coutamazaco Tzicuilan, pertenecientes al municipio de Cuetzalan y San Miguel de las Ollas, Perteneciente al municipio de Zautla.",México,20.030633,-97.527652,,Naturaleza | Artesanía | Gastronomía,Comunidad y vida cotidiana,Antonio Heredia Vázquez,"Entrada a los atractivos turísticos, practicas comunitarias,transporte local,alimentos, servicio de guías, alimentos y hospedaje.",Máximo 96 personas,"Vive una inmersión en las comunidades nahuas de la Sierra Nororiental de Puebla y conoce su organización cooperativa, ecotecnias y el Koujtakiloyan. Comparte con familias anfitrionas experiencias como la cosecha de miel, canela, piloncillo, chocolate o barro, y disfruta de su gastronomía tradicional.",,,,,,,,2333310925 / 2311010521 / 2311014565,reservaciones@tosepankali.com,https://www.facebook.com/TosepanKali,https://www.instagram.com/tosepankali?utm_source=ig_web_button_share_sheet&igsh=ZDNlZDc0MzIxNw==,VERSIÓN 1 PLATAFORMA – Puebla,,,,,,,"Sumérgete en las comunidades nahuas de la Sierra de Puebla. Conoce sus ecotecnias, comparte la cosecha de miel, piloncillo o canela con familias anfitrionas y disfruta su rica gastronomía.","Sumérgete en las comunidades nahuas de la Sierra de Puebla. Conoce sus ecotecnias, comparte la cosecha de miel, piloncillo o canela con familias anfitrionas y disfruta su rica gastronomía."
PUE-008,Hotel Taselotzin,Puebla,Cuetzalan del Progreso,Zacapoaxtla,México,20.014247,-97.522567,,Gastronomía,Comunidad y vida cotidiana,Rufina Edith Villa Hernández,Únicamente la estancia en la habitación y áreas comunes,Máximo 40 personas,"Descubre Cuetzalan desde un hotel gestionado por mujeres nahuas que preservan su identidad cultural. Disfruta de hospedaje, gastronomía regional, masajes, temazcal y talleres que acercan a las tradiciones locales, mientras contribuyes al desarrollo sostenible de la comunidad.",,,,,,,,2333310480,taselotzin@gmail.com,https://www.facebook.com/hoteltaselotzin?locale=es_LA,https://www.instagram.com/hoteltaselotzin/,VERSIÓN 1 PLATAFORMA – Puebla,,,,,,,"Descubre Cuetzalan en un hotel de mujeres nahuas. Disfruta hospedaje, gastronomía, temazcal, masajes y talleres tradicionales, contribuyendo al desarrollo y preservando su identidad cultural.","Descubre Cuetzalan en un hotel de mujeres nahuas. Disfruta hospedaje, gastronomía, temazcal, masajes y talleres tradicionales, contribuyendo al desarrollo y preservando su identidad cultural."
PUE-009,Embarcadero Takiskiany,Puebla,Tlatlauquitepec,Coatectzin Oriente,México,19.965671,-97.449076,,Naturaleza | Artesanía,Naturaleza,Félix Encarnación Efigenio,"Traslado, equipo de seguridad, la guía, el equipamiento para realizar el recorrido",Máximo 500 personas,"Disfruta un recorrido en lancha artesanal para observar la flora y fauna durante todo el año. En temporada de lluvias vive el avistamiento nocturno de luciérnagas y, durante Día de Muertos, recorre los paisajes en una experiencia nocturna única.",,,,,,,,2331257261,lancheroslasoledad@gmail.com,https://www.facebook.com/profile.php?id=100063611089259&locale=es_LA,https://www.instagram.com/lancheroslasoledadgmail.com9?utm_source=ig_web_button_share_sheet&igsh=ZDNlZDc0MzIxNw==,VERSIÓN 1 PLATAFORMA – Puebla,,,,,,,Observa flora y fauna todo el año en lancha artesanal. Vive el avistamiento nocturno de luciérnagas en lluvias y disfruta una experiencia nocturna única en Día de Muertos.,Observa flora y fauna todo el año en lancha artesanal. Vive el avistamiento nocturno de luciérnagas en lluvias y disfruta una experiencia nocturna única en Día de Muertos.
PUE-010,Entre Montañas,Puebla,Teziutlán,San Juan Acateno,México,19.881961,-97.366831,,Historia y arqueología | Naturaleza | Gastronomía,Comunidad y vida cotidiana,Jaime González López,"Entrada, acceso a WC y guía turístico",Máximo 120 personas,"Adéntrate en San Juan Acateno y vive una experiencia biocultural indígena entre las nubes, cosechando berries y café orgánicos en el bosque de niebla, donde la naturaleza se fusiona con la gastronomía tradicional, la danza de los Quetzales y la historia de las ruinas mineras de La Ventilla.",,,,,,,,2311569986 / 9673476887,jaimeglezl@mail.com,https://www.facebook.com/share/1PPweZMYp8/?mibextid=wwXIfr,https://www.instagram.com/entrenubes_teziutlan?utm_source=ig_web_button_share_sheet&igsh=ZDNlZDc0MzIxNw==,VERSIÓN 1 PLATAFORMA – Puebla,,,,,,,"Vive una experiencia biocultural indígena en San Juan Acateno. Cosecha café y berries en el bosque de niebla, y disfruta gastronomía tradicional, danza de los Quetzales y ruinas mineras.","Vive una experiencia biocultural indígena en San Juan Acateno. Cosecha café y berries en el bosque de niebla, y disfruta gastronomía tradicional, danza de los Quetzales y ruinas mineras."
PUE-011,Tsajtsitipetl,Puebla,Zacatlán,"San Miguel Tenango, Zacatlán",México,19.907157,-97.939249,,Naturaleza | Artesanía | Gastronomía,Comunidad y vida cotidiana,Marcelina Gonzales Hernandez,"Recorrido, el material para los talleres y los rituales",Máximo 15 personas,"Adéntrate en nuestra comunidad indígena y vive recorridos turísticos guiados por nuestras propias manos, donde saborearás la gastronomía tradicional cosechada directamente de nuestra labor como agricultores y descubrirás la herencia cultural plasmada en la fabricación y venta de nuestras artesanías auténticas.",,,,,,,,7971194355,marcegonzalezmago06@gmail.com,https://www.facebook.com/profile.php?id=61565464097052,,VERSIÓN 1 PLATAFORMA – Puebla,,,,,,,Visita nuestra comunidad indígena con guías locales. Saborea gastronomía tradicional directo de nuestras cosechas y descubre nuestra gran herencia cultural a través de artesanías auténticas.,Visita nuestra comunidad indígena con guías locales. Saborea gastronomía tradicional directo de nuestras cosechas y descubre nuestra gran herencia cultural a través de artesanías auténticas.
PUE-012,Sabor del fuego,Puebla,Zacatlán,Zacatlán,México,19.903081,-97.937842,,Artesanía | Gastronomía,Talleres,Flor de Rocío Márquez López,"Bienvenida, los rituales, la comida, bebidas, talleres de telares",Máximo 100 personas,"Descubre los sabores de la cocina de humo con demostraciones de comida tradicional de temporada. Participa en talleres de gastronomía, artesanías y medicina tradicional que preservan y comparten los saberes ancestrales de la comunidad.",,,,,,,,7971452395,sabordelfuego87@gmail.com,https://www.facebook.com/profile.php?id=61574727015351,https://www.instagram.com/sabor_delfuego?utm_source=ig_web_button_share_sheet&igsh=ZDNlZDc0MzIxNw==,VERSIÓN 1 PLATAFORMA – Puebla,,,,,,,"Descubre los sabores de la cocina de humo con demostraciones de comida tradicional de temporada. Participa en talleres de gastronomía, artesanías y medicina tradicional que preservan y comparten los saberes ancestrales de la comunidad.","Descubre los sabores de la cocina de humo con demostraciones de comida tradicional de temporada. Participa en talleres de gastronomía, artesanías y medicina tradicional que preservan y comparten los saberes ancestrales de la comunidad."
PUE-013,Zempoal Tekitini,Puebla,Tetela de Ocampo,Xaltatempa de Lucas,México,19.888671,-97.839298,,Naturaleza,Comunidad y vida cotidiana,Pedro Pérez Cabrera,"recorrido, sanitarios, instalaciones, estacionamiento",Máximo 10 personas,"Experimenta un acercamiento profundo con la naturaleza y la cultura viva de un pueblo náhuatl, donde te adentrarás en sus tradiciones ancestrales, compartirás sus saberes cotidianos y conectarás con el entorno natural a través de los ojos de la propia comunidad y su vínculo con ella.",,,,,,,,2227177089 / 7971237461,zempoaltekitiniecoturismo@gmail.com,https://www.facebook.com/profile.php?id=100008636626924&locale=es_LA,https://www.instagram.com/cascadasaconco?utm_source=ig_web_button_share_sheet&igsh=ZDNlZDc0MzIxNw==,VERSIÓN 1 PLATAFORMA – Puebla,,,,,,,Vive la naturaleza y cultura de un pueblo náhuatl. Conecta con el entorno y las tradiciones ancestrales compartiendo saberes cotidianos directamente a través de los ojos de la comunidad.,Vive la naturaleza y cultura de un pueblo náhuatl. Conecta con el entorno y las tradiciones ancestrales compartiendo saberes cotidianos directamente a través de los ojos de la comunidad.
PUE-014,Ozolli Tlapatla,Puebla,Calpan,San Mateo Ozolco,México,19.099777,-98.514688,,Naturaleza | Senderismo,Naturaleza,Alejandro Jiménez Meneses,"Entrada al Centro, recorrido, desayuno, comida, el guía, transporte interno.",Máximo 40 personas,"En Ozolco conectarás con la herencia náhuatl descubriendo la producción tradicional de alimentos y la sagrada Feria del Pulque. Además, desafiarás tus límites en su Centro Ecoturístico practicando senderismo, trail running, alpinismo o ciclismo de montaña rodeado por la majestuosidad de sus paisajes naturales.",,,,,,,,2211019363 / 2215257284,hechoenozolco@gmail.com,https://www.facebook.com/SanMateoOzolcoPueblaMexico,https://www.instagram.com/hechoenozolco?utm_source=ig_web_button_share_sheet&igsh=ZDNlZDc0MzIxNw==,VERSIÓN 1 PLATAFORMA – Puebla,,,,,,,"Descubre en Ozolco la herencia náhuatl, sus alimentos tradicionales y la Feria del Pulque. Desafía tus límites con senderismo, alpinismo o ciclismo en su majestuoso entorno natural.","Descubre en Ozolco la herencia náhuatl, sus alimentos tradicionales y la Feria del Pulque. Desafía tus límites con senderismo, alpinismo o ciclismo en su majestuoso entorno natural."
PUE-015,Tlakualli,Puebla,Calpan,"San Mateo Ozolco, Calpan",México,19.100674,-98.516277,,Naturaleza | Senderismo | Gastronomía,Talleres,Alberto Rincón Téllez,"Entrada al centro, los recorridos, el ritual, la cena, campamento",Máximo 60 personas,"Reconecta con la naturaleza en un espacio familiar rodeado por los volcanes Popocatépetl e Iztaccíhuatl. Disfruta de senderismo, cabalgatas, temazcal, talleres de nixtamalización, herbolaria y gastronomía tradicional, además de una granja, actividades artísticas y experiencias para toda la familia.",,,,,,,,2271156900 / 2226898461,pueblaelrinconcito@gmail.com,https://www.facebook.com/ElRinconcitoPuebla,https://www.instagram.com/rinconcitopue?utm_source=ig_web_button_share_sheet&igsh=ZDNlZDc0MzIxNw==,VERSIÓN 1 PLATAFORMA – Puebla,,,,,,,"Reconecta en familia entre el Popocatépetl y el Iztaccíhuatl. Disfruta senderismo, cabalgatas, temazcal, gastronomía tradicional, granja y talleres de herbolaria en un entorno natural único.","Reconecta en familia entre el Popocatépetl y el Iztaccíhuatl. Disfruta senderismo, cabalgatas, temazcal, gastronomía tradicional, granja y talleres de herbolaria en un entorno natural único."
PUE-016,Grutas Acocomoca de Carreragco,Puebla,Tetela de Ocampo,Carreragco,México,19.867101,-97.709181,,Naturaleza | Gastronomía,Naturaleza,Perfecto Sánchez Posada,"casco, guía, entrada, estacionamiento, uso de baños, vestidores",Máximo 7 personas,"Explora las impresionantes grutas de Carreragco, un pueblo de origen náhuatl en la Sierra Norte de Puebla. Recorre sus cavernas con guías especializados, admira sus formaciones naturales, conecta con la naturaleza y disfruta de la gastronomía y licores tradicionales de la comunidad.",,,,,,,,5660917625,,https://www.facebook.com/share/1E9YGKUfkW/,,VERSIÓN 1 PLATAFORMA – Puebla,,,,,,,"Explora las cavernas de Carreragco en la Sierra Norte de Puebla. Admira formaciones naturales con guías expertos, conecta con la naturaleza y degusta licores y gastronomía tradicional.","Explora las cavernas de Carreragco en la Sierra Norte de Puebla. Admira formaciones naturales con guías expertos, conecta con la naturaleza y degusta licores y gastronomía tradicional."
PUE-017,Visita una colmena,Puebla,Huejotzingo,"Santa María Atexcac, Huejotzingo",México,19.136595,-98.496642,,Naturaleza,Talleres,Reynaldo Mestre Rojas,"cata de miel, comida",Máximo 60 personas,"Explora el fascinante mundo de las abejas con acceso a un apiario y equipo de apicultor. Conoce el manejo de la colmena, la producción de miel y sus derivados, y descubre la importancia de conservar y proteger a estos polinizadores esenciales.",,,,,,,,5574542581,imperialmelifera@gmail.com,https://www.facebook.com/imperialmelifera?locale=es_LA,https://www.instagram.com/imperialmelifera/,VERSIÓN 1 PLATAFORMA – Puebla,,,,,,,"Explora el mundo de las abejas en un apiario equipado. Aprende a manejar colmenas, conoce cómo se produce la miel y descubre por qué es vital proteger a estos polinizadores.","Explora el mundo de las abejas en un apiario equipado. Aprende a manejar colmenas, conoce cómo se produce la miel y descubre por qué es vital proteger a estos polinizadores."
PUE-018,Teaaciztli,Puebla,Calpan,San Andrés Calpan,México,19.110975,-98.437707,,Naturaleza | Senderismo | Gastronomía,Gastronomía y actividades,Epifanio García,"Recorrido, desayuno, comida, guía de turistas, estacionamiento, sanitarios",Máximo 28 personas,"Vive una experiencia gastronómica y cultural conectando con la naturaleza a través de senderismo temático, campamentos y baños de bosque, donde saborearás la gastronomía local de temporada, participarás en la reforestación de plantas y árboles, y vivirás un emotivo encuentro con mariposas desde su nacimiento hasta su liberación.",,,,,,,,2229996956,irmaychino@outlook.com,https://www.facebook.com/profile.php?id=100054490283410,https://www.instagram.com/teaaciztli.eco?utm_source=ig_web_button_share_sheet&igsh=ZDNlZDc0MzIxNw==,VERSIÓN 1 PLATAFORMA – Puebla,,,,,,,"Disfruta gastronomía local, senderismo y campamentos. Reforesta árboles, toma baños de bosque y vive un emotivo encuentro con mariposas, desde su nacimiento hasta su liberación natural.","Disfruta gastronomía local, senderismo y campamentos. Reforesta árboles, toma baños de bosque y vive un emotivo encuentro con mariposas, desde su nacimiento hasta su liberación natural."
PUE-019,Humito del Volcán,Puebla,Nealtican,Colonia Guadalupe Hidalgo,México,19.065757,-98.426907,,Naturaleza | Senderismo | Gastronomía,Saberes Tradicionales,Gloria Pérez,"400 son los servicios y los 2,500 incluye la experiencia vivencia (senderismo, temazcal y degustación).",Máximo 20 personas,"Conecta con la medicina tradicional mediante experiencias de gastronomía ancestral, temazcal terapéutico, sanaciones energéticas, senderismo para identificar plantas medicinales y rituales a la Madre Tierra. Además de vivir la experiencia, podrás aprender los procesos y saberes que dan vida a cada práctica.",,,,,,,,2225506096,gloriayao2019@gmail.com,https://www.facebook.com/share/18uTggx385/,,VERSIÓN 1 PLATAFORMA – Puebla,,,,,,,"Conecta con la medicina tradicional y aprende sus saberes. Disfruta gastronomía ancestral, temazcal terapéutico, sanaciones, rituales a la Madre Tierra y senderismo botánico.","Conecta con la medicina tradicional y aprende sus saberes. Disfruta gastronomía ancestral, temazcal terapéutico, sanaciones, rituales a la Madre Tierra y senderismo botánico."
PUE-020,Ruta de Exconventos,Puebla,"Tepeaca, Tecali, Cuautinchan, Acatzingo, Quecholac, Tecamachalco",Tepeaca: cabecera y Santiago Acatlán; Tecali; Cuautinchán; Acatzingo; Quecholac: cabecera y Palmarito; Tecamachalco,México,18.966624,-97.905525,,Historia y arqueología | Naturaleza | Artesanía | Gastronomía,Escenarios históricos,Judith Amelia Beristain,"Los 25 pesos, sólo incluye las explicaciones y servicio de Guía. De ahí, se determina con las necesidades del visitante y se va sumando entre traslados, entradas a los sitios, descuento por grupos, etc.",Máximo 30 personas,"Explora el Valle Central de Puebla recorriendo Tepeaca, Tecali, Tecamachalco, Quecholac, Cuauhtinchán y Acatzingo. Descubre santuarios, museos, vestigios mesoamericanos, arquitectura del siglo XVI, arte contemporáneo, gastronomía y artesanías locales en recorridos adaptados a tu tiempo.",,,,,,,,2232751995,coffeetours.puebla@gmail.com,https://www.facebook.com/share/1CzsauBHN8/,https://www.instagram.com/agenciadeviajes_coffeetours/,VERSIÓN 1 PLATAFORMA – Puebla,,,,,,,"Explora el Valle Central de Puebla (Tepeaca, Tecali y más). Descubre santuarios, museos, vestigios mesoamericanos, arquitectura del siglo XVI, gastronomía y artesanías en recorridos a tu medida.","Explora el Valle Central de Puebla (Tepeaca, Tecali y más). Descubre santuarios, museos, vestigios mesoamericanos, arquitectura del siglo XVI, gastronomía y artesanías en recorridos a tu medida."
PUE-021,Descubre Chalchicomula,Puebla,Chalchicomula de Sesma,San Francisco Cuautlancingo (El Barrio) y San Isidrio Canoas Altas,México,18.987971,-97.448310,,Naturaleza | Senderismo,Comunidad y vida cotidiana,José Francisco Rodríguez Bautista,"Recorrido, guía, transporte, equipo, comida, guía, botiquín, revista médico, ingreso al Parque.",Máximo 60 personas,"Conecta con la grandeza del Citlaltépetl mediante caminatas guiadas, ofrendas ceremoniales y recorridos por sitios de valor cultural. Descubre los saberes ancestrales de la comunidad, vive la montaña con guías locales y disfruta experiencias de aventura adaptadas a distintos niveles.",,,,,,,,2451123973 / 2451042248,galante_2040@hotmail.com,https://www.facebook.com/aventuradealturachalchicoluma?rdid=G0BLqEROzFx4xNs5&share_url=https%3A%2F%2Fwww.facebook.com%2Fshare%2F1KpvMiMe3A%2F#,https://www.facebook.com/profile.php?id=61590702275410&rdid=CvxmclkXsUDp0qVw&share_url=https%3A%2F%2Fwww.facebook.com%2Fshare%2F18umbQw5a7%2F#,VERSIÓN 1 PLATAFORMA – Puebla,,,,,,,"Conecta con el Citlaltépetl en caminatas guiadas, ofrendas y sitios culturales. Vive la montaña con guías locales, descubre saberes ancestrales y disfruta aventuras para todo nivel.","Conecta con el Citlaltépetl en caminatas guiadas, ofrendas y sitios culturales. Vive la montaña con guías locales, descubre saberes ancestrales y disfruta aventuras para todo nivel."
PUE-022,Zem Lavandas,Puebla,Tepexi de Rodríguez,Tepexi de Rodríguez,México,18.530153,-97.908833,,Naturaleza | Artesanía | Gastronomía,Talleres,Erika Niño Bautista,,Máximo 20 personas,"Conecta con la Madre Tierra mediante talleres de artesanías, catas de mezcal, experiencias en la naturaleza, rituales y ceremonias ancestrales. Una experiencia que promueve la conciencia ambiental y el respeto por los saberes y tradiciones de nuestros antepasados.",,,,,,,,2241065854,erikaninoba@gmail.com,https://www.facebook.com/zem.lavandas?locale=es_LA,https://www.instagram.com/zem_lavandas?utm_source=ig_web_button_share_sheet&igsh=ZDNlZDc0MzIxNw==,VERSIÓN 1 PLATAFORMA – Puebla,,,,,,,"Conecta con la Madre Tierra en la naturaleza con talleres, catas de mezcal y rituales ancestrales. Fomenta la conciencia ambiental y el profundo respeto por nuestras tradiciones.","Conecta con la Madre Tierra en la naturaleza con talleres, catas de mezcal y rituales ancestrales. Fomenta la conciencia ambiental y el profundo respeto por nuestras tradiciones."
PUE-023,Mujeres con Sabor a Nguiva,Puebla,Tepexi de Rodríguez,San Felipe Otlaltepec,México,18.403394,-97.907456,,Naturaleza | Gastronomía,Gastronomía y actividades,Feliciana Gómez Jiménez,"Observación de procedimiento de alimentos, plato fuerte, guarnición, tortillas y agua",Máximo 30 personas,"Descubre la gastronomía ancestral junto a Mujeres con Sabor Nguiva y participa en la elaboración de platillos emblemáticos preparados en fogones tradicionales. Una experiencia que preserva, comparte y celebra los saberes culinarios heredados de generación en generación.",,,,,,,,2241070769,feligamez2025@gmail.com,https://www.facebook.com/profile.php?id=61579981796359&locale=es_LA,,VERSIÓN 1 PLATAFORMA – Puebla,,,,,,,Descubre la gastronomía ancestral con Mujeres con Sabor Nguiva. Elabora platillos emblemáticos en fogones tradicionales y celebra los saberes culinarios heredados de generación en generación.,Descubre la gastronomía ancestral con Mujeres con Sabor Nguiva. Elabora platillos emblemáticos en fogones tradicionales y celebra los saberes culinarios heredados de generación en generación.
PUE-024,San Juan Raya,Puebla,Zapotitlán,San Juan Raya,México,18.313831,-97.617308,,Historia y arqueología | Naturaleza,Naturaleza,Benito Cruz Sánchez,"La ruta más común o corta, uso de instalaciones, estacionamiento",Máximo 100 personas,"Vive una experiencia de ecoturismo que te invita a conocer, sentir y valorar el patrimonio biocultural de la comunidad, conectando con su historia, naturaleza y tradiciones para contribuir a la preservación de este legado para las futuras generaciones.",,,,,,,,2381852378,sanjuanraya9@gmail.com,https://www.facebook.com/profile.php?id=100057658320571&locale=es_LA,https://www.instagram.com/sanjuanrayaoficial?igsh=bWJ6bHBhbTBoeWo4,VERSIÓN 1 PLATAFORMA – Puebla,,,,,,,"Ecoturismo que conecta con la historia, naturaleza y tradiciones locales. Descubre, siente y valora el patrimonio biocultural de la comunidad ayudando a preservar su gran legado.","Ecoturismo que conecta con la historia, naturaleza y tradiciones locales. Descubre, siente y valora el patrimonio biocultural de la comunidad ayudando a preservar su gran legado."
PUE-025,Tenoxtitepe,Puebla,Zacatlán,Santiago Tepeixco,México,20.029671,-97.958752,,Naturaleza,Naturaleza,Angélica Arady Zavala Carballo,,Máximo 40 personas,,,,,,,,,5519532534 / 2221624593,tenoxtitepe.turismoregenerativo@gmail.com,,,VERSIÓN 1 PLATAFORMA – Puebla,,,,,,,"Tenoxtitepe es una hermosa iniciativa de turismo regenerativo que se encuentra en la junta auxiliar de Santiago Tepeixco. Este proyecto destaca por su gran compromiso con la conservación ambiental, bioconstrucción, empleando materiales naturales.","Tenoxtitepe es una hermosa iniciativa de turismo regenerativo que se encuentra en la junta auxiliar de Santiago Tepeixco. Este proyecto destaca por su gran compromiso con la conservación ambiental, bioconstrucción, empleando materiales naturales."
MMM-016,Visita a la Cueva de las Serpientes Colgantes,Quintana Roo,Felipe Carrillo Puerto,Kantemó,México,19.425800,-88.452800,Guerra de Castas,Naturaleza | Gastronomía,Naturaleza,"Centro Ecoturístico Beej Ka’ax Ha, Kantemó","Recorrido guiado por la cueva, observación de murciélagos y serpientes colgantes e interpretación del ecosistema.",Grupos pequeños.,"La visita nocturna inicia con un recorrido en bicicleta por la selva hasta la Cueva de las Serpientes Colgantes. Con guías locales se observa cómo serpientes ratoneras manchadas, que no son venenosas, acechan a distintas especies de murciélagos cuando salen de la cueva. El recorrido también permite conocer fauna acuática adaptada a la oscuridad y fósiles visibles en las paredes de la cavidad.",,,Las especies de murciélagos y serpientes que se pueden observar.,Los integrantes de las comunidades quienes forman parte del proyecto.,,"El conocimiento de la selva y sus especies, así como de las cuevas.",El uso de insumos locales orgánicos.,9979774920,bejkaxha@yahoo.com.mx,Cueva de las Serpientes Colgantes de Kantemó,,"Catálogo de Experiencias Turísticas Mundo Maya México, UNESCO / Alianza Mundo Maya México, 2025",CC BY-SA 3.0 IGO,,,,,,"La visita nocturna inicia con un recorrido en bicicleta por la selva hasta la Cueva de las Serpientes Colgantes. Con guías locales se observa cómo serpientes ratoneras manchadas, que no son venenosas, acechan a distintas especies de murciélagos cuando salen de la cueva. El recorrido también permite conocer fauna acuática adaptada a la oscuridad y fósiles visibles en las paredes de la cavidad.","Recorrido guiado por la cueva, observación de murciélagos y serpientes colgantes e interpretación del ecosistema."
MMM-017,Selva y Chicle. Recorrido por el Sendero Yu’um K’áax,Quintana Roo,Felipe Carrillo Puerto,Chunhuhub,México,19.686100,-88.283300,Guerra de Castas,Historia y arqueología | Senderismo,Naturaleza,"Uka’ax Manatí, S.C. de R.L","Sendero por la selva, demostración del aprovechamiento tradicional del chicle e interpretación de flora y fauna.",Grupos pequeños.,"Sumérgete en el corazón de la selva maya y atrévete a iniciar el día con los sonidos de la selva y el aroma de los ingredientes locales, además, descubre el anochecer de un cielo estrellado, en un espacio para descansar en armonía con la naturaleza. Este centro ecoturístico te ofrece experiencias auténticas y participativas que te conectan con la comunidad local a través del hospedaje vivencial, talleres y recorridos que te mostrarán la riqueza de la cultura maya mediante actividades como la extracción tradicional de chicle, caminatas guiadas para conocer plantas medicinales, relatos bajo las estrellas, nados en cenotes, elaboración de artesanías mediante las fibras verdes del henequén y técnicas culinarias ancestrales. Aquí, profundizarás el vínculo con el entorno y comprenderás cómo la cultura y las tradiciones mayas permanecen vivas, entrelazadas con la selva.",Los productos que elaboran.,"Los procesos de recolección de chicle, cocina tradicional.","Los insumos orgánicos de la región, las especies como el árbol del chicle.",Los integrantes de las comunidades quienes forman parte del proyecto.,Artesanías.,El conocimiento de la selva y la recuperación del chicle.,El uso de insumos locales orgánicos.,9831129044,reservas.selvabonita@gmail.com,Kiichpam Kaax-Selva Bonita,,"Catálogo de Experiencias Turísticas Mundo Maya México, UNESCO / Alianza Mundo Maya México, 2025",CC BY-SA 3.0 IGO,,,,,,"Sumérgete en el corazón de la selva maya y atrévete a iniciar el día con los sonidos de la selva y el aroma de los ingredientes locales, además, descubre el anochecer de un cielo estrellado, en un espacio para descansar en armonía con la naturaleza.","Sendero por la selva, demostración del aprovechamiento tradicional del chicle e interpretación de flora y fauna."
MMM-018,Taller de Bordado Artesanal,Quintana Roo,Felipe Carrillo Puerto,X-pichil,México,19.752200,-88.262800,Guerra de Castas,Historia y arqueología | Naturaleza | Artesanía,Artesanía - bordado,Artesanías Lol-Chuy,Recorrido comunitario y taller práctico de bordado artesanal con demostración de técnicas y productos textiles.,Grupos pequeños.,"Descubrirás una experiencia creativa y cultural a través de un taller de bordado artesanal brindado por las artesanas expertas de la comunidad de X-Pichil, quienes se caracterizan por realizar diseños de bordado inspirados en la piel de la serpiente y las grecas mayas que dan identidad a las mujeres de la zona maya de Quintana Roo, lo que le da una notable distinción con las grecas de otros estados. En este taller, aprenderás las distintas técnicas de bordado tradicional que reflejan la riqueza cultural de la región y podrás aplicarlas en pañuelos o carteras, los cuales, se convertirán en un recuerdo único de tu visita y experiencia en esta tradición ancestral. Además, esta cooperativa cuenta con experiencias adicionales como un taller gastronómico, en donde aprenderás a realizar platillos típicos de la región de la mano de una cocinera tradicional; relato de las leyendas más icónicas de la comunidad como el de la Xtabay, en el idioma maya; y, la visita a un jardín botánico de medicina tradicional y milpa maya.",Los productos que elaboran.,Los procesos de bordado.,Los insumos orgánicos de la región.,Los integrantes de las comunidades quienes forman parte del proyecto.,Artesanías.,El conocimiento del bordado tradicional.,El uso de insumos locales orgánicos.,9831029376,lolchuy.chukoob@gmail.com,Lol-Chuy,,"Catálogo de Experiencias Turísticas Mundo Maya México, UNESCO / Alianza Mundo Maya México, 2025",CC BY-SA 3.0 IGO,,,,,,"Descubrirás una experiencia creativa y cultural a través de un taller de bordado artesanal brindado por las artesanas expertas de la comunidad de X-Pichil, quienes se caracterizan por realizar diseños de bordado inspirados en la piel de la serpiente y las grecas mayas que dan identidad a las mujeres de la zona maya de Quintana Roo, lo que le da una notable distinción con las grecas de otros estados.",Recorrido comunitario y taller práctico de bordado artesanal con demostración de técnicas y productos textiles.
MMM-019,Nado en los Canales de la Laguna Chunyaxché,Quintana Roo,Felipe Carrillo Puerto,Chunyaxche,México,20.066700,-87.716700,Guerra de Castas,Naturaleza,Naturaleza,"Muyil Conjunto de Aluxes, S.P.R. de R.I","Recorrido en lancha por los canales de Chunyaxché, observación de flora y fauna y degustación de comida tradicional.",Grupos pequeños.,"En la Reserva de la Biosfera de Sian Ka’an, la experiencia recorre la laguna Chunyaxché y un antiguo canal construido por los mayas. Con el acompañamiento de un guía local se atraviesan distintos ecosistemas, se observa la biodiversidad y se flota en un canal de agua dulce y cristalina. Después se navega hacia el estuario de Boca Paila, donde puede observarse fauna como el manatí, y el recorrido concluye con comida maya en el centro comunitario de Muyil.",,Cocina tradicional.,La Laguna Chunyaxché y las diversas especies de flora y fauna que la habitan.,Los integrantes de las comunidades quienes forman parte del proyecto.,Comida tradicional.,El conocimiento de la Laguna Chunyaxché y las diversas especies de flora y fauna que habitan en ella.,El uso de insumos locales orgánicos y el cuidado del entorno natural.,9841140750,tourssiankaan@gmail.com,,,"Catálogo de Experiencias Turísticas Mundo Maya México, UNESCO / Alianza Mundo Maya México, 2025",CC BY-SA 3.0 IGO,,,,,https://www.siankaantours.com.mx/,"En la Reserva de la Biosfera de Sian Ka’an, la experiencia recorre la laguna Chunyaxché y un antiguo canal construido por los mayas. Con el acompañamiento de un guía local se atraviesan distintos ecosistemas, se observa la biodiversidad y se flota en un canal de agua dulce y cristalina. Después se navega hacia el estuario de Boca Paila, donde puede observarse fauna como el manatí, y el recorrido concluye con comida maya en el centro comunitario de Muyil.","Recorrido en lancha por los canales de Chunyaxché, observación de flora y fauna y degustación de comida tradicional."
MMM-020,Experiencia U Belilek,Quintana Roo,Felipe Carrillo Puerto,Tihosuco,México,20.243900,-88.170600,Guerra de Castas,Historia y arqueología,Recorridos culturales,"U Belilek Kaxtik Kuxtal, S.C. de R.L. de C.V","Ceremonia maya de bienvenida, visita al Museo de la Guerra de Castas y a la iglesia, talleres culturales, música y danza.",Grupos pequeños.,"Sumérgete en el legado tradicional de nuestros ancestros y conoce la historia del movimiento social maya más importante del estado de la mano de quienes forman parte de la cultura maya viva en la comunidad de Tihosuco. En esta experiencia, te recibirán con una ceremonia maya de bienvenida, posteriormente, realizarás un recorrido por el Museo de la Guerra de Castas, en donde serás testigo de este impresionante acontecimiento. Además, recorrerás la Iglesia del Niño Jesús, que cuenta con una gran estructura colonial para tomar una de las mejores fotografías de esta experiencia. Aprenderás a realizar las técnicas que utilizaban nuestros ancestros para el hilado de algodón, conocerás gran parte de la medicina tradicional que utiliza en la comunidad, y, además, disfrutarás de música y danza prehispánica.","Iglesias de la zona, productos que elaboran.","Las recetas de la región, así como sus ceremonias.",Los insumos orgánicos de la región.,Los integrantes de las comunidades quienes forman parte del proyecto.,"Cocina tradicional, artesanías.",La preparación de comida tradicional.,El uso de insumos locales orgánicos.,9837008561,ubelilekmkt@gmail.com,U Belilek,,"Catálogo de Experiencias Turísticas Mundo Maya México, UNESCO / Alianza Mundo Maya México, 2025",CC BY-SA 3.0 IGO,,,,,,"Sumérgete en el legado tradicional de nuestros ancestros y conoce la historia del movimiento social maya más importante del estado de la mano de quienes forman parte de la cultura maya viva en la comunidad de Tihosuco. En esta experiencia, te recibirán con una ceremonia maya de bienvenida, posteriormente, realizarás un recorrido por el Museo de la Guerra de Castas, en donde serás testigo de este impresionante acontecimiento. Además, recorrerás la Iglesia del Niño Jesús, que cuenta con una gran estructura colonial para tomar una de las mejores fotografías de esta experiencia.","Ceremonia maya de bienvenida, visita al Museo de la Guerra de Castas y a la iglesia, talleres culturales, música y danza."
MMM-021,Xóot Ich Kool: vamos a la milpa,Quintana Roo,Felipe Carrillo Puerto,Comunidad Señor,México,19.920800,-87.898100,Guerra de Castas,Historia y arqueología | Gastronomía,Gastronomía maya y vivencias comunitarias,"Xyaat Palma Camedoria, S.C. de R.L. de C.V","Visita a la milpa, actividades agrícolas y culinarias, elaboración de artesanías de henequén y convivencia con familias mayas.",Grupos pequeños.,"La experiencia acerca a las personas visitantes a las actividades tradicionales de una comunidad maya, narradas por sus abuelas, abuelos y habitantes. Inicia con una ceremonia de primicia y continúa con el reconocimiento de semillas y frutos de la milpa, de acuerdo con la temporada. También incluye una demostración de extracción de fibra de henequén y una visita al meliponario de la abeja xunán kab, donde se explica su relevancia cultural, medicinal y cotidiana.","La comunidad, la artesanía de henequen.","Las recetas de la región, así como sus rituales.",Los insumos orgánicos de la región.,"Los integrantes de las familia, quienes forman parte del proyecto.","Comida tradicional, artesanías.",La preparación de comida tradicional.,El uso de insumos locales orgánicos.,9831067624,reservacionesxyaat@gmail.com,Xyaat,,"Catálogo de Experiencias Turísticas Mundo Maya México, UNESCO / Alianza Mundo Maya México, 2025",CC BY-SA 3.0 IGO,,,,,https://www.viajaturismocomunitario.com/xyaat-ecoturismo-comunitario-maya,"La experiencia acerca a las personas visitantes a las actividades tradicionales de una comunidad maya, narradas por sus abuelas, abuelos y habitantes. Inicia con una ceremonia de primicia y continúa con el reconocimiento de semillas y frutos de la milpa, de acuerdo con la temporada. También incluye una demostración de extracción de fibra de henequén y una visita al meliponario de la abeja xunán kab, donde se explica su relevancia cultural, medicinal y cotidiana.","Visita a la milpa, actividades agrícolas y culinarias, elaboración de artesanías de henequén y convivencia con familias mayas."
MMM-022,Vida Yokot’an. Herederos del Sazón Ancestral,Tabasco,Nacajuca,Nacajuca,México,18.162800,-93.070600,Sierra Maya,Historia y arqueología | Gastronomía,Gastronomía,Restaurante Herederos del Sazón Ancestral Yokot’an,"Recorrido cultural por la cocina yokot’an, explicación de ingredientes y recetas ancestrales y degustación gastronómica.",Grupos pequeños.,"Vida Yokot’an presenta la relación entre la cultura chontal, el paisaje de Tabasco y la cocina tradicional. El recorrido permite conocer la arquitectura y los materiales de una casa local, así como los utensilios, ingredientes y técnicas empleados en la preparación de alimentos. Con la guía de doña Panchita, cocinera tradicional reconocida, las personas participantes colaboran en una degustación y conocen el significado cultural de los platillos yokot’an.","El restaurante está construido con materiales provenientes de su entorno natural, lo que hace que mantengan su autenticidad cultural.","Las y los anfitriones de la experiencia conocerán la historia de la cocina maya chontal ancestral que forma parte del recorrido dentro del establecimiento, así como la materia prima utilizada en el proceso de la elaboración de los alimentos. La degustación gastronómica es la parte central de la experiencia, que incluye ingredientes tabasqueños.",Situado en la zona Yokot´an del municipio de Nacajuca.,Intervienen 4 personas del espacio.,Los productos que se consumirá son locales en la mayoría y cultivados por la misma organización.,El conocimiento de la gastronomía.,El uso de insumos locales orgánicos.,9934750018,elchontalyokotan@gmail.com,Restaurante El Chontal,https://www.instagram.com/sazon_ancestral.yokotan,"Catálogo de Experiencias Turísticas Mundo Maya México, UNESCO / Alianza Mundo Maya México, 2025",CC BY-SA 3.0 IGO,,,,,,"Vida Yokot’an presenta la relación entre la cultura chontal, el paisaje de Tabasco y la cocina tradicional. El recorrido permite conocer la arquitectura y los materiales de una casa local, así como los utensilios, ingredientes y técnicas empleados en la preparación de alimentos. Con la guía de doña Panchita, cocinera tradicional reconocida, las personas participantes colaboran en una degustación y conocen el significado cultural de los platillos yokot’an.","Recorrido cultural por la cocina yokot’an, explicación de ingredientes y recetas ancestrales y degustación gastronómica."
MMM-023,Saberes y Sabores del Cacao al Chocolate,Tabasco,Comalcalco,Comalcalco,México,18.273300,-93.207200,Sierra Maya,Gastronomía,Gastronomía,Leonel Sastre,"Recorrido agroturístico por plantaciones de cacao, talleres, catas y demostración del proceso de elaboración del chocolate.","Grupos reducidos de hasta 12 personas, con reservación previa.","Esta experiencia permite conocer y realizar el proceso artesanal del cacao al chocolate. Después de recorrer el taller y seleccionar los granos, las personas participantes tuestan, descascarillan y muelen el cacao para elaborar su propia pieza de chocolate. La actividad incluye degustaciones de cacao, chorote, dulces regionales y otras bebidas tradicionales de Tabasco. De manera opcional, puede añadirse un platillo preparado por una cocinera tradicional.",El recorrido permite observar el proceso de elaboración del chocolate.,"La experiencia se basa en el rescate de tradiciones agrícolas, de los antiguos pueblos mayas chontales.",La experiencia se ubica en los plantíos de Cacao del poblado de Tecolutilla.,Intervienen 2 personas directamente y 4 indirectamente.,Chocolate y pasta de cacao.,El desarrollo de conocimientos en el proceso de elaboración artesanal del chocolate y la gastronomía tradicional.,Una cultura sostenible para adquirir productos de la localidad.,9331244517,embajadorasdelcacao@gmail.com,,,"Catálogo de Experiencias Turísticas Mundo Maya México, UNESCO / Alianza Mundo Maya México, 2025",CC BY-SA 3.0 IGO,,,,,https://campesinadelcacao.com,"Esta experiencia permite conocer y realizar el proceso artesanal del cacao al chocolate. Después de recorrer el taller y seleccionar los granos, las personas participantes tuestan, descascarillan y muelen el cacao para elaborar su propia pieza de chocolate. La actividad incluye degustaciones de cacao, chorote, dulces regionales y otras bebidas tradicionales de Tabasco.","Recorrido agroturístico por plantaciones de cacao, talleres, catas y demostración del proceso de elaboración del chocolate."
MMM-024,"Kacté: alma, piel y cuero",Tabasco,Centro,Villahermosa,México,17.989200,-92.947500,Sierra Maya,Artesanía | Gastronomía,Artesanía,José de Jesús Moreno,"Taller de marroquinería y fabricación de huaraches, explicación del oficio artesanal y degustación de pozol.",Máximo 6 personas,"La familia Moreno recibe a las personas visitantes en un taller dedicado a la talabartería y la marroquinería. La experiencia presenta la historia del oficio, las diferencias entre pieles y cueros y las herramientas utilizadas en su transformación. Cada participante diseña y elabora una pulsera o un pequeño recuerdo de cuero mediante técnicas guiadas. El recorrido se desarrolla en el mercado público José María Pino Suárez y concluye con una fotografía de la pieza terminada.",La materia prima local con la que se elaboran las artesanías.,Preservar la tradición artesanal a base de la marroquinería.,,Intervienen 2 personas de apoyo.,Pozol.,El uso de productos artesanales locales.,La transferencia de conocimientos.,9932768929,pepemorenohuaracheria@hotmail.com,Pepe Moreno Talabarteria y Marroquineria Artesanal,,"Catálogo de Experiencias Turísticas Mundo Maya México, UNESCO / Alianza Mundo Maya México, 2025",CC BY-SA 3.0 IGO,,,,,,"La familia Moreno recibe a las personas visitantes en un taller dedicado a la talabartería y la marroquinería. La experiencia presenta la historia del oficio, las diferencias entre pieles y cueros y las herramientas utilizadas en su transformación. Cada participante diseña y elabora una pulsera o un pequeño recuerdo de cuero mediante técnicas guiadas.","Taller de marroquinería y fabricación de huaraches, explicación del oficio artesanal y degustación de pozol."
MMM-025,Bukajin “Pantanos al Muste”,Tabasco,Centla,Centla,México,18.379400,-92.598300,Sierra Maya,Gastronomía,Naturaleza,"Alcibíades de la Cruz, Restaurante Palapa Familiar El Puente","Recorrido en lancha por los Pantanos de Centla, observación del paisaje y degustación de gastronomía local.",Máximo 8 personas,"La experiencia combina cocina chontal y recorrido comunitario en Quintín Arauz. Las personas participantes preparan robalo en salsa de muste y, mientras se cocina el platillo, recorren la localidad en pochimóvil para conocer su historia, la iglesia y elementos de la lengua yokot’an. Al regresar al restaurante, degustan la preparación acompañada de tortillas hechas a mano y bebidas locales, como agua de coco o café de maíz.",Edificios históricos.,Rescate de la cocina tradicional.,La Reserva de la Biósfera Pantanos de Centla.,Intervienen 6 personas directamente.,Pozol y alimentos a base de muste.,La transferencia de conocimientos de la cultura maya chontal con el rescate de las tradiciones.,El consumo local.,9131077728,delacruzarsides@gmail.com,Palapa familiar “El puente”,,"Catálogo de Experiencias Turísticas Mundo Maya México, UNESCO / Alianza Mundo Maya México, 2025",CC BY-SA 3.0 IGO,,,,,,"La experiencia combina cocina chontal y recorrido comunitario en Quintín Arauz. Las personas participantes preparan robalo en salsa de muste y, mientras se cocina el platillo, recorren la localidad en pochimóvil para conocer su historia, la iglesia y elementos de la lengua yokot’an. Al regresar al restaurante, degustan la preparación acompañada de tortillas hechas a mano y bebidas locales, como agua de coco o café de maíz.","Recorrido en lancha por los Pantanos de Centla, observación del paisaje y degustación de gastronomía local."
MMM-026,Aventura Panadera,Tabasco,Jonuta,Centla,México,18.083300,-92.100000,Sierra Maya,Naturaleza | Senderismo | Gastronomía,Gastronomía,Cristian Caparroso,"Taller de pan artesanal, preparación de una pieza propia, desayuno tradicional, chocolate y entrega del pan elaborado.",Máximo 6 personas,"Sumérgete en una experiencia auténtica donde aprenderás, crearás y degustarás pan artesanal con recetas que han perdurado en el tiempo. Desde el primer momento, la calidez de la anfitriona Cristina te hará sentir parte de la familia panadera. La jornada comienza con una bebida refrescante de pozol mientras conoces la historia de esta panadería y su relevancia en la gastronomía local. Colócate tu mandil y prepárate para ser panadero por un día. Dentro del área de producción, descubrirás los secretos de los ingredientes y el arte del amasado mientras das forma a tu propio pan inspirado en la fauna de la región. Cada pieza que elabores será única, reflejando la conexión entre la tradición y tu creatividad. Mientras el pan se hornea, disfrutarás de un desayuno tradicional acompañado de un espumoso chocolate artesanal preparado con molinillo. Al final, recibirás tu pan recién horneado y te llevarás una selfie del recuerdo en un espacio diseñado para inmortalizar esta experiencia única. Este recorrido no solo es una oportunidad para aprender sobre panadería artesanal, sino una inmersión en la identidad y tradiciones de Frontera, Centla.",Museo de la Navegación (Exaduana Marítima de Frontera). Restaurante “El Conquistador”. Mercado de Frontera.,Rescate de la producción tradicional usando técnicas artesanales para la fabricación de pan.,Reserva de la Biósfera Pantanos de Centla.,3 personas.,Pan artesanal.,La preservación de los recursos culturales.,La experiencia y la adquisición de productos de la localidad.,9131001158,delacruzarsides@gmail.com,Jonuteek,https://www.instagram.com/panaderia_rosatrejo_uyototpajw,"Catálogo de Experiencias Turísticas Mundo Maya México, UNESCO / Alianza Mundo Maya México, 2025",CC BY-SA 3.0 IGO,,,,,,"Sumérgete en una experiencia auténtica donde aprenderás, crearás y degustarás pan artesanal con recetas que han perdurado en el tiempo. Desde el primer momento, la calidez de la anfitriona Cristina te hará sentir parte de la familia panadera. La jornada comienza con una bebida refrescante de pozol mientras conoces la historia de esta panadería y su relevancia en la gastronomía local.","Taller de pan artesanal, preparación de una pieza propia, desayuno tradicional, chocolate y entrega del pan elaborado."
MMM-027,Pishul Gastronomía,Tabasco,Tacotalpa,Tapijulapa,México,17.452200,-92.772800,Sierra Maya,Gastronomía,Gastronomía,"Jaqueline Pérez, Restaurante El Sabor de la Sierra","Experiencia gastronómica y degustación de pishul, antojitos tradicionales, aguas frescas e ingredientes locales.",La experiencia se desarrolla en grupos pequeños para asegurar calidad y cercanía.,"Pishul Gastronomía ofrece una inmersión en la cocina de Tapijulapa a través de uno de sus platillos representativos. Doña Jaqui y su familia reciben a las personas visitantes, explican la historia del pishul y presentan sus ingredientes y técnicas de preparación. La degustación se acompaña de antojitos y aguas frescas elaboradas con frutas de temporada, en un ambiente familiar que destaca la memoria culinaria de la sierra tabasqueña.",Uso de utensilios y espacios tradicionales en la preparación y presentación de los platillos.,Transmisión del conocimiento culinario a nuevas generaciones a través de la experiencia gastronómica.,Uso responsable de insumos locales y promoción de ingredientes autóctonos.,"Familia anfitriona, proveedores locales y visitantes.","Pishul, antojitos tradicionales, aguas frescas y otros ingredientes autóctonos.",La valoración del patrimonio gastronómico.,El consumo de productos locales y el comercio justo.,9931554107,sabordelasierra_tapijulapa@hotmail.com,El Sabor de la Sierra,,"Catálogo de Experiencias Turísticas Mundo Maya México, UNESCO / Alianza Mundo Maya México, 2025",CC BY-SA 3.0 IGO,,,,,,"Pishul Gastronomía ofrece una inmersión en la cocina de Tapijulapa a través de uno de sus platillos representativos. Doña Jaqui y su familia reciben a las personas visitantes, explican la historia del pishul y presentan sus ingredientes y técnicas de preparación. La degustación se acompaña de antojitos y aguas frescas elaboradas con frutas de temporada, en un ambiente familiar que destaca la memoria culinaria de la sierra tabasqueña.","Experiencia gastronómica y degustación de pishul, antojitos tradicionales, aguas frescas e ingredientes locales."
MMM-028,Ruta del Cacao al Chocolate,Tabasco,Comalcalco,Comalcalco,México,18.273300,-93.207200,Sierra Maya,Artesanía | Gastronomía,Gastronomía,Manuel Alejandro de la Cruz,"Recorrido por haciendas cacaoteras, plantaciones y museos, degustaciones, elaboración de chocolate y ceremonia del cacao.",Las visitas se realizan en grupos pequeños para garantizar una experiencia más personalizada.,"La Ruta del Cacao al Chocolate enlaza haciendas de Tabasco para mostrar la historia, el cultivo y la transformación del cacao. En Hacienda Jesús María se recorren viveros y plantaciones, se conocen espacios de la vida cotidiana y se elabora chocolate artesanal. En Hacienda La Luz se visita el museo y la fábrica, con degustaciones de chocolate y pozol. La ruta culmina en Hacienda Cholula con una ceremonia del cacao, una explicación sobre la fermentación y la posibilidad de adquirir productos locales.","Las haciendas, las herramientas antiguas utilizadas en la producción del cacao, y la gastronomía local.",Las tradiciones culinarias y los rituales ancestrales del cacao.,Las plantaciones de cacao que se preservan de manera ecológica.,"Guías locales, productores de cacao, cocineros tradicionales, y artesanos.","Chocolate artesanal, pozol, vino de cacao, y otros productos elaborados localmente.",La educación sobre las prácticas sostenibles y la producción local del cacao.,"La integración de las comunidades locales en el turismo, asegurando beneficios directos de la actividad.",9931069545,dexperieciamx@gmail.com,Dexperiencia,,"Catálogo de Experiencias Turísticas Mundo Maya México, UNESCO / Alianza Mundo Maya México, 2025",CC BY-SA 3.0 IGO,,,,,,"La Ruta del Cacao al Chocolate enlaza haciendas de Tabasco para mostrar la historia, el cultivo y la transformación del cacao. En Hacienda Jesús María se recorren viveros y plantaciones, se conocen espacios de la vida cotidiana y se elabora chocolate artesanal. En Hacienda La Luz se visita el museo y la fábrica, con degustaciones de chocolate y pozol.","Recorrido por haciendas cacaoteras, plantaciones y museos, degustaciones, elaboración de chocolate y ceremonia del cacao."
MMM-029,Avistamiento de Manatíes,Tabasco,Centla,Jonuta,México,18.379400,-92.598300,Sierra Maya,Naturaleza | Senderismo | Gastronomía,Naturaleza,Jonuteek,"Avistamiento guiado de manatíes, interpretación ambiental y alimentación controlada de la fauna.",Grupo de 20 personas.,"La experiencia permite observar manatíes y conocer su hábitat en los canales y ríos de Jonuta con el acompañamiento de guías locales. Durante el recorrido se explican el comportamiento, la alimentación y las necesidades de conservación de la especie, además de la biodiversidad asociada a la laguna de Los Pájaros. La visita puede complementarse con espacios recreativos y gastronomía regional preparada con productos de los cuerpos de agua cercanos. La iniciativa también promueve la educación ambiental, el voluntariado y la investigación para la protección de los manatíes y las aves migratorias.",Casas tradicionales de la localidad Los Pájaros.,"Conocimientos comunitarios para la protección de los manatíes, las aves migratorias y otras especies en riesgo.","Laguna, canales y ecosistemas acuáticos de la comunidad Los Pájaros.","Guías locales, personas voluntarias, integrantes de la comunidad, investigadores y estudiantes vinculados con la conservación.","Platillos típicos de la región, especialmente gastronomía con productos provenientes de los cuerpos de agua cercanos.","La participación en actividades de educación ambiental, voluntariado y cuidado de la fauna y la flora.","La protección de los manatíes y las aves migratorias mediante conservación, investigación y participación comunitaria.",3221482412,jonuteek@gmail.com,Jonuteek,,"Catálogo de Experiencias Turísticas Mundo Maya México, UNESCO / Alianza Mundo Maya México, 2025",CC BY-SA 3.0 IGO,,,,,,"La experiencia permite observar manatíes y conocer su hábitat en los canales y ríos de Jonuta con el acompañamiento de guías locales. Durante el recorrido se explican el comportamiento, la alimentación y las necesidades de conservación de la especie, además de la biodiversidad asociada a la laguna de Los Pájaros. La visita puede complementarse con espacios recreativos y gastronomía regional preparada con productos de los cuerpos de agua cercanos.","Avistamiento guiado de manatíes, interpretación ambiental y alimentación controlada de la fauna."
MMM-030,Sumérgete en la aventura Ch’ulam Ja,Tabasco,Centla,Centla,México,18.379400,-92.598300,Sierra Maya,Gastronomía,Gastronomía,Asunción Hernández,"Recorrido en embarcación por los Pantanos de Centla, observación de flora y fauna, pesca tradicional y comida regional.",Máximo 20 personas,"La experiencia comienza en el restaurante El Negro Chon, donde se presenta la historia y la cultura de los Pantanos de Centla. Después de una charla de seguridad, se navega por los canales del humedal hasta la laguna San Pedrito mientras un guía explica la importancia ecológica del entorno. En la laguna se practica la recolección tradicional de almeja chocolata y, al regresar, se degustan empanadas de minilla, una bebida de temporada y las almejas asadas en fogón.",Museo de la Navegación (Exaduana Marítima de Frontera).,Cocina tradicional de agua con ingredientes propios de la región.,Reserva de la Biósfera de los Pantanos de Centla.,5 personas.,Ceviche blanco.,La conservación de los recursos naturales.,La transferencia de conocimientos de los recursos naturales.,9131024945,negrochon@hotmail.com,,https://www.instagram.com/restaurante_elnegrochon,"Catálogo de Experiencias Turísticas Mundo Maya México, UNESCO / Alianza Mundo Maya México, 2025",CC BY-SA 3.0 IGO,,,,,,"La experiencia comienza en el restaurante El Negro Chon, donde se presenta la historia y la cultura de los Pantanos de Centla. Después de una charla de seguridad, se navega por los canales del humedal hasta la laguna San Pedrito mientras un guía explica la importancia ecológica del entorno. En la laguna se practica la recolección tradicional de almeja chocolata y, al regresar, se degustan empanadas de minilla, una bebida de temporada y las almejas asadas en fogón.","Recorrido en embarcación por los Pantanos de Centla, observación de flora y fauna, pesca tradicional y comida regional."
MMM-031,Ceremonia de Kakaw,Tabasco,Comalcalco,Comalcalco,México,18.273300,-93.207200,Sierra Maya,Gastronomía,Gastronomía,Verónica Candelero,"Visita a plantaciones de cacao, ceremonia cultural, interpretación histórica y degustación de semillas, pozol y chocolate.",Máximo 12 personas,"La anfitriona introduce a las personas visitantes en la historia y el significado cultural del cacao antes de trasladarse a las plantaciones. Allí se realiza una ceremonia que vincula esta semilla con la espiritualidad y la memoria de los pueblos originarios. Durante el recorrido se explican el origen, los usos y las tradiciones asociados al cacao, y la experiencia concluye con una degustación de semillas, pozol y chocolate artesanal.",Zona arqueológica de Comalcalco.,Proceso de la ceremonia del cacao.,Plantíos de cacao.,3 personas.,Pan artesanal.,El rescate del patrimonio cultural a base de la semilla del cacao.,El consumo de productos locales.,9933725257,chocolatescacaste@gmail.com,Cacaste “Los sabores de Tabasco al mundo”,,"Catálogo de Experiencias Turísticas Mundo Maya México, UNESCO / Alianza Mundo Maya México, 2025",CC BY-SA 3.0 IGO,,,,,,"La anfitriona introduce a las personas visitantes en la historia y el significado cultural del cacao antes de trasladarse a las plantaciones. Allí se realiza una ceremonia que vincula esta semilla con la espiritualidad y la memoria de los pueblos originarios. Durante el recorrido se explican el origen, los usos y las tradiciones asociados al cacao, y la experiencia concluye con una degustación de semillas, pozol y chocolate artesanal.","Visita a plantaciones de cacao, ceremonia cultural, interpretación histórica y degustación de semillas, pozol y chocolate."
TLA-001,Magueyera Saniz,Tlaxcala,Calpulalpan,San Felipe Sultepec,México,19.587066,-98.618430,,Historia y arqueología | Naturaleza | Gastronomía,Talleres,Isela Aurea Islas Montiel,"Recorrido en la magueyera, recorrido en producción de miel de maguey, recorrido en tinacal-destileria, comidas y bebidas",Máximo 30 personas,"Adéntrate en el territorio del maguey y descubre su rica historia milenaria. Recorre la magueyera, aprende técnicas ancestrales, usa palabras en náhuatl y saborea el aguamiel fresco. Conoce la elaboración de miel de maguey y visita el tinacal para degustar pulque y destilados únicos, culminando con una deliciosa comida tradicional.",,,,,,,,7491049593,sanizmaguey@gmail.com,https://www.facebook.com/sanizmaguey/?locale=es_LA,https://www.instagram.com/sanizmaguey/,VERSIÓN 1 PLATAFORMA – Tlaxcala,,,,,,,"Explora el territorio del maguey, aprende técnicas milenarias y saborea aguamiel fresco. Descubre cómo se hace su miel, visita el tinacal para degustar pulque y destilados, y culmina con comida tradicional.","Explora el territorio del maguey, aprende técnicas milenarias y saborea aguamiel fresco. Descubre cómo se hace su miel, visita el tinacal para degustar pulque y destilados, y culmina con comida tradicional."
TLA-002,Maizapan,Tlaxcala,Tlaxco y Atlangatepec,"Buenavista, Tepeyahualco, Lagunilla, Matamoros y Tezoyo",México,19.569840,-98.272640,,Naturaleza | Artesanía | Gastronomía,Talleres,Hector Fuentes Ronquillo,"*Desayuno en el campo en temática de maíz que incluye lo siguiente: -dos tamales -atole de maíz azul libre acceso -café de maíz libre acceso -una gelatina de maíz morado -un tlaxcal relleno de requesón -tres polvorones pequeños de maíz azul -un pan tostado con mermelada de nopal . *Realización de una ceremonia prehispánica en agradecimiento a la madre tierra. *Explicación del maíz desde el enfoque biocultural y técnico. *Demostración de cómo se ciega y se pizca el maíz. *Actividades recreativas que se pondrán en práctica como la Rayuela, canicas, lotería y resortera. *Traslado al taller elabora tu mazapán -Aprenderá paso a paso cómo se elabora el mazapán de maíz azul con tus propias manos lo elaborarás guiado por el productor y creador del dulce y que comparte sus conocimientos con sencillez y cariño y al finalizar podrás llevarte tu mazapán como recuerdo de una experiencia llena de sabor y significado. *Visita guiada a la barca de la fe -Durante el recorrido se comparte el origen se narra cómo surgió la iniciativa y visión que motivó la construcción, uno de los momentos más emotivos de la visita es conocer como los propios pobladores participaron en su construcción al igual que cada detalle del templo refleja el amor, la dedicación y el compromiso de quienes creyeron en este proyecto. *Historia y degustación de mazapán -La degustación de los productos del maíz azul es un viaje sensorial que finalmente probarás el dulce sabor del maíz azul convertido en tradición viva. Cada bocado tiene textura suave, aroma tostado y un sabor que conecta con nuestras raíces. Es el equilibrio perfecto entre campo, familia y comunidad. Maizapán no solo alimenta el paladar, alimenta el alma. Es amor sembrado, tradición molida y herencia compartida. *Alimentos en temática de maíz La comida elaborada por manos de cocinera tradicional es mucho más que un servicio gastronómico, es una experiencia cultural viva que conecta historia, territorio y memoria. La cocina se convierte en un acto de amor a la Tierra y a los sabores heredados, la cocinera comparte no solo recetas, sino relatos, técnicas ancestrales y significado cultural. Los alimentos incluye lo siguiente:",Máximo 25 personas,"Vive el agroturismo en Tlaxcala y conecta con la tierra a través del maíz azul. Disfruta un desayuno tradicional y una ceremonia prehispánica en el maizal. Aprende a elaborar tu propio mazapán artesanal, maravíllate con La Barca de la Fe y saborea una exquisita comida ancestral.",,,,,,,,2411693081 / 2411015290,maizapan1977@gmail.com,https://www.facebook.com/maizapandetlaxcala/,https://www.instagram.com/maizapan_oficial/,VERSIÓN 1 PLATAFORMA – Tlaxcala,,,,,,,"Vive el agroturismo en Tlaxcala con el maíz azul. Disfruta un desayuno, una ceremonia prehispánica y elabora tu propio mazapán. Maravíllate visitando La Barca de la Fe y culmina saboreando una exquisita comida ancestral.","Vive el agroturismo en Tlaxcala con el maíz azul. Disfruta un desayuno, una ceremonia prehispánica y elabora tu propio mazapán. Maravíllate visitando La Barca de la Fe y culmina saboreando una exquisita comida ancestral."
TLA-003,"Axolotl, ¿Héroe o Villano?",Tlaxcala,Calpulalpan.,La Soledad.,México,19.335201,-98.628029,,Naturaleza | Gastronomía,Saberes Tradicionales,Elia Martínez Cajero,"Itinerario Axolotl: estacionamiento, baños, transporte en remolque, guía turístico, seguro del viajero, taller de lombricomposta y materiales, espectáculo de la leyenda del Quinto Sol y, eventualmente la comida si se contrató. Itinerio Luciérnaga: estacionamiento, baños, transporte en remolque, guía turístico, seguro del viajero, hospedaje, comidas (cena y desayuno) y taller teórico-práctico del pulque.",Máximo 84 personas,"Sumérgete en un bosque mágico donde la leyenda del Quinto Sol y el místico ajolote te enseñan sobre autoregeneración y bienestar. Participa en un taller de composta, interactúa con el maíz y el maguey, saborea la gastronomía tradicional y maravíllate con el avistamiento de luciérnagas.",,,,,,,,5511924922 / 7491039350,centrolas4e@gmail.com,https://www.facebook.com/Cuatroeluciernaga/,https://www.instagram.com/centrolas4e/,VERSIÓN 1 PLATAFORMA – Tlaxcala,,,,,,,"Vive un bosque mágico con la leyenda del Quinto Sol y el ajolote. Disfruta un taller de composta, interactúa con maíz y maguey, saborea la gastronomía local y maravíllate con el avistamiento de luciérnagas.","Vive un bosque mágico con la leyenda del Quinto Sol y el ajolote. Disfruta un taller de composta, interactúa con maíz y maguey, saborea la gastronomía local y maravíllate con el avistamiento de luciérnagas."
TLA-004,Saberes y Sabores de mi Pueblo,Tlaxcala,Nanacamilpa y Calpulalapan,Nanacamilpa y Calpulalapan,México,19.497916,-98.570045,,Historia y arqueología | Naturaleza | Gastronomía,Escenarios históricos,Yadira Olvera Linarte,". *Servicios y elementos cubiertos por el pago de la experiencia: Entradas y accesos a: - Santuario de las Luciérnagas (en temporada) - Zona Arqueológica de Tecoaque y museo de sitio - Bosque de Nanacamilpa - Centro histórico de Nanacamilpa, museo de sitio y degustación de helado o agua fresca o bebida caliente) - Pago por zonas ejidales y áreas protegidas - Información, orientación y guía en cada uno de los lugares de las rutas pagadas - Alimentos en ""El Ranchito"" (desayuno y comida) - Una noche de hospedaje en Hacienda San Cayetano",Máximo 40 personas,"Vive una experiencia única en Tlaxcala conectando historia y bienestar. Explora la Zona Arqueológica de Tecoaque y el centro histórico de Nanacamilpa. Disfruta un hospedaje excepcional en la Hacienda San Cayetano, deleítate con un desayuno tradicional en el bosque y relájate con un renovador baño forestal.",,,,,,,,4492781795,nohemibrindis3@gmail.com,https://www.facebook.com/p/Cuatro-Ra%C3%ADces-Rutas-y-Sabores-61574667981150/,https://www.instagram.com/yadiravianeyolvera/,VERSIÓN 1 PLATAFORMA – Tlaxcala,,,,,,,"Conecta historia y bienestar en Tlaxcala. Explora Tecoaque y Nanacamilpa, hospédate en Hacienda San Cayetano, saborea un desayuno en el bosque y relájate con un renovador baño forestal.","Conecta historia y bienestar en Tlaxcala. Explora Tecoaque y Nanacamilpa, hospédate en Hacienda San Cayetano, saborea un desayuno en el bosque y relájate con un renovador baño forestal."
TLA-005,Luciernagas en Nanacamilpa,Tlaxcala,Nanacamilpa,"Francisco I. Madero, San Felipe Hidalgo, Nanacamilpa y Tepuente",México,19.492486,-98.563156,,Gastronomía,Gastronomía y actividades,Ana Laura Huerta Ortiz y Fabiola Huerta Ortiz,DETALLADO ARRIVA PREGUNTA139,Máximo 68 personas,"Vive la magia de Nanacamilpa con esta experiencia inolvidable. Saborea la gastronomía local con xoletongo y tequexquite, y disfruta de una auténtica degustación de pulque. Al anochecer, maravíllate con el espectacular avistamiento de luciérnagas en Rancho Huertas. Finaliza tu aventura descansando plácidamente y descubriendo las fascinantes crónicas del parque.",,,,,,,,5554542806 / 2481618840,santuario.luciernagas.rh1@gmail.com,https://www.facebook.com/santuariohuertas/,https://www.instagram.com/ranchohuertas/,VERSIÓN 1 PLATAFORMA – Tlaxcala,,,,,,,"Vive Nanacamilpa degustando xoletongo, tequexquite y auténtico pulque. Maravíllate al anochecer avistando luciérnagas en Rancho Huertas, descubre fascinantes crónicas locales y descansa plácidamente en una experiencia mágica e inolvidable.","Vive Nanacamilpa degustando xoletongo, tequexquite y auténtico pulque. Maravíllate al anochecer avistando luciérnagas en Rancho Huertas, descubre fascinantes crónicas locales y descansa plácidamente en una experiencia mágica e inolvidable."
TLA-006,Nanayork,Tlaxcala,Nanacamilpa y Calpulalpan,"Tepuente Mpio de Nanacamilpa, Santa Isabel Mixtitlan y San Felipe Sultepec Municipio de Calpulalpan.",México,19.496130,-98.533090,,Historia y arqueología | Gastronomía,Gastronomía y actividades,Marcos Erick Morales Muñoz,"INTRODUCCION CULTURAL $ 250.00 RECORRIDO INTERPRETATIVO, DEGUISTACIÓN GUIADA DE AGUA MIEL Y PULQUE Y EXPLICACIÓN DEL METEPANTLE EXPERIENCIA PRODUCTIVA $ 950.00 RECORRIDO INTERPRETATIVO, DEGUISTACIÓN GUIADA DE AGUA MIEL Y PULQUE Y EXPLICACIÓN DEL METEPANTLE, COMIDA DE COCINA TRADICIONAL, CAPA DE MAGUEY. INMERSIÓN TÉCNICA $ 1650 RECORRIDO INTERPRETATIVO, DEGUISTACIÓN GUIADA DE AGUA MIEL Y PULQUE Y EXPLICACIÓN DEL METEPANTLE, COMIDA DE COCINA TRADICIONAL, CAPA DE MAGUEY. PROCESOS DE DESTILACION Y DEGUSTACIÓN , EXPLICACIÓN ACADEMICA DEL METEPANTLE , DEGUSTACIÓN DE LA CAPA DE MAGUEY.",Máximo 30 personas,"Descubre Nanayork, una inmersión en el Corredor Biocultural Santa Isabel–Tepuente. Conecta el pasado arqueológico de Tecoaque con la vitalidad agrícola actual mediante el sistema del metepantle. Participa en la extracción de aguamiel, aprende sobre el proceso del pulque y disfruta una integración gastronómica auténtica en este aula territorial viva.",,,,,,,,2461069978 / 5519808117 / 2411710265,nanayorktourism@gmail.com,https://www.facebook.com/people/Colectiva-Nanayork/61588567222421/,https://www.instagram.com/nanayork_tourism/,VERSIÓN 1 PLATAFORMA – Tlaxcala,,,,,,,"Descubre el Corredor Biocultural Santa Isabel–Tepuente. Une el pasado de Tecoaque y la agricultura actual, extrae aguamiel, aprende del pulque y disfruta gastronomía auténtica en esta inmersión viva.","Descubre el Corredor Biocultural Santa Isabel–Tepuente. Une el pasado de Tecoaque y la agricultura actual, extrae aguamiel, aprende del pulque y disfruta gastronomía auténtica en esta inmersión viva."
TLA-007,Huerto La Quinta,Tlaxcala,Españita,San Agustín.,México,19.460257,-98.509173,,Naturaleza | Artesanía,Naturaleza,Malinalli Jiménez Suárez y Ali Chumacero López,"1. Alimentos de cortesía 2. Guías de turistas 3. Actividades lúdicas (plantar árboles, podar, cosechas, ofrendas, etc) 4. Interacción con especies arbóreas 5. Consumo de frutales 6. Baño forestal 7. Almuerzo campirano 8. Paseo en canoa",Máximo 25 personas,"Descubre el Huerto Agroturístico La Quinta en Tlaxcala y conecta con la tierra. Degusta un desayuno artesanal y aprende sobre producción agroecológica cosechando tejocotes y manzanas. Escucha el corazón de los árboles, relájate con un baño forestal, rema en canoa y saborea un almuerzo campirano.",,,,,,,,2461493972 / 5667597636,huertolaquinta@gmail.com,https://www.facebook.com/MalinalliJS/,https://www.instagram.com/huerta.laquinta/,VERSIÓN 1 PLATAFORMA – Tlaxcala,,,,,,,"Conecta con la tierra en el Huerto La Quinta de Tlaxcala. Disfruta un desayuno artesanal, cosecha tejocotes, y aprende agroecología. Escucha a los árboles en un baño forestal, rema en canoa y deléitate con un almuerzo campirano.","Conecta con la tierra en el Huerto La Quinta de Tlaxcala. Disfruta un desayuno artesanal, cosecha tejocotes, y aprende agroecología. Escucha a los árboles en un baño forestal, rema en canoa y deléitate con un almuerzo campirano."
TLA-008,Viaje al Mundo del Maguey,Tlaxcala,Españita,Álvaro Obregón,México,19.464228,-98.473678,,Naturaleza | Gastronomía,Comunidad y vida cotidiana,Adriana Ortiz Nolasco,- Guía local del día - Consumo de fruta de temporada durante el recorrido - Consumo de pulque y aguamiel durante el recorrido - Recorrido del baño de bosque - Desayuno - Comida,Máximo 30 personas,"Vive una experiencia transformadora conectando con la naturaleza y el maguey. Disfruta un desayuno agroecológico y descubre ecotecnias en ""Los Domos"". Aprende a extraer aguamiel, relájate con un baño de bosque y meditación. Explora los secretos del tinacal, cocina platillos tradicionales y reconecta tu espíritu con esta herencia ancestral sustentable.",,,,,,,,2461354075,ortiznolascoadriana@gmail.com,https://www.facebook.com/ProductosOrganicosDelMagueyal/?locale=es_LA,https://www.instagram.com/herencia_delmagueyal/,VERSIÓN 1 PLATAFORMA – Tlaxcala,,,,,,,"Conecta con la naturaleza en ""Los Domos"". Disfruta un desayuno agroecológico, extrae aguamiel y relájate con meditación y baño de bosque. Descubre el tinacal, cocina platillos tradicionales y vive esta herencia sustentable.","Conecta con la naturaleza en ""Los Domos"". Disfruta un desayuno agroecológico, extrae aguamiel y relájate con meditación y baño de bosque. Descubre el tinacal, cocina platillos tradicionales y vive esta herencia sustentable."
TLA-009,El Camino Grande,Tlaxcala,"San Idelfonso Hueyotlipan, Panotla y Tlaxco","Hueyotlipan, San Mateo Huexoyucan y San Andres Buenavista",México,19.46997594,-98.34752823,,Historia y arqueología | Naturaleza | Artesanía | Gastronomía,Escenarios históricos,Doris Elena Macías García,Servicio de guía Acceso a minas de tiza Acceso a barac de la fe,Máximo 50 personas,"Conecta con la historia y la naturaleza de Hueyotlipan en este viaje. Explora su exconvento franciscano, murales y la icónica Barca de la Fe. Adéntrate en las impresionantes minas de tiza, visita un apiario y deleita tu paladar con deliciosos quesos artesanales, helados, maizapán y gastronomía local.",,,,,,,,2228134331 / 2215968147,koolturistico@gmail.com,https://www.facebook.com/p/Culturistico-Hueyotlipan-100071339749830/?locale=es_LA,https://www.instagram.com/culturistico_hueyotlipan/,VERSIÓN 1 PLATAFORMA – Tlaxcala,,,,,,,"Explora Hueyotlipan: su exconvento, murales y La Barca de la Fe. Adéntrate en minas de tiza, visita un apiario y deleita tu paladar con quesos artesanales, helados, mazapán y deliciosa gastronomía local.","Explora Hueyotlipan: su exconvento, murales y La Barca de la Fe. Adéntrate en minas de tiza, visita un apiario y deleita tu paladar con quesos artesanales, helados, mazapán y deliciosa gastronomía local."
TLA-010,Respirando Rutas,Tlaxcala,Tetla de la Solidaridad | San Antonio Cuaxomulco | San Jose Teacalco,Ocotitla | San Bartolome Matlalohcan | Primera Seccion Cuaxomulco | Segunda Sección Teacalco,México,19.455105,-98.096194,,Naturaleza | Senderismo | Gastronomía,Comunidad y vida cotidiana,Alicia Torres Trujillo,"1. Experiencia Respirando Rutas incluye: Estacionamiento, préstamo de bastón de senderismo, meditación guiada, uso de botiquín de primeros auxilios, guía. 2. Experiencia Respirando Rutas en comunidad con Tepeyololco: Estacionamiento, préstamo de bastón de senderismo, meditación guiada, uso de botiquín de primeros auxilios, guía, servicio de temazcal comunitario, masaje relajante, comida en comedor, hospedaje en cabaña, cena en comedor y desayuno en comedor.",Máximo 30 personas,"Renueva tu espíritu caminando por los hermosos senderos de Tlaxcala. Acompañado por saberes comunitarios, conectarás con los cuatro elementos mediante rituales ancestrales para liberar emociones. Alcanza la cima, maravíllate con los imponentes gigantes dormidos como la Matlalcueyétl, y culmina esta sanadora experiencia degustando la auténtica gastronomía local.",,,,,,,,2414208514,respirandorutas2022@gmail.com,https://www.facebook.com/respirandorutas,https://www.instagram.com/respirandorutas/,VERSIÓN 1 PLATAFORMA – Tlaxcala,,,,,,,"Renueva tu espíritu en los senderos de Tlaxcala. Conecta con los elementos en rituales liberadores, maravíllate en la cima con gigantes dormidos como la Matlalcueyétl y culmina la sanación degustando auténtica gastronomía local.","Renueva tu espíritu en los senderos de Tlaxcala. Conecta con los elementos en rituales liberadores, maravíllate en la cima con gigantes dormidos como la Matlalcueyétl y culmina la sanación degustando auténtica gastronomía local."
TLA-011,La Ruta de la Miel Terrenate,Tlaxcala,Terrenate y Huamantla,Localidad 1. Guadalupe Victoria (Terrenate) | Localidad 2. Terrenate Centro | Localidad 3. Huamantla Centro,México,19.439052,-97.937962,,Historia y arqueología | Naturaleza | Gastronomía,Naturaleza,Marisol Fuentes Hernández y Mauricio Hernández López,Ingreso a la Hacienda Uso de sanitarios públicos Desayuno 1 Comidas Recorrido por cultivos de fresa (de acuerdo a la temporada) Charla introductoria al mundo de las abejas y la apicultura Equipo de apicultor Visita al santuario de las abejas Meditación con abejas Degustación de mieles y productos derivados Visita al interior de la Hacienda,Máximo 65 personas,Vive la Ruta de la Miel en la histórica Hacienda San Juan Bautista Tepeyahualco. Conecta con la naturaleza recorriendo hermosos cultivos de fresas y adéntrate al santuario de abejas para meditar profundamente. Saborea distintas mieles y finaliza este transformador viaje degustando auténtica gastronomía tradicional elaborada por cocineras de Guadalupe Victoria.,,,,,,,,5536580299,ruta.tierravictoria@gmail.com,https://www.facebook.com/LaRutadelaMiel/?locale=es_LA,https://www.instagram.com/larutadelamiel/,VERSIÓN 1 PLATAFORMA – Tlaxcala,,,,,,,"Vive la Ruta de la Miel en Hacienda San Juan Bautista. Recorre cultivos de fresa, medita en el santuario de abejas, cata mieles y finaliza degustando rica gastronomía local de Guadalupe Victoria.","Vive la Ruta de la Miel en Hacienda San Juan Bautista. Recorre cultivos de fresa, medita en el santuario de abejas, cata mieles y finaliza degustando rica gastronomía local de Guadalupe Victoria."
TLA-012,Del Metepantle al Tinacal,Tlaxcala,Altzayanca,San José Buenavista,México,19.45149863,-97.80235012,,Naturaleza | Gastronomía,Saberes Tradicionales,José Geronimo Rosainz Arroyo,Experiencia Alimentos y bebidas,Máximo 50 personas,Descubre la magia del maguey en una fascinante experiencia de naturaleza. Recorre hermosas magueyeras y aprende a extraer aguamiel con instrumentos ancestrales. Visita el tinacal para conocer los secretos del pulque y la destilación del mezcal. Culmina tu día disfrutando una deliciosa comida tradicional y una exquisita degustación de curados.,,,,,,,,2471061427 / 2474758029,sauces.gero@gmail.com,https://www.facebook.com/grupomayamel/#,,VERSIÓN 1 PLATAFORMA – Tlaxcala,,,,,,,"Explora magueyeras y aprende a extraer aguamiel con herramientas ancestrales. Visita el tinacal, descubre los secretos del pulque y destilación del mezcal, y culmina saboreando comida tradicional con una degustación de curados.","Explora magueyeras y aprende a extraer aguamiel con herramientas ancestrales. Visita el tinacal, descubre los secretos del pulque y destilación del mezcal, y culmina saboreando comida tradicional con una degustación de curados."
TLA-013,Museo Comunitario de Atltzayanca,Tlaxcala,,,México,19.4269509060257,-97.7974471187814,,Historia y arqueología | Naturaleza,Escenarios históricos,Óscar Huacuja,,,"Descubre el Museo Comunitario de Atltzayanca, un pequeño espacio que resguarda una gran historia. Conecta con el patrimonio, las raíces y la identidad tlaxcalteca explorando sus fascinantes exhibiciones locales en un viaje inolvidable.",,,,,,,,2761060961,,https://www.facebook.com/museocomunitario.deatltzayanca/,,VERSIÓN 1 PLATAFORMA – Tlaxcala,,,,,,,"Descubre el Museo Comunitario de Atltzayanca, un pequeño espacio que resguarda una gran historia. Conecta con el patrimonio, las raíces y la identidad tlaxcalteca explorando sus fascinantes exhibiciones locales en un viaje inolvidable.","Descubre el Museo Comunitario de Atltzayanca, un pequeño espacio que resguarda una gran historia. Conecta con el patrimonio, las raíces y la identidad tlaxcalteca explorando sus fascinantes exhibiciones locales en un viaje inolvidable."
TLA-014,Huertas San Isidro,Tlaxcala,Altzayanca,Concepción Hidalgo,México,19.395712,-97.824100,,Naturaleza | Gastronomía,Saberes Tradicionales,Candelaria Morales Silban,"La experiencia ""Raices de Atltazayanca, Sabores del campo de Huertas San Isidro"" incluye: * el trabajo de 2 guías * la entrada a Casa Atlzayanca * El recorrido: senderismo Interpretativo y biocultural en la huerta (incluido la plática ""la alquimia del injerto"") * Un frasco de néctar de durazno * Degustación de fruto * Participación en Taller de mole de durazno (insumos y degustación) * Comida (sopa de la casa, arroz, tortillas hechas a mano, mole de durazno con guajolote o pollo criollos) * Infusión * Degustación de pulque *Acceso a sanitarios * Estacionamiento",Máximo 25 personas,"Descubre ""Raíces de Atltzayanca"" en Huertas San Isidro, un santuario de tradición y agricultura orgánica. Aprende la alquimia del injerto, participa en la cosecha de duraznos y maravíllate con la medicina ancestral. Culmina esta inmersión preparando un exquisito mole de durazno en fogón tradicional.",,,,,,,,2471076797 / 2761043119,argelio18morales@gmail.com,https://www.facebook.com/Huertassanisidro/?locale=es_LA,https://www.instagram.com/huertas_san_isidro/,VERSIÓN 1 PLATAFORMA – Tlaxcala,,,,,,,"Descubre ""Raíces de Atltzayanca"" en Huertas San Isidro. Aprende la alquimia del injerto, cosecha duraznos y maravíllate con la medicina ancestral. Culmina preparando un exquisito mole de durazno en fogón tradicional.","Descubre ""Raíces de Atltzayanca"" en Huertas San Isidro. Aprende la alquimia del injerto, cosecha duraznos y maravíllate con la medicina ancestral. Culmina preparando un exquisito mole de durazno en fogón tradicional."
TLA-015,Territorio del Coyote,Tlaxcala,Yauhquemehcan,"San Francisco Tlacuilohcan, Santa María Atlihuetzian",México,19.392590,-98.201380,,Naturaleza | Artesanía,Naturaleza,Tonatzin Osorio Herrera,"Guía, alimentos, insumos de talleres",Máximo 35 personas,"Explora el místico bosque de Tlacuilohcan, un refugio donde la naturaleza se entrelaza con leyendas ancestrales. Conoce el emblemático ""Árbol de las Brujas"", recorre la impresionante barranca de los huesos gigantes, elabora artesanías personalizadas y disfruta de un exquisito desayuno tradicional con conejo.",,,,,,,,5654918316 / 2411225386 / 2462217373,ecoturismotlahuilohcan@gmail.com,https://www.facebook.com/ecoturismotlacuilohcan?locale=es_LA,https://www.instagram.com/ecoturismotlacuilohcan?utm_source=ig_web_button_,VERSIÓN 1 PLATAFORMA – Tlaxcala,,,,,,,"Explora el místico bosque de Tlacuilohcan y sus leyendas. Visita el ""Árbol de las Brujas"", recorre la barranca de huesos gigantes, elabora artesanías y disfruta un rico desayuno tradicional con conejo.","Explora el místico bosque de Tlacuilohcan y sus leyendas. Visita el ""Árbol de las Brujas"", recorre la barranca de huesos gigantes, elabora artesanías y disfruta un rico desayuno tradicional con conejo."
TLA-016,Tenex: Manos de Libertad,Tlaxcala,Ixtacuixtla de Mariano Matamoros,La Trinidad Tenexyecac,México,19.333624,-98.319540,,Historia y arqueología | Senderismo | Artesanía | Gastronomía,Talleres,Bernardo Juarez Rodriguez,"el pago incluye: guía turístico, comida, snack , taller (también incluye las herramientas utilizadas durante) , artesanía elaborada durante el taller .",Máximo 20 personas,"Vive la experiencia ""Tenex, manos de libertad"" en Trinidad Tenexyecac, Tlaxcala. Recorre senderos cargados de historia, medita bajo un árbol sagrado y conoce el origen del barro. Disfruta una comida tradicional y, en un taller de alfarería, modela tu propia pieza mientras conectas con la libertad y el alma alfarera.",,,,,,,,2461438953 / 2461566453,bernartesan@hotmail.com,https://www.facebook.com/p/Tenex-Manos-de-Libertad-100075942277365/,https://www.instagram.com/manos_de_libertad/,VERSIÓN 1 PLATAFORMA – Tlaxcala,,,,,,,"Vive ""Tenex, manos de libertad"" en Tlaxcala. Recorre senderos, medita bajo un árbol sagrado y descubre el barro. Disfruta comida tradicional y modela tu propia pieza en un taller que conecta almas alfareras.","Vive ""Tenex, manos de libertad"" en Tlaxcala. Recorre senderos, medita bajo un árbol sagrado y descubre el barro. Disfruta comida tradicional y modela tu propia pieza en un taller que conecta almas alfareras."
TLA-017,El Tlachiqueo de las Alturas,Tlaxcala,Panotla,San Francisco Temetzontla,México,19.341385,-98.280370,,Senderismo | Gastronomía,Talleres,Jessica Vázquez Reyna,• Guía de turistas acreditada • Barra energética de amaranto • Desayuno local elaborado con maíz (2 tlacoyos 2 quesadillas y agua) • Recorrido magueyero • Visita a 3 espacios de producción de pulque • Degustación de aguamiel en 1 espacio • Degustación de pulque natural en los 3 espacios visitados • Degustación de pulque curado en 1 espacio • Comida (2 tiempos con elaborada con algún elemento tradicional),Máximo 30 personas,"Descubre Temetzontla, Tlaxcala, y conviértete en tlachiquero por un día. Rodeado de magueyes, recorre senderos ancestrales para extraer aguamiel directamente de la planta. Conoce a los productores locales, deléitate con gastronomía comunitaria y saborea el auténtico pulque natural y curado.",,,,,,,,2462212639,polinizadoracultural.tlax@gmail.com,https://www.facebook.com/PulquesLaPoli,https://www.instagram.com/polinizadoracultural/,VERSIÓN 1 PLATAFORMA – Tlaxcala,,,,,,,"Sé tlachiquero por un día en Temetzontla, Tlaxcala. Recorre senderos entre magueyes para extraer aguamiel, conoce a los productores locales, degusta la gastronomía comunitaria y saborea el auténtico pulque natural o curado.","Sé tlachiquero por un día en Temetzontla, Tlaxcala. Recorre senderos entre magueyes para extraer aguamiel, conoce a los productores locales, degusta la gastronomía comunitaria y saborea el auténtico pulque natural o curado."
TLA-018,Cabañas Techichilco,Tlaxcala,Totolac,"Los Reyes Quiahuixtlan, Santiago Tepectipac y San Juan Totolac.",México,19.338090,-98.249782,,Historia y arqueología | Naturaleza | Senderismo | Gastronomía,Saberes Tradicionales,Katia Olaya Jimenez Zempoalteca,"Guía turístico, comidas, artesanías elaboradas, entradas a museos comunitarios, transporte, hospedaje, estacionamiento, pago a zonas a ´áreas naturales protegidas.",Máximo 100 personas,"Vive una inmersión total en Totolac, Tlaxcala, conecta con la historia de los señoríos tlaxcaltecas, participa en talleres de nixtamalización y pan de fiesta, y sana en un temazcal tradicional. Recorre senderos ancestrales y fortalece tu conciencia ambiental en un entorno de hospitalidad auténtica.",,,,,,,,2464946119 / 2463602194,cabanas.techichilco@gmail.com,https://www.facebook.com/Techichilco/,https://www.instagram.com/cabanastechichilco/,VERSIÓN 1 PLATAFORMA – Tlaxcala,,,,,,,"Explora Totolac y la historia tlaxcalteca. Recorre senderos ancestrales, participa en talleres de nixtamalización y pan de fiesta, sana en un temazcal tradicional y fortalece tu conciencia ambiental con hospitalidad auténtica.","Explora Totolac y la historia tlaxcalteca. Recorre senderos ancestrales, participa en talleres de nixtamalización y pan de fiesta, sana en un temazcal tradicional y fortalece tu conciencia ambiental con hospitalidad auténtica."
TLA-019,Pulque Tour,Tlaxcala,Nanacamilpa y Calpulalpan,"Sultepec, Mazapa, y Tepuente",México,19.31471205697194,-98.23834403227595,,Historia y arqueología | Gastronomía,Gastronomía y actividades,Victor Bastida López.,"1. Servicios de Guías Guía especializado en Turismo Biocultural: Acompañamiento por un intérprete del patrimonio o guías locales capacitados que narra la historia arqueológica, agraria y mística. Anfitriones Locales: Pagos a los tlachiqueros y dueños de tinacales por el tiempo dedicado a la enseñanza y demostración de sus saberes. 2. Entradas y Accesos a Sitios Patrimoniales Zona Arqueológica de Zultépec-Tecoaque: Gestión de acceso al sitio y recorrido por su Museo de Sitio. Acceso a Haciendas (Mazapa o San Cayetano): Cuota de entrada y permiso de fotografía en las instalaciones de las ex- haciendas pulqueras. Contribución a Áreas Ejidales: Pagos por el derecho de paso en los senderos y magueyeras que pertenecen a los ejidatarios de la comunidad de Tepuente. (temporada de luciérmagas) 3. Talleres y Materiales (Recuerdos Físicos) Taller de de educación ambiental adopta un maguey con tu nombre. Kit de Bienvenida (Opcional según paquete): incluye un jarrito de barro artesanal para las degustaciones. 4. Experiencia Gastronómica Completa Desayuno Campirano o Ritual de Bienvenida: Café de olla, pan de pulque o antojitos locales. Comida Tradicional en Tepuente: Menú completo servido por las cocineras tradicionales, que incluye: Platillo fuerte a base de maguey (mixiote, carne al pulque o ximbó). Complementos de la milpa (sopa de milpa, frijoles de la olla, salsas de molcajete). Agua de fruta natural o bebida local. Degustación Ilimitada (Cata): Aguamiel fresco de la mañana, pulque natural ""de punta"" y curados de temporada en los tinacales de Tepuente. 5. Conservación y Seguro Cuota de Conservación: Un porcentaje del pago se destina a la reforestación de magueyes (el programa ""Adopta un Maguey"") y mantenimiento de suelos. Seguro de Viajero: Cobertura de gastos médicos básicos durante el recorrido.",Máximo 170 personas,"Embárcate en un viaje hacia las raíces de México con Oactli Tours. Conecta con el maguey, ""árbol de las maravillas"", viviendo la experiencia del tlachiquero y degustando aguamiel puro. Visita la zona arqueológica de Tecoaque, apoya la economía local y reivindica el pulque como la auténtica ""Bebida de los Dioses"".",,,,,,,,2462229669 / 2461284386 / 7491117918,experienciasoactli@gmail.com,https://www.facebook.com/ToursOactli/?locale=es_LA,https://www.instagram.com/oactlitours/,VERSIÓN 1 PLATAFORMA – Tlaxcala,,,,,,,"Viaja a las raíces con Oactli Tours. Conecta con el maguey, sé tlachiquero y degusta aguamiel puro. Visita la zona arqueológica de Tecoaque y disfruta del pulque, la auténtica ""Bebida de los Dioses"".","Viaja a las raíces con Oactli Tours. Conecta con el maguey, sé tlachiquero y degusta aguamiel puro. Visita la zona arqueológica de Tecoaque y disfruta del pulque, la auténtica ""Bebida de los Dioses""."
TLA-020,Secretos del Sarape de Contla,Tlaxcala,Contla de Juan Cuamatzi,San Miguel Xaltipan,México,19.321715,-98.170260,,Historia y arqueología | Naturaleza | Artesanía | Gastronomía,Talleres,Pedro Netzahualcoyotl Nava,1. Talleres 2. Comida 3. Guía interpretativa,Máximo 15 personas,"Descubre la ""Ruta Secretos del Sarape"" en Contla. En el taller Netzahualcoyotl, sumérgete en la historia de esta icónica prenda. Conecta con la naturaleza tiñendo fibras con grana cochinilla y añil, y plasma tus emociones tejiendo en un telar de pedal. Termina esta mágica experiencia compartiendo una exquisita comida tradicional.",,,,,,,,2464401274 / 2461888880,pitnavanetza@gmail.com,https://www.facebook.com/piter.netzahualcoyotlnava/,https://www.instagram.com/netzahualcoyotlnavapiter/,VERSIÓN 1 PLATAFORMA – Tlaxcala,,,,,,,"Vive la ""Ruta Secretos del Sarape"" en Contla. Aprende su historia, tiñe fibras con grana cochinilla y añil, y teje en un telar de pedal. Termina esta mágica experiencia con una deliciosa comida tradicional.","Vive la ""Ruta Secretos del Sarape"" en Contla. Aprende su historia, tiñe fibras con grana cochinilla y añil, y teje en un telar de pedal. Termina esta mágica experiencia con una deliciosa comida tradicional."
TLA-021,El Camino del Tlachiquero,Tlaxcala,San José Teacalco,San José Teacalco,México,19.334030,-98.080710,,Gastronomía,Gastronomía y actividades,Gustavo Hernández López,Ceremonia tradicional de bienvenida Introducción al significado cultural del maguey y el oficio del tlachiquero Experiencia “Mi Cuate” Adopta y planta tu maguey Siembra simbólica de maguey Elección de nombre Fotografía conmemorativa Explicación sobre el crecimiento y cuidado del maguey Desayuno Tradicional Alimentos elaborados a base de maíz Bebidas tradicionales Espacio de convivencia Traslado a Pulques Cuaxilotl Encuentro con Tlachiquero (40 años de experiencia) Recorrido en magueyera Demostración de raspado Extracción de aguamiel Degustación directa Traslado a Tinacal Los Ortega Encuentro con el Tlachiquero más joven de la región Historia de inicio en el oficio Experiencia práctica de raspado Degustación de pulque Traslado a Cabañas Yolican Malinche Recorrido en Metepantle con Don Pepe Gómez Sistema tradicional de cultivo Biodiversidad del maguey Importancia ecológica y agrícola Tinacal de Nachito Cata y relato de vida,Máximo 50 personas,"Vive el ""Camino del Tlachiquero"", una aventura biocultural que conecta cuerpo, tierra y memoria en Tlaxcala. Planta tu propio maguey, participa en el proceso de extracción de aguamiel y aprende de maestros tlachiqueros. Recorre tinacales, degusta el pulque tradicional y apoya directamente a las familias guardianas de esta milenaria tradición.",,,,,,,,2411331096 / 2431223953,yalitours08@gmail.com,https://www.facebook.com/people/Yali-Tours/61555663891898/?locale=fo_FO#,https://www.instagram.com/yali_tours/,VERSIÓN 1 PLATAFORMA – Tlaxcala,,,,,,,"Vive el ""Camino del Tlachiquero"" en Tlaxcala. Planta un maguey, extrae aguamiel y aprende de expertos. Recorre tinacales, degusta pulque tradicional y apoya a las familias que cuidan esta tradición milenaria.","Vive el ""Camino del Tlachiquero"" en Tlaxcala. Planta un maguey, extrae aguamiel y aprende de expertos. Recorre tinacales, degusta pulque tradicional y apoya a las familias que cuidan esta tradición milenaria."
TLA-022,Metate y Molcajete,Tlaxcala,Huamantla,Huamantla,México,19.308278,-97.959229,,Historia y arqueología | Gastronomía,Saberes Tradicionales,Moises Trinidad Altamirano Hernández,1. alimentos 2. experiencia en campo con 3 elotes 3. experiencia en la elaboración del metate y el molcajete 4. curado del molcajete 5. regalo para ganador del concurso 6. fruta de temporada 3 piezas,Máximo 35 personas,"Vive la experiencia Metlatl y conecta con las raíces de México. Recorre el campo para descubrir la milpa y el maíz nativo. Con martillo y cincel, aprende a tallar y curar un molcajete ancestral. Finalmente, muele tu propia masa y degusta un exquisito manjar tradicional con auténtico sabor tlaxcalteca.",,,,,,,,2471290855 / 2471312703,miisalta12@gmail.com,https://www.facebook.com/metlalt/?locale=es_LA,https://www.instagram.com/metlatl/,VERSIÓN 1 PLATAFORMA – Tlaxcala,,,,,,,"Vive la experiencia Metlatl y sus raíces. Recorre la milpa de maíz nativo, aprende a tallar un molcajete ancestral con cincel, muele tu propia masa y degusta un manjar tradicional con auténtico sabor tlaxcalteca.","Vive la experiencia Metlatl y sus raíces. Recorre la milpa de maíz nativo, aprende a tallar un molcajete ancestral con cincel, muele tu propia masa y degusta un manjar tradicional con auténtico sabor tlaxcalteca."
TLA-023,Creando tu Minialfombra,Tlaxcala,Huamantla,Colonia centro,México,19.306003,-97.924746,,Historia y arqueología | Artesanía,Talleres,José Francisco Montiel Palacios,Cubre solo la experiencia,Máximo 80 personas,"Vive una experiencia cultural incluyente y familiar creando arte efímero. Guiado por expertos artesanos alfombristas, conocerás la fascinante historia, técnicas y herramientas de esta hermosa tradición. Aprende el proceso de teñido y elabora tu propia alfombra de aserrín y arenas multicolores.",,,,,,,,2474724774 / 2471140002,alfombrastapetesyexperiencias@gmail.com,https://www.facebook.com/alfombrastapetesyportadas/?locale=es_LA,https://www.instagram.com/alfombrastapetesyexperiencias/,VERSIÓN 1 PLATAFORMA – Tlaxcala,,,,,,,"Disfruta creando arte efímero en familia con expertos alfombristas. Descubre la historia y técnicas de esta tradición, aprende el proceso de teñido y elabora tu propia e increíble alfombra de aserrín y arenas multicolores.","Disfruta creando arte efímero en familia con expertos alfombristas. Descubre la historia y técnicas de esta tradición, aprende el proceso de teñido y elabora tu propia e increíble alfombra de aserrín y arenas multicolores."
TLA-024,"Zaragoza, Te Queremos Conocer",Tlaxcala,Huamantla,Ignacio Zaragoza y colonia Emiliano Zapata,México,19.296225,-97.917148,,Historia y arqueología | Gastronomía,Saberes Tradicionales,Marilú Martínez Flores,1. Bebida de cortesía 2. Bocadillo 3. Recorrido por huerto 4. Degustación en el fogón (cinco recetas),Máximo 25 personas,"Descubre el sagrado legado de las abuelas en San Francisco Soltepec. Conecta con la tierra recorriendo un hermoso huerto medicinal bajo la Matlalcueyétl. Despierta tus sentidos con aromaterapia, aprende los secretos de la herbolaria elaborando productos naturales y saborea la historia degustando exquisitas recetas ancestrales preparadas en un auténtico fogón.",,,,,,,,2462433898 / 2461576041 / 2411265590,herbolariaycocinajardindelasfl@gmail.com,https://www.facebook.com/profile.php?id=61551374920297&rdid=fFX92BJ68DbudLmZ&share_url=https%3A%2F%2Fwww.facebook.com%2Fshare%2F1BLmPZWHAc%2F#,https://www.instagram.com/fjardindelas/,VERSIÓN 1 PLATAFORMA – Tlaxcala,,,,,,,"Conecta con la tierra en un huerto medicinal de San Francisco Soltepec. Despierta sentidos con aromaterapia, aprende herbolaria creando productos naturales y degusta recetas ancestrales cocinadas al fogón, legado de las abuelas.","Conecta con la tierra en un huerto medicinal de San Francisco Soltepec. Despierta sentidos con aromaterapia, aprende herbolaria creando productos naturales y degusta recetas ancestrales cocinadas al fogón, legado de las abuelas."
TLA-025,Maices Nativos de Colores,Tlaxcala,Ixtenco,Ixtenco,México,19.255645,-97.894864,,Artesanía | Gastronomía,Talleres,Cornelio Hernández Rojas,1. Recorrido en campo 2. Talleres 3. Comida 4. Explicación del guía y de artesanas y artesanos.,Máximo 60 personas,"Descubre la memoria biocultural de nuestra región en una experiencia única. Inicia con un desayuno campestre y recorre sembradíos para conocer la visión campesina y el cultivo del maíz nativo. Participa en talleres de telares, bordado o cocina tradicional. Culmina saboreando nuestra auténtica gastronomía ancestral.",,,,,,,,2471190417,teresasolo534@gmail.com,https://www.facebook.com/p/Casa-X%C3%BAa-100066325643952/,https://www.instagram.com/casa_xua/,VERSIÓN 1 PLATAFORMA – Tlaxcala,,,,,,,"Descubre nuestra memoria biocultural. Tras un desayuno campestre, recorre sembradíos para aprender sobre maíz nativo. Participa en talleres de telar, bordado o cocina y culmina saboreando nuestra auténtica gastronomía ancestral.","Descubre nuestra memoria biocultural. Tras un desayuno campestre, recorre sembradíos para aprender sobre maíz nativo. Participa en talleres de telar, bordado o cocina y culmina saboreando nuestra auténtica gastronomía ancestral."
TLA-026,Aventura Vivencial Otomí,Tlaxcala,Ixtenco,Ixtenco,México,19.251429,-97.894935,,Historia y arqueología | Artesanía | Gastronomía,Gastronomía y actividades,Jose Abel Aguilar Martinez,1. INCLUYE: -GUIA DURANTE SU EXPERIENCIA –INGREDIENTES PARA LA ELABORACION DE ALIMENTOS –DEGUSTACION DE COMIDIA TRADICIONAL –HERRAMIENTAS PARA LA ELABORACION DE ARTESANIA –ARTESANIA REALIZADA POR EL VIA JERO –GUIANZA Y ACOMPAÑAMIENTO POR COCINERAS TRADIONALES Y ARTESANOS.,Máximo 15 personas,"Sumérgete en la magia otomí durante esta experiencia de 5 horas. Recorre el centro histórico, aprende secretos gastronómicos con una cocinera tradicional y participa en la elaboración de platillos endémicos. Concluye creando tu propio cuadro de semillas nativas junto a un artesano local.",,,,,,,,2471076449 / 2471046976,aventuratourtlx@gmail.com,https://www.facebook.com/share/1BNHn5wayh/,https://www.instagram.com/touraventura1?utm_source=ig_web_button_share_sheet&igsh=ZDNlZDc0MzIxNw==,VERSIÓN 1 PLATAFORMA – Tlaxcala,,,,,,,"Sumérgete en la magia otomí. Recorre el centro histórico, aprende secretos de cocina tradicional y elabora platillos endémicos. Culmina la experiencia creando tu propio cuadro de semillas nativas con un artesano local.","Sumérgete en la magia otomí. Recorre el centro histórico, aprende secretos de cocina tradicional y elabora platillos endémicos. Culmina la experiencia creando tu propio cuadro de semillas nativas con un artesano local."
TLA-027,"Maiz, Tierra y Fuego",Tlaxcala,Ixtenco,Ixtenco,México,19.246071,-97.894816,,Naturaleza | Artesanía | Gastronomía,Saberes Tradicionales,Ana Lilia Hernández Rodríguez,1. Recorrido guiado en la parcela ejidal del cultivo del maíz 2. Degustación de tlacoyos y agua de maíz 3. Recorrido en el centro de Ixtenco (Parroquia de San Juan y museo comunitario) 4. Taller de cuadros de semilla 5. Taller de bordado de pepenado 6. Menú de cocina tradicional 7. Guía de grupo 8. Seguro (Asistencia al viajero),Máximo 40 personas,"Descubre Ixtenco, el último bastión otomí, a través de la ruta ""Maíz, Tierra y Fuego"". Camina por la milpa sagrada, conoce el invaluable Banco de Semillas y admira la parroquia del siglo XVII. Aprende el bordado de pepenado, crea hermoso arte con semillas y saborea la exquisita cocina ancestral Yuhmu.",,,,,,,,2461283997 / 2471383839 / 2464937423,info@escalaconsultores.com,,https://www.instagram.com/escalaexperienciasmx/,VERSIÓN 1 PLATAFORMA – Tlaxcala,,,,,,,"Descubre Ixtenco, bastión otomí, en la ruta ""Maíz, Tierra y Fuego"". Recorre la milpa, visita el Banco de Semillas y su parroquia. Aprende bordado de pepenado, crea arte con semillas y prueba la cocina ancestral Yuhmu.","Descubre Ixtenco, bastión otomí, en la ruta ""Maíz, Tierra y Fuego"". Recorre la milpa, visita el Banco de Semillas y su parroquia. Aprende bordado de pepenado, crea arte con semillas y prueba la cocina ancestral Yuhmu."
TLA-028,Entre Semillas y Raíces Cuaula,Tlaxcala,,,México,,,,Naturaleza | Gastronomía,Gastronomía y actividades,Manuela Ortega Vega,,,"Este proyecto nace directamente de la comunidad como una iniciativa de integración de turismo rural, comunitario y biocultural, enfocada en la salvaguarda, protección y respeto del patrimonio material, inmaterial y la vida espiritual de nuestra tierra.",,,,,,,,5574857017 / 5538040910,,,,VERSIÓN 1 PLATAFORMA – Tlaxcala,,,,,,,"Este proyecto nace directamente de la comunidad como una iniciativa de integración de turismo rural, comunitario y biocultural, enfocada en la salvaguarda, protección y respeto del patrimonio material, inmaterial y la vida espiritual de nuestra tierra.","Este proyecto nace directamente de la comunidad como una iniciativa de integración de turismo rural, comunitario y biocultural, enfocada en la salvaguarda, protección y respeto del patrimonio material, inmaterial y la vida espiritual de nuestra tierra."
TLA-029,Experiencia Agroturística del Nogal,Tlaxcala,Teolocholco,"Sección Primera, Sección Segunda, Acxotla del Monte, Cuaxinca, Sección Quinta, todas pertenecientes al municipio de | Teolocholco.",México,19.246665,-98.190375,,,,Hamlet Robles Sánchez,"- Guías expertos (locales) que coordinan cada estación. - Materiales para talleres (tela, hilo, tintes, etc.). - Degustación de productos de la localidad (lácteos, conservas y preparados a base de nuez) - Pieza elaborada por el visitante (tela teñida o bordada). - Acceso a todas las estaciones programadas. - Comida (entrada, plato fuerte, agua y postre) - Acceso a servicios (sanitarios, estacionamiento) - Traslados entre estaciones",Máximo 18 personas,,,,,,,,,2227690482,a.c.tlalohcan@gmail.com,,,VERSIÓN 1 PLATAFORMA – Tlaxcala,,,,,,,,
TLA-030,"Cultura, Salud y Bienestar",Tlaxcala,Tetla de la Solidaridad,Tetla de la Solidaridad,México,19.455590,-98.093447,,,,Edwin Cruz Romero,"Entrada, comidas, hospedaje, temazcal, senderismo, ceremonia.",Máximo 15 personas,,,,,,,,,2411176511,tepeyololcoce@gmail.com,,,VERSIÓN 1 PLATAFORMA – Tlaxcala,,,,,,,,
TLA-031,Del Maíz a la Tortilla,Tlaxcala,Chiautempan,San Pedro Tlalcuapan,México,,,,Gastronomía,,Ismael Bello Cervantes,"Desayuno (tamales, atole de maíz y pan de dulce) Degustación de aguamiel y pulque Taller de maíz (actividad en campo, molienda) Comida Guianza e interpretación Acceso a servicios (sanitarios)",Máximo 30 personas,,,,,,,,,5540120802,eribelbello5@gmail.com,,,VERSIÓN 1 PLATAFORMA – Tlaxcala,,,,,,,,
VER-001,Centro de las Artes Indígenas,Veracruz,,,México,20.431778,-97.372578,,Naturaleza | Gastronomía,Saberes Tradicionales,José de Jesús García Bautista,,,"Sumérgete en la cultura totonaca en el Centro de las Artes Indígenas. Vive una experiencia auténtica a través de talleres en casas-escuela, rituales y gastronomía tradicional. Este modelo de turismo comunitario pone a la comunidad como protagonista, garantizando un intercambio respetuoso y directo con portadores vivos del conocimiento ancestral totonaco.",,,,,,,,7822277690,,https://www.facebook.com/CentrodelasArtesIndigenas/?locale=es_LA,https://www.instagram.com/caicentrodelasartesindigenas?utm_source=ig_web_button_share_sheet&igsh=ZDNlZDc0MzIxNw==,VERSIÓN 1 PLATAFORMA – Veracruz,,,,,,,"Sumérgete en la cultura totonaca en el Centro de las Artes Indígenas. Vive talleres en casas-escuela, rituales y gastronomía. Apoya un turismo que fomenta un intercambio directo y respetuoso con los portadores del conocimiento ancestral.","Sumérgete en la cultura totonaca en el Centro de las Artes Indígenas. Vive talleres en casas-escuela, rituales y gastronomía. Apoya un turismo que fomenta un intercambio directo y respetuoso con los portadores del conocimiento ancestral."
VER-002,Los Nichos,Veracruz,Papantla,San Lorenzo Tajín,México,20.431890,-97.363350,,Naturaleza | Gastronomía,Saberes Tradicionales,Enrique Pérez Méndez,,Máximo 20 personas,"Sumérgete en la esencia del Totonacapan un refugio sagrado rodeado de naturaleza. Disfruta de una experiencia integral con cabañas, camping y una gastronomía ancestral inigualable. Renueva cuerpo y espíritu en nuestro temazcal y área de masajes, mientras conectas profundamente con una cultura viva que preserva sus tradiciones y raíces milenarias.",,,,,,,,7841366031 / 7841083947,ecoturistico_nichos@hotmail.com,https://www.facebook.com/LosNichos1/,https://www.instagram.com/ce_los_nichos_1?utm_source=ig_web_button_share_sheet&igsh=ZDNlZDc0MzIxNw==,VERSIÓN 1 PLATAFORMA – Veracruz,,,,,,,"Sumérgete en el Totonacapan, un refugio natural sagrado. Disfruta cabañas, camping y gastronomía ancestral. Renueva cuerpo y espíritu en el temazcal y masajes, conectando con una cultura viva que preserva sus raíces milenarias.","Sumérgete en el Totonacapan, un refugio natural sagrado. Disfruta cabañas, camping y gastronomía ancestral. Renueva cuerpo y espíritu en el temazcal y masajes, conectando con una cultura viva que preserva sus raíces milenarias."
VER-003,El Tlacuache llegando a Casa,Veracruz,Poza Rica - Papantla,EL Remolino,México,20.399003,-97.230821,,Naturaleza | Senderismo | Gastronomía,Naturaleza,Adriana de Jesus Rodriguez San Martin,"Recorrido, Liberación de fauna, reconocimiento de la flora, visita al mirador",Máximo 30 personas,"Sumérgete en la cultura totonaca de Papantla en esta experiencia de conservación única. Realiza senderismo interpretativo mientras conoces la flora nativa y participas en la reubicación de fauna silvestre. Concientízate sobre la importancia de proteger nuestro entorno, conectando la vida rural y urbana en una jornada inolvidable de respeto ambiental.",,,,,,,,7821453151 / 7822146547,jardindemociones@gmail.com,https://www.facebook.com/profile.php?id=100080391826868&locale=es_LA,https://www.instagram.com/colectivo_xtan/,VERSIÓN 1 PLATAFORMA – Veracruz,,,,,,,"Vive la cultura totonaca en Papantla. Haz senderismo interpretativo, conoce la flora y reubica fauna silvestre. Concientízate sobre la protección del entorno y conecta con la vida rural en una jornada de respeto ambiental.","Vive la cultura totonaca en Papantla. Haz senderismo interpretativo, conoce la flora y reubica fauna silvestre. Concientízate sobre la protección del entorno y conecta con la vida rural en una jornada de respeto ambiental."
VER-004,Ciénagas del Fuerte,Veracruz,,,México,20.356906,-96.907162,,Naturaleza | Senderismo,Naturaleza,Guillermo Marin Zarate,,,"Explora las Ciénagas del Fuerte, una impresionante selva inundable protegida por pescadores locales. Navega en lanchas de remo a través de túneles de manglares centenarios, observa aves exóticas y conecta con la naturaleza en senderos interpretativos. Disfruta de un refugio de paz con tirolesas, nado y una auténtica inmersión inolvidable.",,,,,,,,2321286425 / 2321200284,,https://www.facebook.com/share/1KqiKQLioo/,,VERSIÓN 1 PLATAFORMA – Veracruz,,,,,,,"Explora las Ciénagas del Fuerte. Navega lanchas de remo por túneles de manglares centenarios, observa aves y recorre senderos. Disfruta este refugio protegido por pescadores, que ofrece tirolesas, nado y una inmersión inolvidable de paz.","Explora las Ciénagas del Fuerte. Navega lanchas de remo por túneles de manglares centenarios, observa aves y recorre senderos. Disfruta este refugio protegido por pescadores, que ofrece tirolesas, nado y una inmersión inolvidable de paz."
VER-005,Manos Dulces Naolinco,Veracruz,Naolinco,Coatzintla- San Miguel Coapan. San Miguel Aguazuelos - Naolinco,México,19.646694,-96.941300,,Historia y arqueología | Artesanía | Gastronomía,Gastronomía y actividades,Abigail Landa Fermin Ramirez,"Anfitrión y guía(s) Piezas de tortilla de maíz elaboradas en el taller Pieza de alfarería elaborada en el taller Pieza de dulce elaborada en el taller Traslados (chofer, unidad, gasolina, seguro) Entrada a la iglesia, museo y casa del Beato.",Máximo 40 personas,"Descubre la riqueza cultural de Naolinco y sus alrededores. Aprende los secretos ancestrales del maíz en San Pablo Coapan, domina el barro en San Miguel Aguasuelos y maravíllate con la talabartería local. Explora templos históricos, degusta dulces artesanales y sumérgete en la esencia de pueblos.",,,,,,,,2281234803 / 2281579490,nahualesmx@gmail.com,https://www.facebook.com/nahuales.mexico/?locale=es_LA,https://www.instagram.com/nahualesmx/,VERSIÓN 1 PLATAFORMA – Veracruz,,,,,,,"Descubre Naolinco y sus alrededores. Aprende secretos del maíz en San Pablo Coapan, domina el barro en San Miguel Aguasuelos y admira la talabartería. Explora templos históricos, degusta dulces artesanales y sumérgete en la esencia local.","Descubre Naolinco y sus alrededores. Aprende secretos del maíz en San Pablo Coapan, domina el barro en San Miguel Aguasuelos y admira la talabartería. Explora templos históricos, degusta dulces artesanales y sumérgete en la esencia local."
VER-006,Fiesta de la Cosecha del Café,Veracruz,Naolinco,San Pablo Coapan,México,19.651732,-96.905601,,Artesanía | Gastronomía,Gastronomía y actividades,Rosa Maria Garcia Garcia y Herminio Garcia Garcia,"Cafe y pan de bienvenida, ingreso a la finca, recolecta de café, desayuno en finca, fotografías en finca, explicación en beneficio, cata de café y comida tradicional regional.",Máximo 40 personas,"Vive la ""Fiesta de la Cosecha del Café"", una inmersión total en el mundo del café de especialidad. Participa en la pizca selectiva, desayuna en el cafetal y descubre el proceso artesanal tras cada taza. Concluye con una cata sensorial y la tradicional comida ""La Viuda"".",,,,,,,,2288408669 / 2289884142 / 2281400787,fincaelamol@gmail.com.mx,https://www.facebook.com/quintaelhaya?locale=es_LA,https://www.instagram.com/quintaelhaya/,VERSIÓN 1 PLATAFORMA – Veracruz,,,,,,,"Vive la ""Fiesta de la Cosecha del Café"". Participa en la pizca selectiva, desayuna en el cafetal y descubre su proceso artesanal. Concluye esta inmersión con una cata sensorial y la comida tradicional ""La Viuda"".","Vive la ""Fiesta de la Cosecha del Café"". Participa en la pizca selectiva, desayuna en el cafetal y descubre su proceso artesanal. Concluye esta inmersión con una cata sensorial y la comida tradicional ""La Viuda""."
VER-007,Raíces Vivas de Xico Viejo,Veracruz,,,México,19.425292,-97.010261,,Naturaleza | Senderismo | Artesanía | Gastronomía,Saberes Tradicionales,Raúl Cervantes Gonzalez,,,"Descubre Xico Viejo, un tesoro prehispánico en las faldas del Cofre de Perote. Conecta participando en talleres de pan de leña, mole, tortillas y queso artesanal. Combina esta inmersión cultural con aventura: senderismo, tirolesas y cascadas. Una experiencia sensorial que celebra la vida cotidiana y el sabor montañés.",,,,,,,,2281132970 / 7821690442,,https://www.facebook.com/Tenkuiexperiences/,https://www.instagram.com/tenkui_experiences,VERSIÓN 1 PLATAFORMA – Veracruz,,,,,,,"Descubre Xico Viejo en el Cofre de Perote. Participa en talleres de pan, mole y queso artesanal. Combina esta cultura con aventura: senderismo, tirolesas y cascadas. Una experiencia que celebra la vida cotidiana y el sabor montañés.","Descubre Xico Viejo en el Cofre de Perote. Participa en talleres de pan, mole y queso artesanal. Combina esta cultura con aventura: senderismo, tirolesas y cascadas. Una experiencia que celebra la vida cotidiana y el sabor montañés."
VER-008,La Colmena,Veracruz,,,México,19.39373,-96.97969,,Historia y arqueología | Gastronomía,Talleres,José Juan Pale Lara,,,"Conviértete en guardián de los polinizadores en una inmersión apícola inolvidable. Explora nuestro museo, observa colonias nativas y europeas, y degusta miel recién extraída. Participa en talleres, disfruta gastronomía temática y relájate en nuestras cabañas. ¡Una experiencia sensorial que conecta tu espíritu con el fascinante mundo de las abejas!",,,,,,,,2284198421 / 2282286328,,https://www.facebook.com/profile.php?id=61567876274290,https://www.instagram.com/abeja_palajos/,VERSIÓN 1 PLATAFORMA – Veracruz,,,,,,,"Sé un guardián de polinizadores. Explora nuestro museo, observa colonias nativas, degusta miel fresca y participa en talleres. Disfruta gastronomía temática y cabañas en una experiencia sensorial que te conecta con el mundo de las abejas.","Sé un guardián de polinizadores. Explora nuestro museo, observa colonias nativas, degusta miel fresca y participa en talleres. Disfruta gastronomía temática y cabañas en una experiencia sensorial que te conecta con el mundo de las abejas."
VER-009,Red de Senderos de Café,Veracruz,,Ixcatla Alta Luz del Castillo San José Tenejapa,México,19.076155,-96.918342,,Historia y arqueología | Naturaleza | Senderismo | Gastronomía,Gastronomía y actividades,Rita Méndez Delín,"Cubre únicamente lo que ofrece la ETC. Recorrido, degustación de café, guía turístico comunitario, los alimentos.",Máximo 30 personas,"Explora un paraíso conservado por siglos, recorriendo barrancas, cuevas y el río Jamapa entre árboles milenarios. Sumérgete en la historia revolucionaria y vive el proceso completo del café de especialidad. Concluye con una exquisita gastronomía local y talleres que celebran la identidad comunitaria y el respeto profundo por la tierra.",,,,,,,,2711059845 / 2731247439,coordinacionkolpingveracruz@hotmail.com,https://www.facebook.com/profile.php?id=61553996906833&rdid=n2XPwFy7XhcDgECx&share_url=https%3A%2F%2Fwww.facebook.com%2Fshare%2F1HEDqpbhvi%2F#,,VERSIÓN 1 PLATAFORMA – Veracruz,,,,,,,"Explora barrancas, cuevas y el río Jamapa. Conoce la historia revolucionaria y el proceso del café de especialidad. Concluye con deliciosa gastronomía local y talleres que celebran la identidad y el respeto por la tierra.","Explora barrancas, cuevas y el río Jamapa. Conoce la historia revolucionaria y el proceso del café de especialidad. Concluye con deliciosa gastronomía local y talleres que celebran la identidad y el respeto por la tierra."
VER-010,La Ruta del Café Tepatlaxco,Veracruz,Tepatlaxco,Palo Gacho la Palma Cabecera Mpal Ejido Sonora el Pedragal el Triunfo Tercera Manzana Buenavista San Jose Tenejapa Col Guadalupe Cañada Azul Alta Luz del Castillo las Aguilas,México,19.079746,-96.852700,,Naturaleza | Senderismo | Gastronomía,Gastronomía y actividades,Adan Nieva Murillo,GUIAS DE TURISTA ALIMENTOS (DESAYUNO) HOSPEDA JE ENTRADA A ALGUNOS SITIOS TALLERES DESGUSTACION DE CAFE,Máximo 30 personas,"Explora Tepatlaxco en una ruta inmersiva que une cultura y naturaleza. Descubre manantiales, senderos entre cafetales y miradores panorámicos mientras degustas exquisitos sabores regionales. Participa en talleres de tostado y conoce la riqueza ecológica de esta tierra.",,,,,,,,2711201926 / 2711967207,larutadelcafetepatlaxco@gmail.com,https://www.facebook.com/p/La-Ruta-del-Cafe-Tepatlaxco-61554226700993/,https://www.instagram.com/larutadelcafetepatlaxco/?hl=es,VERSIÓN 1 PLATAFORMA – Veracruz,,,,,,,"Explora Tepatlaxco en una ruta que une cultura y naturaleza. Descubre manantiales, cafetales y miradores mientras degustas sabores regionales. Participa en talleres de tostado y maravíllate con la riqueza ecológica de esta tierra.","Explora Tepatlaxco en una ruta que une cultura y naturaleza. Descubre manantiales, cafetales y miradores mientras degustas sabores regionales. Participa en talleres de tostado y maravíllate con la riqueza ecológica de esta tierra."
VER-011,Ruta del Café,Veracruz,Córdoba,Sabana Larga,México,18.979220,-96.976939,,Gastronomía,Gastronomía y actividades,José Dionicio Osorio Aparicio,Platica Recorrido por el beneficio húmedo y seco Alimentos Transporte Guía turístico comunitario Bebidas,Máximo 80 personas,"Vive la experiencia sensorial completa del café en Córdoba. A bordo del café-bus, recorre fincas, participa en su proceso agronómico y muele tu propio grano en el bici-molino. Finaliza con una exquisita comida tradicional de la zona y descubre la magia detrás de cada taza en un viaje inolvidable.",,,,,,,,2712110444 / 2717025683,cdmrori25@gmail.com,https://www.facebook.com/Cafedemirancho/?locale=es_LA,https://www.instagram.com/cafe_de_mi_rancho/?hl=es,VERSIÓN 1 PLATAFORMA – Veracruz,,,,,,,"Vive la ruta del café en Córdoba a bordo del café-bus. Recorre fincas, conoce su agronomía y muele granos en el bici-molino. Culmina con comida tradicional y descubre la magia de cada taza en este viaje inolvidable.","Vive la ruta del café en Córdoba a bordo del café-bus. Recorre fincas, conoce su agronomía y muele granos en el bici-molino. Culmina con comida tradicional y descubre la magia de cada taza en este viaje inolvidable."
VER-012,Las Altas Montañas de Veracruz,Veracruz,"Mariano Escobedo, Ver.","San isidro El Berro, Ejido el Rodeo",México,18.924210,-97.207689,,Naturaleza | Senderismo | Gastronomía,Naturaleza,Mariana Balderas,El guía Desayuno ligero La comida El taller ecológico forestal Baños y Estacionamiento,Máximo 40 personas,"Embárcate en una caminata guiada hacia el mirador ""Portezuelos"", donde disfrutarás paisajes de montaña inolvidables. Conecta con la naturaleza en un taller de viverismo forestal y deléitate con una auténtica comida tradicional servida en el corazón del bosque.",,,,,,,,2723148223 / 2721826151 / 2723347372,centroecoturisticosanisidro@gmail.com,https://www.facebook.com/people/Sendero-Escenico/pfbid0FgfCRoNaa8UE5fGtnGCkPTifwmWkXLK3JWXBCC8fzfgGba2i3pKCd1fCNSc5MYUxl/?rdid=IYEzOEFCBuD45prA&share_url=https%253A%252F%252Fwww.facebook.com%252Fshare%252F1BtTRY1iGj%252F,https://www.instagram.com/senderoescenico?utm_source=ig_web_button_share_sheet&igsh=ZDNlZDc0MzIxNw==,VERSIÓN 1 PLATAFORMA – Veracruz,,,,,,,"Emprende una caminata guiada al mirador ""Portezuelos"" y disfruta de paisajes montañosos. Participa en un taller de viverismo forestal y deléitate con una auténtica comida tradicional servida en el corazón del bosque.","Emprende una caminata guiada al mirador ""Portezuelos"" y disfruta de paisajes montañosos. Participa en un taller de viverismo forestal y deléitate con una auténtica comida tradicional servida en el corazón del bosque."
VER-013,Pico de Orizaba,Veracruz,La Perla,"San Miguel Pilancón, Potrero Nuevo y Chilapa",México,18.988639,-97.228109,,Naturaleza | Senderismo | Artesanía,Comunidad y vida cotidiana,Máximo Adalberto Vázquez Bautista,"Comidas, desayunos y cenas, aguas, café, hospedaje, guías, transportes internos, fogatas, senderos, degustaciones, talleres.",Máximo 10 personas,"Vive una inmersión inolvidable en las faldas del Pico de Orizaba. Durante tres días, recorre senderos aztecas, aprende labores agrícolas y admira amaneceres sobre las nubes desde el hospedaje más alto de Norteamérica. Disfruta quesos artesanales, avistamientos estelares y de las comunidades que conviven en armonía con la alta montaña.",,,,,,,,2721640813,contacto.villas.puertadelcielo@gmail.com,https://www.facebook.com/villas.puerta.del.cielo,https://www.instagram.com/vpuertadelcielo/?hl=es,VERSIÓN 1 PLATAFORMA – Veracruz,,,,,,,"Vive una inmersión en el Pico de Orizaba. Recorre senderos aztecas, admira amaneceres sobre nubes desde el hospedaje más alto de Norteamérica. Disfruta quesos artesanales, labores agrícolas y cielo estrellado en armonía con la montaña.","Vive una inmersión en el Pico de Orizaba. Recorre senderos aztecas, admira amaneceres sobre nubes desde el hospedaje más alto de Norteamérica. Disfruta quesos artesanales, labores agrícolas y cielo estrellado en armonía con la montaña."
VER-014,Finca Kitos,Veracruz,Cordoba,San Rafael Calería,México,18.933261,-96.949105,,Historia y arqueología | Naturaleza | Artesanía | Gastronomía,Gastronomía y actividades,Damna Reyes Hernandez,"RECECPION EN LA PARTE INCIAL DE RANCHO, RECORRIDO EL SITIO HISTORICO DE LA FAMILIA, PASEO EN LA FINCA DE CAFÉ CHARLA DE BENEFICIO HUMEDO Y SECO, DEGUSTACION, INTRODUCCION A LA CATA, PAN ARTESANAL, E HIDRATACIÓN",Máximo 20 personas,"Sumérgete en una experiencia de patrimonio biocultural donde la historia, el territorio y la memoria colectiva convergen. Recorre cafetales y sitios históricos, aprende sobre el proceso del café de especialidad y disfruta de una exclusiva cata, acompañada de pan artesanal y frutos de temporada.",,,,,,,,2722150205,kitos.cafe@gmail.com,https://www.facebook.com/kitoscafe?locale=es_LA,https://www.instagram.com/kitoscafe/,VERSIÓN 1 PLATAFORMA – Veracruz,,,,,,,"Sumérgete en una experiencia de patrimonio biocultural. Recorre cafetales y sitios históricos, aprende el proceso del café de especialidad y disfruta una exclusiva cata acompañada de delicioso pan artesanal y frutos de temporada.","Sumérgete en una experiencia de patrimonio biocultural. Recorre cafetales y sitios históricos, aprende el proceso del café de especialidad y disfruta una exclusiva cata acompañada de delicioso pan artesanal y frutos de temporada."
VER-015,Sabores y Saberes de la Tierra,Veracruz,Fortín,Mata Larga,México,18.868367,-96.987316,,Naturaleza | Senderismo | Gastronomía,Saberes Tradicionales,Nemesio Leonardo Sánchez Mendoza y Frida Luz Sánchez Rosales,Propinas 5 HORAS (SIN HOSPEDA JE) - Temazcal - Cena 24 HORAS (CON HOSPEDA JE) - Comida - Hospedaje - Temazcal - Cena - Desayuno,Máximo 15 personas,"Reconecta cuerpo y espíritu en ""Sabores y Saberes de la Tierra"", una experiencia de bienestar en las Altas Montañas de Veracruz. Vive un temazcal purificador, aprende herbolaria tradicional y degusta una cocina orgánica inolvidable. Sumérgete en la cosmovisión rural mediante caminatas medicinales y ceremonias ancestrales en un entorno sagrado.",,,,,,,,2721222095 / 2711268280 / 2711837363,eljardindelasalud3@gmail.com,https://www.facebook.com/ElJardinDeLaSaludFortin/?locale=es_LA,https://www.instagram.com/eljardindelasaludfortin/,VERSIÓN 1 PLATAFORMA – Veracruz,,,,,,,"Reconecta en ""Sabores y Saberes de la Tierra"". Vive un temazcal purificador, aprende herbolaria tradicional y degusta cocina orgánica. Disfruta caminatas medicinales y ceremonias en un entorno sagrado que celebra la cosmovisión rural.","Reconecta en ""Sabores y Saberes de la Tierra"". Vive un temazcal purificador, aprende herbolaria tradicional y degusta cocina orgánica. Disfruta caminatas medicinales y ceremonias en un entorno sagrado que celebra la cosmovisión rural."
VER-016,Rancho San Felipe,Veracruz,Córdoba,San Felipe,México,18.875128,-96.888882,,Historia y arqueología | Senderismo | Gastronomía,Gastronomía y actividades,Adrián Virgilio de Gasperin Samipieri,"Guía, acceso al museo, sendero, UMA, jardines, viveros de follajes, suculentas, cactáceas, orquídeas, sendero de la finca de café, animales de granja, hortalizas, microbeneficio húmedo, laboratorio de café.",Máximo 50 personas,"Descubre la tradición cafetalera de la Cafetalera San Felipe, activa desde 1924. Explora su museo de maquinaria antigua, recorre senderos y conoce su Unidad de Manejo Ambiental, donde la biodiversidad y la agricultura sustentable se encuentran. Finaliza con una degustación sensorial y productos locales en una experiencia educativa única.",,,,,,,,2711228456 / 2717166109 / 2292569056,uma@cafesanfelipe.com,https://www.facebook.com/cafesanfelipemx?locale=es_LA,https://www.instagram.com/cafesanfelipe/,VERSIÓN 1 PLATAFORMA – Veracruz,,,,,,,"Descubre la Cafetalera San Felipe. Explora su museo de maquinaria, recorre senderos y su Unidad de Manejo Ambiental, uniendo biodiversidad y agricultura sustentable. Finaliza con una rica degustación sensorial y productos locales.","Descubre la Cafetalera San Felipe. Explora su museo de maquinaria, recorre senderos y su Unidad de Manejo Ambiental, uniendo biodiversidad y agricultura sustentable. Finaliza con una rica degustación sensorial y productos locales."
VER-017,Cuna del Café,Veracruz,"Amatlán de los Reyes, Ver.",En la localidad La patrona en el municipio de Amatlán de los Reyes,México,18.812921,-96.932098,,Historia y arqueología | Gastronomía,Gastronomía y actividades,Erick Medécigo Tress,La bebida de bienvenida El recorrido La degustación de café y miel Bebida refrescante Dulces Típicos,Máximo 70 personas,"Vive un viaje histórico en una ex hacienda del siglo XVII, hogar de la primera finca cafetalera de México. Explora exposiciones de arte, desentraña leyendas locales y recorre sus viveros. Concluye con una exquisita degustación de café, miel y dulces tradicionales, mientras descubres la magia y tradición de Veracruz.",,,,,,,,2711148153,fincaexhaciendaguadalupe@gmail.com,https://www.facebook.com/fincaexhaciendaguadalupe/,https://www.instagram.com/hacienda_guadalupe/,VERSIÓN 1 PLATAFORMA – Veracruz,,,,,,,"Vive la historia en una ex hacienda del siglo XVII, la primera finca cafetalera de México. Explora arte, leyendas y viveros. Concluye con una degustación de café, miel y dulces, descubriendo la mágica tradición de Veracruz.","Vive la historia en una ex hacienda del siglo XVII, la primera finca cafetalera de México. Explora arte, leyendas y viveros. Concluye con una degustación de café, miel y dulces, descubriendo la mágica tradición de Veracruz."
VER-018,Baño de Bosque de Niebla,Veracruz,El Naranjal,Tequecholapa Cuartel Segundo,México,18.799799,-96.952124,,Historia y arqueología | Naturaleza | Senderismo,Naturaleza,Roberto Mora Gallardo – Amira E. Mora Vargas – Juana Vargas Veronica – Veronica Mora Vargas,"Guías de biodiversidad, uso y recorrido de instalaciones, desyuno, hospedaje, recorrido en sendero",Máximo 15 personas,"Conecta con la naturaleza en nuestra UMA, un refugio dedicado a la biodiversidad y el saber ancestral. Explora senderos interpretativos, el museo de historia natural y el herpetario. Disfruta de un desayuno tradicional y elige entre hospedarte en cabañas o acampar en este paraíso diseñado para la conservación ambiental.",,,,,,,,2711274693 / 2711224618,vertever@yahoo.com.mx,https://www.facebook.com/people/Desarrollo-Comunitario-y-Vida-Silvestre/100079251593599/?locale=es_LA,https://www.instagram.com/uma_eat?igsh=enBnbHRuNjRhaHl2,VERSIÓN 1 PLATAFORMA – Veracruz,,,,,,,"Conecta con la naturaleza en nuestra UMA. Explora senderos, el museo de historia natural y el herpetario. Disfruta un desayuno tradicional y elige hospedarte en cabañas o acampar en este paraíso dedicado a la conservación ambiental.","Conecta con la naturaleza en nuestra UMA. Explora senderos, el museo de historia natural y el herpetario. Disfruta un desayuno tradicional y elige hospedarte en cabañas o acampar en este paraíso dedicado a la conservación ambiental."
VER-019,En lo más alto de la Montaña,Veracruz,Tequila,Zacatlamanca,México,18.715026,-97.060361,,Historia y arqueología | Naturaleza | Senderismo | Gastronomía,Naturaleza,Yolanda Guevara Gonzalez,"DESCANSO EN HAMACAS, SERVICIO DE MIRADOR, AREA DE PALAPA, RECORRER SENDEROS",Máximo 200 personas,"Descubre la riqueza nahua recorriendo senderos históricos entre cafetales, manantiales y cuevas. Aprende sobre biodiversidad y medicina ancestral mientras exploras ríos y antiguas haciendas. Concluye tu aventura disfrutando de la auténtica gastronomía local del colectivo Siwalcentli.",,,,,,,,2722297244,colli_64@hotmail.com,https://www.facebook.com/profile.php?id=100064846894407,https://www.instagram.com/centro_turistico_tekilatlakpan/,VERSIÓN 1 PLATAFORMA – Veracruz,,,,,,,"Descubre la riqueza nahua recorriendo senderos históricos, cafetales, manantiales y cuevas. Aprende de biodiversidad y medicina ancestral al explorar ríos y haciendas y disfruta la auténtica gastronomía local del colectivo Siwalcentli.","Descubre la riqueza nahua recorriendo senderos históricos, cafetales, manantiales y cuevas. Aprende de biodiversidad y medicina ancestral al explorar ríos y haciendas y disfruta la auténtica gastronomía local del colectivo Siwalcentli."
VER-020,Atlahuilco,Veracruz,Atlahuilco,- Zacamilola - Huitziquiapa - Xiptla - Atetecoxco - Alahuilco Centro - Atizok - Ticonca - Atlehuaya - Vista Hermosa,México,18.697045,-97.090675,,Naturaleza | Artesanía | Gastronomía,Comunidad y vida cotidiana,Justo Ixmatlahua Colohua,- Alfarera con mujeres de la comunidad - Telar de cintura - Artesanías con lana - Cuevas y paisajes naturales - Gastronomía típica (desayuno y comida) - Área de acampar ( tu pones tu casa y cobijas),Máximo 20 personas,"Vive una inmersión inolvidable en nueve comunidades nahuas de Atlahuilco. Aprende técnicas ancestrales de alfarería y telar de cintura, explora cuevas sagradas con leyendas milenarias, y sana con medicina tradicional. Convivirás con familias anfitrionas, degustando gastronomía auténtica mientras apoyas la preservación de su invaluable patrimonio biocultural.",,,,,,,,2781106290 / 2204871647 / 2721683105,jessykcaixm@gmail.com,https://www.facebook.com/profile.php?id=100083299144560&mibextid=wwXIfr&rdid=X4JRCAW6VtmSeX2y&share_url=https%3A%2F%2Fwww.facebook.com%2Fshare%2F199P3vexeo%2F%3Fmibextid%3DwwXIfr#,,VERSIÓN 1 PLATAFORMA – Veracruz,,,,,,,"Vive una inmersión en comunidades nahuas de Atlahuilco. Aprende alfarería y telar, explora cuevas sagradas y la medicina tradicional. Convive con familias locales y degusta su gastronomía apoyando la preservación del patrimonio biocultural.","Vive una inmersión en comunidades nahuas de Atlahuilco. Aprende alfarería y telar, explora cuevas sagradas y la medicina tradicional. Convive con familias locales y degusta su gastronomía apoyando la preservación del patrimonio biocultural."
VER-021,Los Manglares de Sontecomapan,Veracruz,,,México,18.510156,-95.034339,,Naturaleza | Gastronomía,Naturaleza,Ofelia Sixtega Tepox,,,"Descubre Sontecomapan en la Reserva de la Biosfera Los Tuxtlas. Vive una aventura auténtica navegando entre manglares, recorriendo selvas tropicales y disfrutando de playas vírgenes. Conoce la vida de los pescadores locales, su compromiso con la conservación y deléitate con su exquisita gastronomía regional.",,,,,,,,2941400083,,https://www.facebook.com/profile.php?id=100068925061802&locale=es_LA,,VERSIÓN 1 PLATAFORMA – Veracruz,,,,,,,"Descubre Sontecomapan en Los Tuxtlas. Navega entre manglares, recorre selvas tropicales y disfruta playas vírgenes. Conoce a los pescadores locales, apoya su compromiso con la conservación y deléitate con su exquisita gastronomía regional.","Descubre Sontecomapan en Los Tuxtlas. Navega entre manglares, recorre selvas tropicales y disfruta playas vírgenes. Conoce a los pescadores locales, apoya su compromiso con la conservación y deléitate con su exquisita gastronomía regional."
VER-022,Selva del Marinero,Veracruz,,,México,18.439105,-94.964224,,Naturaleza | Artesanía | Gastronomía,Naturaleza,José Luis Abrajan Velasco,,,"Recorre cristalinas pozas, cascadas y cuevas mientras te sumerges en talleres artesanales, apicultura y el cultivo de malanga. Disfruta una gastronomía local única, desde atoles hasta platillos típicos, en una experiencia que transforma la conservación en un viaje inolvidable.",,,,,,,,2941100077 / 2941001334,,https://www.facebook.com/SelvaDelMarineroTuxtlas?locale=es_LA,https://www.instagram.com/selvadelmarinero_tuxtlas/,VERSIÓN 1 PLATAFORMA – Veracruz,,,,,,,"Recorre pozas cristalinas, cascadas y cuevas. Sumérgete en talleres artesanales, apicultura y cultivo de malanga. Disfruta de atoles y platillos típicos, en una experiencia que transforma la conservación en un viaje inolvidable.","Recorre pozas cristalinas, cascadas y cuevas. Sumérgete en talleres artesanales, apicultura y cultivo de malanga. Disfruta de atoles y platillos típicos, en una experiencia que transforma la conservación en un viaje inolvidable."
VER-023,Artesanas Flor de Lirio,Veracruz,Catemaco Veracruz,Ojoxapan,México,18.415193,-95.018555,,Naturaleza | Artesanía | Gastronomía,Naturaleza,Margarita Hernandez Hernandez,"Incluye la arresania elaborada por el cliente, préstamo del molde, herramientas",Máximo 10 personas,"Descubre Ojoxapan, una joya a orillas del Lago de Catemaco. Acompaña a las artesanas ""Flor de Lirio"" en un recorrido por el ecosistema lagunar, aprende a transformar el lirio acuático en artesanías únicas y explora cascadas escondidas. Vive una inmersión auténtica en la cultura, gastronomía y saberes de esta comunidad.",,,,,,,,8131240843,milito459@gmail.com,https://www.facebook.com/p/Artesan%C3%ADa-Flor-de-lirio-61586772603621/,,VERSIÓN 1 PLATAFORMA – Veracruz,,,,,,,"Descubre Ojoxapan en el Lago de Catemaco. Acompaña a las artesanas ""Flor de Lirio"", explora el ecosistema lagunar, cascadas escondidas y transforma el lirio en artesanías. Sumérgete en la cultura, gastronomía y saberes locales.","Descubre Ojoxapan en el Lago de Catemaco. Acompaña a las artesanas ""Flor de Lirio"", explora el ecosistema lagunar, cascadas escondidas y transforma el lirio en artesanías. Sumérgete en la cultura, gastronomía y saberes locales."
VER-024,Ceytaks,Veracruz,,,México,18.244282,-95.084162,,Historia y arqueología | Naturaleza | Gastronomía,Naturaleza,Antonio Lázaro Pascual,,,"Descubre Ceytaks, un refugio popoluca en Veracruz donde la historia olmeca cobra vida. Explora cascadas espectaculares, tirolesas y puentes colgantes rodeado de orquídeas y monos aulladores. Deleita tu paladar con auténtico molito de pollo de rancho y platillos tradicionales de temporada.",,,,,,,,2941995221 / 2941296275,,https://www.facebook.com/p/Ceytaks-100063802549769/?locale=es_LA,https://www.instagram.com/ceytaks23/,VERSIÓN 1 PLATAFORMA – Veracruz,,,,,,,"Descubre Ceytaks, refugio popoluca en Veracruz donde la historia olmeca revive. Explora cascadas, tirolesas y puentes colgantes entre orquídeas y monos aulladores. Deléitate con molito de pollo de rancho y ricos platillos de temporada.","Descubre Ceytaks, refugio popoluca en Veracruz donde la historia olmeca revive. Explora cascadas, tirolesas y puentes colgantes entre orquídeas y monos aulladores. Deléitate con molito de pollo de rancho y ricos platillos de temporada."
VER-025,Descubriendo Jomxuk,Veracruz,,,México,18.149522,-94.808167,,Naturaleza | Senderismo | Gastronomía,Saberes Tradicionales,Aciano Ramírez Morales,,,"Reconecta con tu esencia en el Centro Ecoturístico Jomxuk, un refugio popoluca en la Sierra de Santa Marta. Vive el ritual del Dios del Maíz, recorre el ""Sendero del Silencio"" y habita la naturaleza en total plenitud. Disfruta de una estancia que honra la sabiduría ancestral y la medicina tradicional.",,,,,,,,9241107937,,https://www.facebook.com/p/Ecoturismo-Jomxuk-61554260242277/?locale=es_LA,https://www.instagram.com/ecoturismojomxuk/,VERSIÓN 1 PLATAFORMA – Veracruz,,,,,,,"Reconecta en el Ecoturístico Jomxuk, refugio popoluca en la Sierra de Santa Marta. Vive el ritual del Dios del Maíz, explora el ""Sendero del Silencio"" y disfruta una estancia que honra la naturaleza, medicina y sabiduría ancestral.","Reconecta en el Ecoturístico Jomxuk, refugio popoluca en la Sierra de Santa Marta. Vive el ritual del Dios del Maíz, explora el ""Sendero del Silencio"" y disfruta una estancia que honra la naturaleza, medicina y sabiduría ancestral."
VER-026,Kan Tasejkan,Veracruz,,,México,18.147292,-94.798073,,Naturaleza | Senderismo | Gastronomía,Naturaleza,Juan Bautista Hernández,,,"Descubre Kantajsekan, el ""Lugar de Sombras"" en la Sierra de los Tuxtlas. Esta comunidad nahua te invita a una aventura sustentable entre senderos, cascadas y ríos. Disfruta tirolesas, kayak y ciclismo mientras te sumerges en su identidad, gastronomía y tradiciones ancestrales.",,,,,,,,9241078457 / 9241318579 / 9241366032,,https://www.facebook.com/kantasejkan?locale=es_LA,https://www.instagram.com/kan_tasejkan/,VERSIÓN 1 PLATAFORMA – Veracruz,,,,,,,"Descubre Kantajsekan en Los Tuxtlas. Esta comunidad nahua te invita a una aventura sustentable entre senderos, cascadas y ríos. Disfruta tirolesa, kayak y ciclismo, sumergiéndote en su identidad, gastronomía y tradiciones.","Descubre Kantajsekan en Los Tuxtlas. Esta comunidad nahua te invita a una aventura sustentable entre senderos, cascadas y ríos. Disfruta tirolesa, kayak y ciclismo, sumergiéndote en su identidad, gastronomía y tradiciones."
VER-027,Campamento Tortuguero,Veracruz,,,México,20.48073,-97.00912,,Naturaleza,Naturaleza,Irma Elizabeth Galván Tejeda,,,,,,,,,,,7668460667 / 7661133655,,,,VERSIÓN 1 PLATAFORMA – Veracruz,,,,,,,"Disfruta en Vida Milenaria el campamento tortuguero y glamping frente al mar de Tecolutla; con actividades como la liberación de crías de tortugas, el avistamiento de la anidación y el manejo responsable de la fauna marítima.","Disfruta en Vida Milenaria el campamento tortuguero y glamping frente al mar de Tecolutla; con actividades como la liberación de crías de tortugas, el avistamiento de la anidación y el manejo responsable de la fauna marítima."
MMM-032,Aktun Usil,Yucatán,Maxcanú,Maxcanú,México,20.586700,-89.992800,Ruta Puuc,Naturaleza,Turismo de naturaleza,Víctor Chim Vergara y Lourdes Canché,"Recorrido interpretativo por la gruta Aktun Usil, observación de pinturas y vestigios mayas, ritual de bienvenida y opción de comida tradicional.",Grupos reducidos para mantener el control y conservación de la gruta.,"Aktun Usil es una gruta de gran altura cuyo nombre alude al lugar donde se aprecia el trazo de la pintura. En su interior se observan pinturas, altares, restos de vasijas, cerámica y otros vestigios vinculados con la cultura maya. Guías locales certificados acompañan el recorrido, interpretan el paisaje subterráneo y comparten historias y leyendas del sitio. La experiencia puede incluir un ritual de bienvenida y comida tradicional.",Pinturas prehispánicas en las paredes de la gruta. Tallados prehispánicos de figuras y símbolos mayas en las piedras de la gruta. Una preciosa vista del Puuc desde la cima o parte más alta del sitio.,"Ritual maya de bienvenida al visitante, acompañado de frases en maya y copal.",Reforestación con árboles locales del sendero que conduce a la gruta. Conservación de árboles en los alrededores del acceso de la gruta así como de fauna local silvestre.,"Guías de turistas certificados (NOM-08), personal de mantenimiento, mototaxis para traslado de turistas hacia la gruta, cocineras tradicionales.",Comida tradicional yucateca bajo reservación.,El cuidado de la gruta.,Aprender sobre la cultura maya.,9971133910 / 9992141342,marinacc892@gmail.com,Aktun Usil,,"Catálogo de Experiencias Turísticas Mundo Maya México, UNESCO / Alianza Mundo Maya México, 2025",CC BY-SA 3.0 IGO,,,,,,"Aktun Usil es una gruta de gran altura cuyo nombre alude al lugar donde se aprecia el trazo de la pintura. En su interior se observan pinturas, altares, restos de vasijas, cerámica y otros vestigios vinculados con la cultura maya. Guías locales certificados acompañan el recorrido, interpretan el paisaje subterráneo y comparten historias y leyendas del sitio.","Recorrido interpretativo por la gruta Aktun Usil, observación de pinturas y vestigios mayas, ritual de bienvenida y opción de comida tradicional."
MMM-033,Aldea Xbatun,Yucatán,Valladolid,Valladolid,México,20.689000,-88.200300,Guerra de Castas,Gastronomía,Turismo gastronómico local,"José Cen, Aldea Xbatun","Taller de cocina maya yucateca, recolección de ingredientes, preparación de platillos y postre, restaurante y opción de hospedaje rural.",Pequeños y medianos.,"Aldea Xbatun ofrece un taller de cocina ancestral en un entorno de arquitectura maya tradicional. Con la guía de cocineras locales, las personas participantes recolectan ingredientes del traspatio y preparan entradas como sikil pak, encamisado y dzotobichay, además de pollo pibil y un postre de cacao. La experiencia puede realizarse durante el día o como cena nocturna y cuenta con opciones de restaurante y hospedaje rural.",Las palapas donde se cocina y las chozas de hospedaje. El horno maya o pi´ib. Vestimenta tradicional. Sistema de cultivo tradicional maya llamado ca´anché.,Los conocimientos tradicionales gastronómicos que han pasado de generación en generación. Lengua Maya.,El huerto orgánico de donde se obtienen algunos de los insumos para la cocina.,"La familia, quienes se dividen las tareas de cocina, brindar el taller, coordinación de la actividad, reservaciones, mantenimiento, entre otros.","Gastronomía ancestral y yucateca: sikil pak, encamisado, dzotobichay, pollo pibil, entre otros.",Las técnicas gastronómicas ancestrales mayas.,Que los visitantes participen en las técnicas de cocina.,9858526555,aldeaxbatun@gmail.com,Aldea Xbatun,https://www.instagram.com/aldeaxbatun,"Catálogo de Experiencias Turísticas Mundo Maya México, UNESCO / Alianza Mundo Maya México, 2025",CC BY-SA 3.0 IGO,,,,,,"Aldea Xbatun ofrece un taller de cocina ancestral en un entorno de arquitectura maya tradicional. Con la guía de cocineras locales, las personas participantes recolectan ingredientes del traspatio y preparan entradas como sikil pak, encamisado y dzotobichay, además de pollo pibil y un postre de cacao. La experiencia puede realizarse durante el día o como cena nocturna y cuenta con opciones de restaurante y hospedaje rural.","Taller de cocina maya yucateca, recolección de ingredientes, preparación de platillos y postre, restaurante y opción de hospedaje rural."
MMM-034,Caricoa Chocolate,Yucatán,Tekax,Tekax,México,20.409400,-89.283300,Ruta Puuc,Historia y arqueología | Artesanía | Gastronomía,Turismo comunitario y gastronómico,"Dalia Yam, Caricoa Chocolate","Taller de elaboración de chocolate, tostado y molienda manual del cacao, degustación y preparación de tablillas para llevar.",Grupos reducidos respetando la capacidad de carga de la choza.,"Caricoa invita a conocer el proceso artesanal del chocolate de mesa y la receta tradicional de la familia. Las personas participantes tuestan el cacao en comal, muelen manualmente los ingredientes, preparan la pasta y moldean sus propias tablillas. Al finalizar pueden degustar el producto y llevarse las piezas elaboradas durante el taller.",La choza o casa maya en donde se brinda el servicio.,Los saberes y técnicas de elaboración aprendidos por la familia.,"Los insumos naturales como el cacao, que es el ingrediente principal.",Dalia y su familia.,Tabletas de chocolate artesanal y productos derivados del cacao.,La visita a experiencias inmersivas.,La apreciación de esta actividad gastronómica.,9971007046,daliia.yam.acosta@gmail.com,Caricoa,https://www.instagram.com/chocolate_caricoa,"Catálogo de Experiencias Turísticas Mundo Maya México, UNESCO / Alianza Mundo Maya México, 2025",CC BY-SA 3.0 IGO,,,,,,"Caricoa invita a conocer el proceso artesanal del chocolate de mesa y la receta tradicional de la familia. Las personas participantes tuestan el cacao en comal, muelen manualmente los ingredientes, preparan la pasta y moldean sus propias tablillas. Al finalizar pueden degustar el producto y llevarse las piezas elaboradas durante el taller.","Taller de elaboración de chocolate, tostado y molienda manual del cacao, degustación y preparación de tablillas para llevar."
MMM-035,Cenote Zazil Tunich,Yucatán,Valladolid,Valladolid,México,20.689000,-88.200300,Guerra de Castas,Naturaleza,Turismo de naturaleza,Zazil Tunich,"Recorrido guiado por la caverna, visita y nado en el cenote, senderos, gastronomía local y opción de hospedaje.",Grupos reducidos dentro de la caverna.,"Zazil Tunich ofrece un recorrido subterráneo de aproximadamente 200 metros que desciende hasta una caverna con estalactitas y estalagmitas. El trayecto atraviesa formaciones conocidas como el Beso Maya y la cueva del alux antes de llegar a un cenote de aguas poco profundas. La visita es guiada y puede complementarse con senderos, gastronomía local y hospedaje.",Parador turístico e instalaciones así como las cabañas para hospedaje.,Muestra escénica cultural dentro de la caverna como una ceremonia maya en lengua indígena maya.,"Cenote-caverna, selva yucateca.",Empleados locales desempeñando diferentes roles.,"Experiencia turística en el cenote, alimentos regionales, bebidas locales naturales, bebida a base de cacao.",Un recorrido guiado con historia dentro de la gruta.,El cuidado de la caverna y cenote.,9858085827,geded@valladolid.com.mx,Zazil Tunich,https://www.instagram.com/zaziltunich,"Catálogo de Experiencias Turísticas Mundo Maya México, UNESCO / Alianza Mundo Maya México, 2025",CC BY-SA 3.0 IGO,,,,,,"Zazil Tunich ofrece un recorrido subterráneo de aproximadamente 200 metros que desciende hasta una caverna con estalactitas y estalagmitas. El trayecto atraviesa formaciones conocidas como el Beso Maya y la cueva del alux antes de llegar a un cenote de aguas poco profundas. La visita es guiada y puede complementarse con senderos, gastronomía local y hospedaje.","Recorrido guiado por la caverna, visita y nado en el cenote, senderos, gastronomía local y opción de hospedaje."
MMM-036,Cocina Ya’axché (Centro Etnogastronómico),Yucatán,Halachó,Halachó,México,20.662200,-89.769700,Ruta Puuc,Gastronomía,Turismo gastronómico y rural,Ya’axché Centro Etnogastronómico,"Clase demostrativa de cocina yucateca, preparación con fogón y pib y degustación de una comida de cuatro tiempos.",Pequeños para los talleres.,"En Ya’axché, las personas participantes se acercan a la espiritualidad y los saberes de la cocina maya del poniente de Yucatán. La clase utiliza ingredientes locales y técnicas ancestrales, como el fogón de tres piedras y el horno subterráneo o pib. El proceso se desarrolla al aire libre y concluye con la degustación de una comida de cuatro tiempos preparada durante la actividad.","La hortaliza, la milpa, el restaurante, la cocina y los espacios donde se imparten el taller.",Las técnicas y los años de investigación que le ha dedicado el chef a la cocina.,El terreno en donde siembra y donde elabora el pib.,"Chefs, cocineros, estudiantes, gente de la localidad.",Comida tradicional ancestral yucateca.,La gastronomía local.,El uso de técnicas ancestrales.,9993221935,baezwilson13@gmail.com,Yaaxché Restaurante,https://www.instagram.com/y.aaxche,"Catálogo de Experiencias Turísticas Mundo Maya México, UNESCO / Alianza Mundo Maya México, 2025",CC BY-SA 3.0 IGO,,,,,,"En Ya’axché, las personas participantes se acercan a la espiritualidad y los saberes de la cocina maya del poniente de Yucatán. La clase utiliza ingredientes locales y técnicas ancestrales, como el fogón de tres piedras y el horno subterráneo o pib. El proceso se desarrolla al aire libre y concluye con la degustación de una comida de cuatro tiempos preparada durante la actividad.","Clase demostrativa de cocina yucateca, preparación con fogón y pib y degustación de una comida de cuatro tiempos."
MMM-037,Cuch Holoch,Yucatán,Halachó,Halachó,México,20.662200,-89.769700,Ruta Puuc,Naturaleza | Artesanía,Turismo comunitario / artesanal,Ponciano Tzuc,"Recorrido por el proceso del jipijapa, visita a la plantación y a la cueva de tejido, demostración práctica y venta de artesanías.",Pequeños dentro de la cueva.,"La visita a Cuch Holoch presenta el proceso completo de elaboración de sombreros de jipijapa. El recorrido incluye la planta de la que se obtienen las fibras, la cueva donde se tejen gracias a la humedad y el espacio donde se fija la forma de las piezas mediante calor. Las personas participantes pueden practicar parte del tejido y, al final, conocer y adquirir sombreros y otras artesanías en colores naturales o teñidos.","Su casa, en donde se resguardan los materiales utilizados para la elaboración de sombreros.",La técnica de tejido del jipijapa.,"La cueva en donde elaboran los sombreros, el terreno en donde plantan el jipijapa.",Grupo de artesanos de la comunidad.,"Sombreros para mujeres y hombres, abanicos, tortilleros, alhajeros, entre otros.",La visita a experiencias artesanales inmersivas.,La compra de sombreros de jipijapa.,9979739373,,Jitpook Ponciano,,"Catálogo de Experiencias Turísticas Mundo Maya México, UNESCO / Alianza Mundo Maya México, 2025",CC BY-SA 3.0 IGO,,,,,,"La visita a Cuch Holoch presenta el proceso completo de elaboración de sombreros de jipijapa. El recorrido incluye la planta de la que se obtienen las fibras, la cueva donde se tejen gracias a la humedad y el espacio donde se fija la forma de las piezas mediante calor. Las personas participantes pueden practicar parte del tejido y, al final, conocer y adquirir sombreros y otras artesanías en colores naturales o teñidos.","Recorrido por el proceso del jipijapa, visita a la plantación y a la cueva de tejido, demostración práctica y venta de artesanías."
MMM-038,Grutas Chocantes,Yucatán,Tekax,Tekax,México,20.409400,-89.283300,Ruta Puuc,Naturaleza,Turismo de aventura,"Pedro Cervera Xool, Grutas Chocantes","Recorrido de aventura por Grutas Chocantes con guía, arnés, equipo de seguridad, hidratación, vestidores y uso de instalaciones.",Pequeños para tener control de grupo.,"Grutas Chocantes permite explorar un paisaje subterráneo de roca kárstica con estalactitas, estalagmitas y formaciones conocidas como cristales. El recorrido de aventura se realiza con guía y equipo de seguridad. En la superficie también pueden practicarse actividades como tirolesa y rappel en la Gruta del Toro, mientras se conoce la historia de las expediciones realizadas en el sitio.","Las instalaciones en el sitio como la palapa de recepción, las torres de tirolesas y equipo especializado.","Las capacitaciones de los guías, la historia de las grutas y su importancia en la cultura maya.",La gruta con sus formaciones de estalactitas y estalagmitas.,Indígenas mayas de la sociedad cooperativa.,Alimentos tradicionales yucatecos y venta de artesanías de piedras preciosas como el jade elaborados por un artesano local.,El uso de protección para entrar a la gruta.,El recorrido guiado para mayor protección.,9971172756,pedroalejandrocerveraxool@outlook.es,Gruta Chocantes,https://www.instagram.com/grutachocantes,"Catálogo de Experiencias Turísticas Mundo Maya México, UNESCO / Alianza Mundo Maya México, 2025",CC BY-SA 3.0 IGO,,,,,,"Grutas Chocantes permite explorar un paisaje subterráneo de roca kárstica con estalactitas, estalagmitas y formaciones conocidas como cristales. El recorrido de aventura se realiza con guía y equipo de seguridad. En la superficie también pueden practicarse actividades como tirolesa y rappel en la Gruta del Toro, mientras se conoce la historia de las expediciones realizadas en el sitio.","Recorrido de aventura por Grutas Chocantes con guía, arnés, equipo de seguridad, hidratación, vestidores y uso de instalaciones."
MMM-039,Meliponario Lool-Há,Yucatán,Maní,Maní,México,20.391700,-89.383300,Ruta Puuc,Meliponicultura,Turismo cultural,"Elizabeth Interián, Meliponario Lool-Há","Guía local, ceremonia de la abeja melipona, visita al meliponario y degustación de miel.",Pequeños por la capacidad de carga.,"En el Meliponario Lool-Há, mujeres mayas comparten ceremonias vinculadas con el cuidado de las abejas y las floraciones del campo. La experiencia incluye un ritual en lengua maya, la visita al espacio de crianza de la abeja melipona y una explicación sobre su importancia cultural y medicinal. Al final se degustan mieles y se conocen productos derivados de esta práctica ancestral.",Las palapas y el terreno donde se lleva a cabo la actividad.,Los conocimientos de las mujeres que realizan la ceremonia maya.,"Las abejas meliponas, la miel y sus derivados.",Las 10 socias.,Miel melipona.,El respeto a la ceremonia maya.,El cuidado de las abejas meliponas.,9971127825,bojorquezelizabet1@gmail.com,Meliponario Lool-Há,,"Catálogo de Experiencias Turísticas Mundo Maya México, UNESCO / Alianza Mundo Maya México, 2025",CC BY-SA 3.0 IGO,,,,,,"En el Meliponario Lool-Há, mujeres mayas comparten ceremonias vinculadas con el cuidado de las abejas y las floraciones del campo. La experiencia incluye un ritual en lengua maya, la visita al espacio de crianza de la abeja melipona y una explicación sobre su importancia cultural y medicinal. Al final se degustan mieles y se conocen productos derivados de esta práctica ancestral.","Guía local, ceremonia de la abeja melipona, visita al meliponario y degustación de miel."
MMM-040,Aldea Maya Xa’ Anil Naj,Yucatán,Santa Elena,Santa Elena,México,20.295600,-89.660300,Ruta Puuc,Historia y arqueología | Naturaleza | Gastronomía,Turismo gastronómico y rural,Aldea Maya Xa’ Anil Naj,"Taller de preparación de alimentos, bebida tradicional, recorrido por Santa Elena y degustación de cocina yucateca.",Grupos pequeños.,"En la aldea maya Xa’ Anil Naj, cocineras tradicionales reciben a las personas visitantes en una vivienda de arquitectura local. Con su acompañamiento se prepara pollo pibil en horno bajo tierra, tortillas hechas a mano y sikil pak con ingredientes del traspatio. La actividad también explica el significado de prácticas relacionadas con el maíz y, según la temporada, puede incluir la bebida ceremonial saká.","La choza maya, el fogón, el horno maya o pib.","Las recetas yucatecas, las técnicas utilizadas.",Los insumos orgánicos de la región.,"Los integrantes de la familia, quienes forman parte del proyecto.",Comida tradicional yucateca.,La preparación de comida tradicional.,El uso de insumos locales orgánicos.,9971335768,gladyscolli8@gmail.com,Aldea Maya Xa’ Anil Naj,,"Catálogo de Experiencias Turísticas Mundo Maya México, UNESCO / Alianza Mundo Maya México, 2025",CC BY-SA 3.0 IGO,,,,,,"En la aldea maya Xa’ Anil Naj, cocineras tradicionales reciben a las personas visitantes en una vivienda de arquitectura local. Con su acompañamiento se prepara pollo pibil en horno bajo tierra, tortillas hechas a mano y sikil pak con ingredientes del traspatio. La actividad también explica el significado de prácticas relacionadas con el maíz y, según la temporada, puede incluir la bebida ceremonial saká.","Taller de preparación de alimentos, bebida tradicional, recorrido por Santa Elena y degustación de cocina yucateca."
MMM-041,Najilkat (Casa del barro),Yucatán,Valladolid,Uayma,México,20.762500,-88.291700,Ruta Puuc,Artesanía,Artesanía,Familia Espadas,"Recorrido guiado por Uayma y taller de alfarería, desde la selección de la arcilla hasta el modelado y la cocción.",Grupos pequeños; la experiencia puede adaptarse a las necesidades de las personas visitantes.,"Esta experiencia acerca al visitante al proceso de la alfarería, con una familia que por varias generaciones se ha dedicado al barro. Se visitará de manera guiada el centro de Uayma para conocer su iglesia del siglo XVII y después conocer los pasos para elaborar piezas de alfarería de la mano de los artesanos; desde la selección y recolección de arcilla hasta su cocción. La visita debe coordinarse previamente con la persona anfitriona para confirmar disponibilidad, horarios, costos y condiciones de participación.",Iglesia colonial de Uayma (siglo XVII); taller alfarero.,Técnica artesanal de alfarería en barro; tradición alfarera de la Familia Espadas / Juanita Dzul Cob.,,Familia Espadas y artesanos locales.,Piezas de alfarería en barro.,La preservación y transmisión de la alfarería tradicional.,El aprendizaje práctico y el reconocimiento del trabajo artesanal local.,9841057444,najil.kat@gmail.com,https://www.facebook.com/TerrArteUayma,,"Catálogo Yucatán. Mosaico de Experiencias, UNESCO / Airbnb / Co'ox Mayab / SEFOTUR Yucatán, 2024 (MEX/2025/CLT/WP/1)",CC BY-SA 3.0 IGO,,,,,,"Esta experiencia acerca al visitante al proceso de la alfarería, con una familia que por varias generaciones se ha dedicado al barro. Se visitará de manera guiada el centro de Uayma para conocer su iglesia del siglo XVII y después conocer los pasos para elaborar piezas de alfarería de la mano de los artesanos; desde la selección y recolección de arcilla hasta su cocción. La visita debe coordinarse previamente con la persona anfitriona para confirmar disponibilidad, horarios, costos y condiciones de participación.","Recorrido guiado por Uayma y taller de alfarería, desde la selección de la arcilla hasta el modelado y la cocción."
MMM-042,Comunidad Kanxoc,Yucatán,Valladolid,Kanxoc,México,20.658300,-88.116700,Guerra de Castas,Artesanía,Artesanía,Fernando May,"Recorrido por Kanxoc, taller práctico de bordado a mano o máquina, acercamiento a productos textiles y comida local.","Grupos pequeños, de acuerdo con la capacidad de la casa-taller.","El bordado es uno de los elementos patrimoniales más distintivos de Yucatán. Esta experiencia busca que el visitante aprenda algunas de las técnicas de bordado a mano o a máquina. Se enseñará de manera práctica la elaboración de bordados tradicionales, productos textiles y de joyería de la mano de una artesana local. La visita comienza con un recorrido guiado por el pueblo antes de llegar a la casa de la artesana donde tendrá lugar la actividad. La visita debe coordinarse previamente con la persona anfitriona para confirmar disponibilidad, horarios, costos y condiciones de participación.",,Técnica de bordado maya a mano y a máquina; tradición textil y joyería artesanal.,,10 personas de la cooperativa participan de manera continua.,"Bordados tradicionales, productos textiles, joyería artesanal.",La continuidad de las técnicas de bordado tradicional.,La participación de las artesanas y la compra de productos comunitarios.,5536508915,noracomunidadkanxoc@gmail.com,,,"Catálogo Yucatán. Mosaico de Experiencias, UNESCO / Airbnb / Co'ox Mayab / SEFOTUR Yucatán, 2024 (MEX/2025/CLT/WP/1)",CC BY-SA 3.0 IGO,,,,,https://www.comunidadkanxoc.mx/,"El bordado es uno de los elementos patrimoniales más distintivos de Yucatán. Esta experiencia busca que el visitante aprenda algunas de las técnicas de bordado a mano o a máquina. Se enseñará de manera práctica la elaboración de bordados tradicionales, productos textiles y de joyería de la mano de una artesana local.","Recorrido por Kanxoc, taller práctico de bordado a mano o máquina, acercamiento a productos textiles y comida local."
MMM-043,U Najil Yilk’il Kaab,Yucatán,Yaxcabá,Yaxcabá,México,20.547200,-88.820800,Guerra de Castas,Meliponicultura,Meliponicultura,Gabriela González,"Visita al meliponario y al jardín comunitario, charla sobre abejas nativas y degustación de mieles.",,"El visitante tendrá la oportunidad de degustar diferentes mieles de abejas nativas, así como conocer la importancia ambiental y cultural en el mundo maya a partir de una amena charla con un grupo de productoras locales. La experiencia incluye la visita al meliponario y al jardín comunitario, plática sobre abejas nativas y meliponicultura, así como degustación de mieles de distintas especies de abejas y de floraciones. La visita debe coordinarse previamente con la persona anfitriona para confirmar disponibilidad, horarios, costos y condiciones de participación.",,Meliponicultura maya; saberes sobre abejas nativas y su papel en la cosmovisión maya.,Colmenas de abejas nativas; jardín comunitario de flora melífera.,Grupo de meliponicultoras.,Mieles de abejas nativas de diversas especies y floraciones.,La conservación de las abejas nativas y la meliponicultura maya.,La educación ambiental y el consumo responsable de miel local.,4622457858,magaglezc33@gmail.com,https://www.facebook.com/unajilyilkilkaab,,"Catálogo Yucatán. Mosaico de Experiencias, UNESCO / Airbnb / Co'ox Mayab / SEFOTUR Yucatán, 2024 (MEX/2025/CLT/WP/1)",CC BY-SA 3.0 IGO,,,,,,"El visitante tendrá la oportunidad de degustar diferentes mieles de abejas nativas, así como conocer la importancia ambiental y cultural en el mundo maya a partir de una amena charla con un grupo de productoras locales. La experiencia incluye la visita al meliponario y al jardín comunitario, plática sobre abejas nativas y meliponicultura, así como degustación de mieles de distintas especies de abejas y de floraciones. La visita debe coordinarse previamente con la persona anfitriona para confirmar disponibilidad, horarios, costos y condiciones de participación.","Visita al meliponario y al jardín comunitario, charla sobre abejas nativas y degustación de mieles."
MMM-044,Yaax Tekit,Yucatán,Tekit,Tekit,México,20.556900,-89.336400,Ruta Puuc,Historia y arqueología | Artesanía | Gastronomía,"Historia, Cocina tradicional, Artesanía",Ana Piña,"Tour comunitario con opciones de panadería, bordado, gastronomía local, fábrica de guayaberas y vida cotidiana de Tekit.",,"Se trata de un tour comunitario que busca resaltar experiencias de conocimientos y prácticas del patrimonio agrícola y cultural inmaterial de Tekit, con actividades donde quienes nos visitan pueden conocer cómo es la vida cotidiana de los habitantes del pueblo, resaltando de manera holística la vida tradicional de un pueblo que conserva prácticas sostenibles a pesar de estar cambiando rápidamente ante la industrialización textil. El visitante puede optar por visitar una panadería local, recorrer un taller de bordado, hacer un tour gastronómico con una cocinera local o visitar una fábrica de guayaberas.",Fábrica de guayaberas; panadería tradicional.,Gastronomía tradicional; bordado maya; producción de guayaberas.,,"Panaderos, bordadoras, cocineras y productores locales.",Pan artesanal; guayaberas; bordados.,"La valoración de las prácticas agrícolas, textiles y gastronómicas de Tekit.",La participación de negocios y familias de la comunidad.,9994478395,,,,"Catálogo Yucatán. Mosaico de Experiencias, UNESCO / Airbnb / Co'ox Mayab / SEFOTUR Yucatán, 2024 (MEX/2025/CLT/WP/1)",CC BY-SA 3.0 IGO,,,,,https://cooxmayab.com/destinos/tekit/,"Se trata de un tour comunitario que busca resaltar experiencias de conocimientos y prácticas del patrimonio agrícola y cultural inmaterial de Tekit, con actividades donde quienes nos visitan pueden conocer cómo es la vida cotidiana de los habitantes del pueblo, resaltando de manera holística la vida tradicional de un pueblo que conserva prácticas sostenibles a pesar de estar cambiando rápidamente ante la industrialización textil. El visitante puede optar por visitar una panadería local, recorrer un taller de bordado, hacer un tour gastronómico con una cocinera local o visitar una fábrica de guayaberas.","Tour comunitario con opciones de panadería, bordado, gastronomía local, fábrica de guayaberas y vida cotidiana de Tekit."
MMM-045,Pachpakal Solar Maya,Yucatán,Maní,Maní,México,20.391700,-89.383300,Ruta Puuc,Historia y arqueología | Gastronomía,"Cocina tradicional, Historia",José de la Cruz,"Visita al solar maya, explicación de sus componentes, desayuno o comida con productos de temporada y acceso a tienda local.",,"El visitante tendrá la oportunidad de conocer un solar maya y los diferentes componentes que lo conforman. También podrá observar como los conocimientos del pasado se pueden armonizar con los actuales respetando el medio ambiente y ser parte de la vida cotidiana. La experiencia incluye la visita al solar y la explicación de sus componentes. Se puede incluir un delicioso desayuno, comida y bebidas regionales elaboradas principalmente con productos de temporada extraídos del solar o de milpas locales como tortillas hechas a mano, salsas, ensaladas, huevos. Además cuentan con una tienda que ofrece helados artesanales, miel y productos de herbolaria.",Solar maya tradicional.,Conocimiento agroecológico del solar maya; gastronomía de temporada.,Plantas de temporada del solar; milpa local.,Familia anfitriona y productores locales.,Tortillas hechas a mano; salsas; bebidas regionales; helados artesanales; miel; productos de herbolaria.,La recuperación del solar maya y los saberes agroecológicos.,El consumo de productos locales y las prácticas de bajo impacto ambiental.,9971287200,solar.maya@hotmail.com,,,"Catálogo Yucatán. Mosaico de Experiencias, UNESCO / Airbnb / Co'ox Mayab / SEFOTUR Yucatán, 2024 (MEX/2025/CLT/WP/1)",CC BY-SA 3.0 IGO,,,,,https://acortar.link/CqbO4B,El visitante tendrá la oportunidad de conocer un solar maya y los diferentes componentes que lo conforman. También podrá observar como los conocimientos del pasado se pueden armonizar con los actuales respetando el medio ambiente y ser parte de la vida cotidiana. La experiencia incluye la visita al solar y la explicación de sus componentes.,"Visita al solar maya, explicación de sus componentes, desayuno o comida con productos de temporada y acceso a tienda local."
MMM-046,Cocina tradicional de Maní K’oóben,Yucatán,Maní,Maní,México,20.391700,-89.383300,Ruta Puuc,Gastronomía,Cocina tradicional,Marta Pat,"Demostración y taller de cocina tradicional yucateca, preparación de platillos en fogón o pib y degustación.",,"Esta experiencia se desarrolla en un restaurante de cocina tradicional yucateca, donde las personas visitantes conocen y practican técnicas de preparación en fogón de tres piedras, con leña y en horno subterráneo o pib. Con la guía de doña Marta se elaboran platillos como cochinita pibil, poc chuc, mucbipollo, huevos encamisados y tortillas de maíz nixtamalizado. El taller combina aprendizaje culinario, relatos sobre la vida cotidiana de Maní y una degustación de los alimentos preparados.",,Gastronomía tradicional yucateca; técnica del pib (horno enterrado); uso del maíz nixtamalizado.,,Cocineras tradicionales y personal del restaurante.,Mucbipollos; cochinita pibil; Poc Chuc; maíz local nixtamalizado.,La transmisión de recetas y técnicas de cocina tradicional.,"El uso de maíz local, fogón de tres piedras y horno pib.",9993307120,knulpat@gmail.com,,,"Catálogo Yucatán. Mosaico de Experiencias, UNESCO / Airbnb / Co'ox Mayab / SEFOTUR Yucatán, 2024 (MEX/2025/CLT/WP/1)",CC BY-SA 3.0 IGO,,,,,https://koobenmani.com.mx,"Esta experiencia se desarrolla en un restaurante de cocina tradicional yucateca, donde las personas visitantes conocen y practican técnicas de preparación en fogón de tres piedras, con leña y en horno subterráneo o pib. Con la guía de doña Marta se elaboran platillos como cochinita pibil, poc chuc, mucbipollo, huevos encamisados y tortillas de maíz nixtamalizado. El taller combina aprendizaje culinario, relatos sobre la vida cotidiana de Maní y una degustación de los alimentos preparados.","Demostración y taller de cocina tradicional yucateca, preparación de platillos en fogón o pib y degustación."
MMM-047,Unajil Ek Balam,Yucatán,Temozón,Ekbalám,México,20.871700,-88.253300,Guerra de Castas,Historia y arqueología | Artesanía | Gastronomía,"Arqueología, Artesanía, Historia",Mario Tuz,"Tour comunitario, visita a la zona arqueológica y la milpa, talleres de hamaca, bordado y tortillas, con hospedaje o camping opcional.",,"La experiencia en Unajil Ek Balam ofrece un tour comunitario donde los visitantes podrán disfrutar de un encuentro intercultural con las y los pobladores de la comunidad que se encuentra a un par de kilómetros de la zona arqueológica de Ek Balam, donde además de visitar esta zona, se sumergirán en la riqueza natural y cultural realizando actividades tradicionales que los habitantes han conservado hasta la fecha, como el tour a la milpa, aprendiendo las técnicas con las que se cultivan alimentos y el tour comunitario, aprendiendo las prácticas tradicionales de urdido de hamacas, bordado y elaboración de tortillas hechas a mano, además de la oferta de hospedaje en la comodidad de cabañas tradicionales o camping en una reserva ejidal.",Zona arqueológica de Ek Balam.,Técnica de urdido de hamacas; bordado maya; elaboración de tortillas; milpa.,Reserva ejidal de Ek Balam.,Ejidatarios de Ek Balam.,Hamacas; bordados; tortillas.,El intercambio cultural y la transmisión de saberes comunitarios.,El consumo local y la participación de ejidatarios y artesanas.,9851068738,,,,"Catálogo Yucatán. Mosaico de Experiencias, UNESCO / Airbnb / Co'ox Mayab / SEFOTUR Yucatán, 2024 (MEX/2025/CLT/WP/1)",CC BY-SA 3.0 IGO,,,,,https://unajilekbalam.com/,"La experiencia en Unajil Ek Balam ofrece un tour comunitario donde los visitantes podrán disfrutar de un encuentro intercultural con las y los pobladores de la comunidad que se encuentra a un par de kilómetros de la zona arqueológica de Ek Balam, donde además de visitar esta zona, se sumergirán en la riqueza natural y cultural realizando actividades tradicionales que los habitantes han conservado hasta la fecha, como el tour a la milpa, aprendiendo las técnicas con las que se cultivan alimentos y el tour comunitario, aprendiendo las prácticas tradicionales de urdido de hamacas, bordado y elaboración de tortillas hechas a mano, además de la oferta de hospedaje en la comodidad de cabañas tradicionales o camping en una reserva ejidal.","Tour comunitario, visita a la zona arqueológica y la milpa, talleres de hamaca, bordado y tortillas, con hospedaje o camping opcional."
MMM-048,Caminos del mayab,Yucatán,Mérida,Mérida / Yunku,México,20.967000,-89.623700,Ruta Puuc,Historia y arqueología | Senderismo | Gastronomía,"Historia, Naturaleza, Cocina tradicional",Emiliano Méndez,"Senderismo de 4.5 km, visita a antiguos planteles henequeneros, hacienda y cenote, comida tradicional y transporte desde Mérida.",,"Recorrido ecoturístico dentro de la modalidad senderismo donde se recorren 4.5 km a través de una selva secundaria, pasando a través de antiguos planteles henequeneros y sitios naturales. Se visita la Hacienda de Santo Domingo de Yunku donde se puede ingresar a un cenote cerrado y conocer la historia del sitio. Se finaliza con una comida en una casa local donde se puede degustar la cocina tradicional. Esta experiencia te traslada desde el centro de Mérida a la localidad de Yunku en un transporte que viene incluido.",Hacienda Santo Domingo de Yunku; antiguos planteles henequeneros.,Gastronomía local tradicional; historia henequenera de Yucatán.,Selva secundaria; cenote cerrado.,"Guías locales, familias anfitrionas y proveedores de alimentos.",Comida tradicional yucateca.,La valoración del patrimonio henequenero y natural de las comunidades.,La contratación de servicios y el consumo de alimentos locales.,9995036767,info@caminodelmayab.com,,,"Catálogo Yucatán. Mosaico de Experiencias, UNESCO / Airbnb / Co'ox Mayab / SEFOTUR Yucatán, 2024 (MEX/2025/CLT/WP/1)",CC BY-SA 3.0 IGO,,,,,https://caminodelmayab.com/,"Recorrido ecoturístico dentro de la modalidad senderismo donde se recorren 4.5 km a través de una selva secundaria, pasando a través de antiguos planteles henequeneros y sitios naturales. Se visita la Hacienda de Santo Domingo de Yunku donde se puede ingresar a un cenote cerrado y conocer la historia del sitio. Se finaliza con una comida en una casa local donde se puede degustar la cocina tradicional.","Senderismo de 4.5 km, visita a antiguos planteles henequeneros, hacienda y cenote, comida tradicional y transporte desde Mérida."
MMM-049,Sheartail,Yucatán,Celestún,Celestún,México,20.866700,-90.395600,Ruta Puuc,Naturaleza | Senderismo,Naturaleza,Román Cahuich,"Recorrido nocturno por manglares, dunas, salineras y la antigua hacienda Real de Salinas con guías especializados.",,"Sheartail propone un recorrido nocturno por el paisaje costero de Celestún con guías especializados. La ruta atraviesa manglares, dunas, salineras y el casco de la antigua hacienda Real de Salinas, mientras se escuchan e interpretan los sonidos de la fauna nocturna. La actividad ofrece una perspectiva distinta del patrimonio natural e histórico de la región.",Antigua hacienda Real de Salinas.,,Manglares de Celestún; dunas costeras; salineras; fauna nocturna.,"Guías especializados en turismo de naturaleza, certificados desde 2017.",,"La conservación de manglares, dunas y fauna nocturna.",La educación ambiental mediante recorridos guiados.,9997488728,rcauich@gmail.com,https://www.facebook.com/sheartailexpeditions/,,"Catálogo Yucatán. Mosaico de Experiencias, UNESCO / Airbnb / Co'ox Mayab / SEFOTUR Yucatán, 2024 (MEX/2025/CLT/WP/1)",CC BY-SA 3.0 IGO,,,,,,"Sheartail propone un recorrido nocturno por el paisaje costero de Celestún con guías especializados. La ruta atraviesa manglares, dunas, salineras y el casco de la antigua hacienda Real de Salinas, mientras se escuchan e interpretan los sonidos de la fauna nocturna. La actividad ofrece una perspectiva distinta del patrimonio natural e histórico de la región.","Recorrido nocturno por manglares, dunas, salineras y la antigua hacienda Real de Salinas con guías especializados."
MMM-050,Descubre Sisal,Yucatán,Hunucmá,Sisal,México,21.164400,-90.040800,Ruta Puuc,Naturaleza | Senderismo,Naturaleza,Leopoldo Puc,"Recorridos personalizados por manglares, ojos de agua y dunas, con observación de aves, kayak, senderismo y actividades acuáticas.",,"Experiencia de observación del entorno de Sisal, caracterizado por sus manglares, ojos de agua y dunas. Recorridos en los que se aprecia la riqueza de fauna, especialmente de aves, así como de la flora caracterizada por tres tipos de mangle: negro, rojo y blanco; especies que por su captura de carbono ofrecen grandes servicios ambientales. La visita debe coordinarse previamente con la persona anfitriona para confirmar disponibilidad, horarios, costos y condiciones de participación.",,,"Manglares de tres tipos (negro, rojo y blanco); ojos de agua; dunas costeras; aves.",Guías comunitarios de naturaleza.,,"La conservación de manglares, ojos de agua y dunas costeras.",La observación responsable de aves y el turismo de naturaleza.,9993635014,descubresisal@gmail.com,,,"Catálogo Yucatán. Mosaico de Experiencias, UNESCO / Airbnb / Co'ox Mayab / SEFOTUR Yucatán, 2024 (MEX/2025/CLT/WP/1)",CC BY-SA 3.0 IGO,,,,,https://descubresisal.com/,"Experiencia de observación del entorno de Sisal, caracterizado por sus manglares, ojos de agua y dunas. Recorridos en los que se aprecia la riqueza de fauna, especialmente de aves, así como de la flora caracterizada por tres tipos de mangle: negro, rojo y blanco; especies que por su captura de carbono ofrecen grandes servicios ambientales. La visita debe coordinarse previamente con la persona anfitriona para confirmar disponibilidad, horarios, costos y condiciones de participación.","Recorridos personalizados por manglares, ojos de agua y dunas, con observación de aves, kayak, senderismo y actividades acuáticas."
MMM-051,Guardianes de los Manglares de Dzinitun,Yucatán,Celestún,Celestún,México,20.866700,-90.395600,Ruta Puuc,Naturaleza | Senderismo,Naturaleza,José Isaías Uh,"Recorrido en bicicleta y kayak por los manglares, observación de aves y posibilidad de nadar en un manantial de agua dulce.",,"Experiencia centrada en conocer la importancia ambiental y cultural de los manglares de Celestún. Recorridos en los que se aprecia la riqueza de fauna, especialmente de aves. A lo largo de la experiencia se recorren senderos en bicicleta, se navega en kayak por los humedales y se puede nadar en un manantial de agua dulce. La visita debe coordinarse previamente con la persona anfitriona para confirmar disponibilidad, horarios, costos y condiciones de participación.",,,Manglares de Celestún; humedales de Dzinitun; manantial de agua dulce; aves.,Cooperativa familiar de pescadores reconvertida en guías de naturaleza; certificados por SEFOTUR Yucatán.,,La restauración y conservación de los manglares de Celestún.,La educación ambiental y la participación de guías comunitarios.,9996454310,guardianesdzinintun@gmail.com,,,"Catálogo Yucatán. Mosaico de Experiencias, UNESCO / Airbnb / Co'ox Mayab / SEFOTUR Yucatán, 2024 (MEX/2025/CLT/WP/1)",CC BY-SA 3.0 IGO,,,,,https://goo.su/rp9qs,"Experiencia centrada en conocer la importancia ambiental y cultural de los manglares de Celestún. Recorridos en los que se aprecia la riqueza de fauna, especialmente de aves. A lo largo de la experiencia se recorren senderos en bicicleta, se navega en kayak por los humedales y se puede nadar en un manantial de agua dulce.","Recorrido en bicicleta y kayak por los manglares, observación de aves y posibilidad de nadar en un manantial de agua dulce."
MMM-052,Mundo Maya MTB,Yucatán,Mérida,Sacalum / Mucuyché,México,20.967000,-89.623700,Ruta Puuc,Naturaleza | Senderismo | Gastronomía,"Naturaleza, Cocina tradicional",Rafael Jiménez,"Ruta en bicicleta de montaña por caminos henequeneros, parcelas, milpas, haciendas y cenotes, con comida tradicional al final.",,"La ruta en bicicleta de montaña inicia en Sacalum y recorre antiguos caminos utilizados para el transporte del henequén, planteles henequeneros, selva baja, parcelas citrícolas y milpas. El trayecto pasa por comunidades y antiguas haciendas, con paradas en los cenotes de San Marcos y Sabakhá. Según la temporada, es posible cosechar frutas en las parcelas. La experiencia concluye en Mucuyché con una comida tradicional yucateca en una casa maya.",Cascos de haciendas henequeneras; antiguas vías de truck.,Historia henequenera de Yucatán; gastronomía tradicional en casa maya.,Selva baja caducifolia; parcelas citrícolas; milpas mayas; cenotes abiertos.,"Guías, familias y proveedores de las comunidades de la ruta.",Comida tradicional yucateca en casa maya.,La movilidad de bajo impacto y el conocimiento del paisaje biocultural.,El consumo local y la colaboración con comunidades de la ruta.,9991307123,proyecticamx@gmail.com,,,"Catálogo Yucatán. Mosaico de Experiencias, UNESCO / Airbnb / Co'ox Mayab / SEFOTUR Yucatán, 2024 (MEX/2025/CLT/WP/1)",CC BY-SA 3.0 IGO,,,,,https://acortar.link/npscU4,"La ruta en bicicleta de montaña inicia en Sacalum y recorre antiguos caminos utilizados para el transporte del henequén, planteles henequeneros, selva baja, parcelas citrícolas y milpas. El trayecto pasa por comunidades y antiguas haciendas, con paradas en los cenotes de San Marcos y Sabakhá. Según la temporada, es posible cosechar frutas en las parcelas.","Ruta en bicicleta de montaña por caminos henequeneros, parcelas, milpas, haciendas y cenotes, con comida tradicional al final."
