id,nombre_experiencia,estado,municipio,localidad,pais,latitud,longitud,ruta_maya,tipo_actividad,giro,anfitrion,servicios_incluidos,capacidad_grupo,descripcion_experiencia,patrimonio_material,patrimonio_inmaterial,patrimonio_natural,personas_involucradas,productos_locales,se_fomenta,se_promueve,telefono,correo,facebook,instagram,fuente,licencia,airbnb_url,expedia_url,booking_url,tripadvisor_url,sitio_web,descripcion,descripcion_corta
BCS-001,Berrendo Peninsular,Baja California Sur,Mulegé | San Quintín (Baja California),Guerrero Negro BCS | Ejido el costeño. San Quintin BC.,Mexico,27.981090,-114.053325,,History and archaeology | Nature | Hiking | Gastronomy,Naturaleza,Ejido el Costeño,Entrada al PRBP; Guia; Entrada MUBE,Up to 15 people,"Descubre la fascinante historia de conservación del berrendo peninsular en el Museo del Berrendo (MUBE). Acompañado por expertos, conocerás la importancia de esta especie emblemática y su programa de recuperación. Vive un recorrido educativo a pie o en vehículo para observar de cerca a este singular habitante del desierto bajacaliforniano.",,,,,,,,6121403166,berrendopeninsular@gmail.com,https://www.facebook.com/peninsularpronghorn/?ref=NONE_xav_ig_profile_page_web#,https://www.instagram.com/berrendopeninsular/?hl=en,PLATFORM VERSION 1 – Baja California Sur,,,,,,,Visita el Museo del Berrendo (MUBE) con expertos y apoya su conservación. Haz un interesante recorrido a pie o en vehículo para observar de cerca a esta especie emblemática del desierto bajacaliforniano.,Visita el Museo del Berrendo (MUBE) con expertos y apoya su conservación. Haz un interesante recorrido a pie o en vehículo para observar de cerca a esta especie emblemática del desierto bajacaliforniano.
BCS-002,Cultivando desde el Mar,Baja California Sur,Mulegé,Guerrero Negro BCS,Mexico,27.963457,-114.052870,,Nature | Handicrafts | Gastronomy,Naturaleza,Stephany Romo Ojeda,guia turisticos; area natural protegida; comida; transporte; seguro a terceros,Up to 15 people,Vive una experiencia sensorial única con familias acuacultoras dedicadas al cultivo sustentable de ostión. Aprende la labor artesanal que regenera nuestros ecosistemas y participa en la recolección durante la marea baja. Concluye esta inmersión con una deliciosa degustación del producto que ayudaste a trabajar.,,,,,,,,6121561835 / 6121531835,sromo1911@gmail.com,https://www.facebook.com/mardeamores.gn/?ref=PRODASH_UPSELL_xav_ig_profile_page_web#,https://www.instagram.com/mardeamores.gn/?hl=en,PLATFORM VERSION 1 – Baja California Sur,,,,,,,"Vive el cultivo sustentable de ostión con acuacultores locales. Aprende cómo regeneran el ecosistema, participa en la recolección con marea baja y culmina degustando los deliciosos ostiones que tú mismo ayudaste a cosechar.","Vive el cultivo sustentable de ostión con acuacultores locales. Aprende cómo regeneran el ecosistema, participa en la recolección con marea baja y culmina degustando los deliciosos ostiones que tú mismo ayudaste a cosechar."
BCS-003,The Californias,Baja California Sur,Mulegé | San Quintín (Baja California),"Guerrero Negro, Punta Mariscal, Valle de los Cirios, Laguna Ojo de Liebre, Rancho Piedra Blanca, Bahía de los Ángeles, Cataviñá, Rancho | Escondido, Rancho los Vaqueros, Reserva de la Biosfera el Vizcaíno, San Ignacio, San Borja, Santa Gertrudis, San Francisco de la Sierra, Laguna | Manuela/SantoDomingo.",Mexico,27.967934,-114.036381,,Nature,Naturaleza,Carlos Daniel Couttolenc Lyle,Guía comunitario local certificado; Capitán y embarcación autorizada para avistamiento de ballena gris; Pago de derechos y brazaletes del Área Natural Protegida; Acceso y permisos para Laguna Ojo de Liebre; Seguro de pasajero durante la actividad; Interpretación ambiental durante los recorridos; Recorrido guiado en el desierto del Vizcaíno; Acceso a sitios autorizados de pinturas rupestres; Cuotas de ingreso a zonas ejidales o comunitarias (cuando aplique); Transporte local terrestre (según itinerario); Entrada al museo comunitario (MUSAM); Charla educativa y contextualización histórica; Equipo básico de seguridad (chaleco salvavidas); Coordinación logística y organización de la experiencia; Material informativo y orientación ambiental; Agua purificada durante la experiencia; Apoyo a fondos comunitarios y acciones de conservación,Up to 6 people,"Vive un encuentro con la ballena gris en la Laguna Ojo de Liebre. Guiado por expertos locales, observa a esta majestuosa especie en su santuario natural mientras comprendes la importancia de su conservación. Esta experiencia integral incluye transporte, box lunch y un compromiso profundo con la preservación del ecosistema bajacaliforniano.",,,,,,,,6643708603 / 6461935678,hola@thecalifornias.com.mx,https://www.facebook.com/thecalif.mx/?ref=NONE_xav_ig_profile_page_web#,https://www.instagram.com/thecalif.mx/?hl=en,PLATFORM VERSION 1 – Baja California Sur,,,,,,https://www.thecalifornias.com.mx,"Observa la ballena gris en Laguna Ojo de Liebre con expertos locales. Descubre su santuario natural y apoya su conservación. La experiencia incluye transporte, box lunch y un gran compromiso con el ecosistema bajacaliforniano.","Observa la ballena gris en Laguna Ojo de Liebre con expertos locales. Descubre su santuario natural y apoya su conservación. La experiencia incluye transporte, box lunch y un gran compromiso con el ecosistema bajacaliforniano."
BCS-004,San Francisco De La Sierra,Baja California Sur,,,Mexico,,,,Nature | Hiking | Gastronomy,Comunidad y vida cotidiana,Vianney Ignacia Arce Ojeda,,,"Adéntrate en San Francisco de la Sierra recorriendo senderos junto a rancheras y rancheros sudcalifornianos. Visita pinturas rupestres Patrimonio Mundial, realiza caminatas y cabalgatas, observa la flora y fauna nativa y disfruta de la gastronomía tradicional en una experiencia que celebra el patrimonio biocultural.",,,,,,,,6151033490 / 6151091130,,https://www.facebook.com/pages/San%20Francisco%20De%20La%20Sierra/216597415185925/#,https://www.instagram.com/sanfranciscodelasierra.mx/,PLATFORM VERSION 1 – Baja California Sur,,,,,,,"Explora San Francisco de la Sierra con rancheros locales. Admira pinturas rupestres, haz cabalgatas, observa la flora y fauna nativa, y degusta la gastronomía tradicional celebrando este invaluable patrimonio biocultural.","Explora San Francisco de la Sierra con rancheros locales. Admira pinturas rupestres, haz cabalgatas, observa la flora y fauna nativa, y degusta la gastronomía tradicional celebrando este invaluable patrimonio biocultural."
BCS-005,Arte y Tradición de Ranchos Sudcalifornianos,Baja California Sur,Mulegé,La Tinaja | La Cerquita | Rancho Nuevo | Buenavista | Aguajito de la Tía Adelaida | El Sauce I | El Sauce II | El Sauce III | El Zafiro | Los Palo Blanco,Mexico,27.359903,-112.711455,,History and archaeology | Nature,Comunidad y vida cotidiana,Nereyda Guadalupe Zúñiga Peralta,Pago de guías INAH; Pago extra de guía; Pago de vaquero; mulas para montar; Burros de carga; Permisos de área y cámaras; Alimentos; Cocinera; Ayudante de cocina; Camping; Servicio del rancho anfitrión,Up to 25 people,"Sumérgete en la Sierra de San Francisco con una inmersión única en historia y naturaleza. Explora cuevas con pinturas rupestres ancestrales, convive con la comunidad local y conoce la elaboración de quesos tradicionales. Ya sea en un tour de un día o una expedición de cuatro.",,,,,,,,6151072679,nereydaperalt@hotmail.com,https://www.facebook.com/KARYLUTOURS/,https://www.instagram.com/baja28tours/,PLATFORM VERSION 1 – Baja California Sur,,,,,,,"Explora la Sierra de Santa Martha. Admira pinturas rupestres ancestrales, convive con la comunidad y elabora quesos tradicionales. Disfruta esta gran inmersión histórica y natural en tours de uno a cuatro días de expedición.","Explora la Sierra de Santa Martha. Admira pinturas rupestres ancestrales, convive con la comunidad y elabora quesos tradicionales. Disfruta esta gran inmersión histórica y natural en tours de uno a cuatro días de expedición."
BCS-006,Avistamiento de Ballena Gris,Baja California Sur,Mulegé,"San Ignacio, Laguna San Ignacio",Mexico,26.824913,-113.170501,,Nature | Gastronomy,Naturaleza,Nestor Rene Villavicencio Rojas,Varía dependiendo del servicio contratado,Up to 12 people,Atestigua el majestuoso paso de la ballena gris navegando en sus aguas protegidas y emociónate con este encuentro inolvidable; complementa tu aventura con hospedaje rústico y una exquisita gastronomía a la carta o en paquetes diseñados para tu total confort en armonía con el océano.,,,,,,,,6151540070 / 6151067973,info@kuyima.com,https://www.facebook.com/Kuyimatours/,https://www.instagram.com/kuyimatours/?hl=en,PLATFORM VERSION 1 – Baja California Sur,,,,,,https://www.kuyima.com,"Avista a la ballena gris en la Laguna San Ignacio. Completa esta aventura con hospedaje rústico, exquisita gastronomía a la carta y paquetes pensados para tu confort, viviendo en total armonía con el océano.","Avista a la ballena gris en la Laguna San Ignacio. Completa esta aventura con hospedaje rústico, exquisita gastronomía a la carta y paquetes pensados para tu confort, viviendo en total armonía con el océano."
BCS-007,Cultura Ranchera Sudcaliforniana,Baja California Sur,Comondú,San Isidro | La Purísima,Mexico,26.202520,-112.040322,,History and archaeology | Nature | Hiking | Gastronomy,Gastronomía y actividades,José Jesús Arce Meza,Guía local bilingüe; comidas en actividades; agua; snack y bebidas; transporte local 4x4; kit de primeros auxilios; equipo completo de camping para algunas actividades; kayak o tabla de paddle board; cuotas para zonas ejidales.,Up to 16 people,"Descubre la magia de Baja California Sur con experiencias rurales inmersivas. Explora pinturas rupestres, majestuosos cañones y oasis naturales mediante senderismo interpretativo. Conecta con tradiciones locales, saborea su gastronomía y aprende de la cultura ranchera en recorridos que combinan historia, geología y una profunda conexión con la naturaleza.",,,,,,,,6131243026,rural_adventure@outlook.com,https://www.facebook.com/p/Rural-Adventure-San-Isidro-AC-100081481668054/,https://www.instagram.com/ruraladventuresanisidro/,PLATFORM VERSION 1 – Baja California Sur,,,,,,,"Vive Baja California Sur con turismo rural. Explora pinturas rupestres, cañones y oasis haciendo senderismo. Conecta con la tradición, saborea la gastronomía y aprende de la cultura ranchera en plena naturaleza.","Vive Baja California Sur con turismo rural. Explora pinturas rupestres, cañones y oasis haciendo senderismo. Conecta con la tradición, saborea la gastronomía y aprende de la cultura ranchera en plena naturaleza."
BCS-008,Rancho San Cosme,Baja California Sur,Loreto,"rancho san cosme ,agua verde y santa martha",Mexico,25.577905,-111.167624,,History and archaeology | Nature | Handicrafts | Gastronomy,Naturaleza,Esther Rodriguez Romero,"Servicio de guía local durante todas las actividades.; Uso de mulas para el recorrido hacia el cerro y aguas termales.; Acompañamiento e interpretación ambiental durante el tour en mulas.; Uso de kayak.; Equipo de snorkel (chaleco salvavidas, visor y snorkel).; Guianza y acompañamiento durante las actividades acuáticas.; Taller de artesanías (materiales incluidos y pieza elaborada por el visitante).; Experiencia gastronómica tradicional (elaboración de tortillas y café).; Servicio de alimentos en el restaurante “El Arriero del Mar” (según paquete contratado).; Visita guiada a la exposición de artefactos históricos regionales.; Acceso a playas, islas y zonas naturales contempladas en el itinerario.; Uso de instalaciones del rancho durante la experiencia.; Hospedaje (camión restaurado o cabaña rústica, en caso de paquete con pernocta).",Up to 16 people,"Vive una estancia única en Rancho San Cosme, donde la aventura y tradición se encuentran. Hospédate en cabañas o autobuses restaurados, recorre la costa en mula, navega en kayak hacia islas vírgenes y practica snorkel. Disfruta talleres de cocina y artesanías, explorando la historia regional en un entorno costero inolvidable.",,,,,,,,6131057844,ranchosancosme1996@gmail.com,https://www.facebook.com/rancho.sancosme.1/,https://www.instagram.com/rancho3108/,PLATFORM VERSION 1 – Baja California Sur,,,,,,,"Vive la aventura en Rancho San Cosme. Hospédate en cabañas o autobuses. Recorre la costa en mula, haz kayak y snorkel. Disfruta talleres de cocina y artesanías en un entorno costero único e inolvidable.","Vive la aventura en Rancho San Cosme. Hospédate en cabañas o autobuses. Recorre la costa en mula, haz kayak y snorkel. Disfruta talleres de cocina y artesanías en un entorno costero único e inolvidable."
BCS-009,Restaurante Brisa del Mar,Baja California Sur,Loreto,Puerto de Agua Verde,Mexico,,,,History and archaeology | Nature | Handicrafts | Gastronomy,Naturaleza,Leonor Gonzalez Cota,ALIMENTOS Y BEBIDAS,Up to 100 people,"Explora Agua Verde, refugio pesquero pionero en el Golfo de California. Navega por sus aguas protegidas, aprende técnicas de pesca artesanal y descubre su historia a través de murales. Participa en talleres de café y tortillas, y degusta la fresca gastronomía local.",,,,,,,,6131226237,leonorgonzalez159@gmail.com,https://www.facebook.com/share/1LU57n3Sk5/?mibextid=wwXIfr,https://www.instagram.com/restaurante_brisa_del_mar?utm_source=qr,PLATFORM VERSION 1 – Baja California Sur,,,,,,,"Explora el refugio pesquero Agua Verde. Navega sus aguas, aprende pesca artesanal y descubre su historia en bellos murales. Participa en talleres de café y tortillas, y disfruta la fresca gastronomía local.","Explora el refugio pesquero Agua Verde. Navega sus aguas, aprende pesca artesanal y descubre su historia en bellos murales. Participa en talleres de café y tortillas, y disfruta la fresca gastronomía local."
BCS-010,Entre Dunas y Manglares,Baja California Sur,Comondú,Puerto San Carlos,Mexico,24.789719,-112.102645,,History and archaeology | Nature,Naturaleza,Alfredo Murillo González,Lancha con cómodos asientos; capitán y guía; lunch y bebidas; brazalete de acceso al Área Natural Protegida.,Up to 7 people,"Sumérgete en Puerto San Carlos con una navegación interpretativa guiada por expertos locales. Explora manglares y dunas costeras mientras descubres la riqueza ecológica y la historia de este territorio. Vive una experiencia de bajo impacto, ideal para la observación de aves y la conexión auténtica con la naturaleza y comunidad.",,,,,,,,6131168050 / 6131213719,murillosbros@gmail.com,https://www.facebook.com/p/Murillos-Bros-Adventours-61578499043398/,https://www.instagram.com/murillosbros/,PLATFORM VERSION 1 – Baja California Sur,,,,,,,Navega Puerto San Carlos con guías locales. Explora manglares y dunas descubriendo su historia y riqueza ecológica. Una experiencia sustentable ideal para observar aves y conectar profundamente con la naturaleza.,Navega Puerto San Carlos con guías locales. Explora manglares y dunas descubriendo su historia y riqueza ecológica. Una experiencia sustentable ideal para observar aves y conectar profundamente con la naturaleza.
BCS-011,Avistamiento de Ballenas y Aves,Baja California Sur,La Paz,Puerto Chale B.C.S.,Mexico,24.424019,-111.553349,,Nature,Naturaleza,Emmanuel Valles Negrete,"Uso de embarcación; Recorrido en embarcación con capacidad para 12 personas, incluyendo combustible y operación.; Chalecos salvavidas y equipo de seguridad; Todos los turistas reciben chalecos salvavidas y se les instruye en normas de seguridad.; Permisos y pagos legales; Incluye pago a la comunidad ejidal y cumplimiento de normativas de Áreas Naturales Protegidas, asegurando acceso legal y sustentable a la; zona.; Avistamiento de la ballena gris (Eschrichtius robustus) y otras especies marinas.; Información sobre prácticas tradicionales de pesca, navegación y conocimientos locales de la comunidad.; Seguros básicos de responsabilidad por operación; Cobertura por incidentes que puedan ocurrir dentro de las condiciones normales del tour y la operación de la embarcación.; Fotografía y registro opcional; La empresa puede tomar fotos o videos durante el recorrido para promoción; los turistas pueden optar por no aparecer.; Atención y logística; Recepción y bienvenida de los turistas, instrucciones previas al recorrido, coordinación de horarios y regreso seguro al punto de partida.",Up to 4 people,"Vive una experiencia inolvidable en Puerto Chale con nuestra empresa familiar dedicada al avistamiento de ballena gris. Disfruta de un recorrido seguro y educativo por la bahía, donde expertos locales comparten la riqueza de nuestra biodiversidad. Impulsamos el turismo sustentable mientras conectas respetuosamente con la majestuosidad de la vida marina.",,,,,,,,6122145064,toursemmanuel01@gmail.com,https://www.facebook.com/p/Tours-Emmanuel-Avistamiento-de-Ballenas-Y-Aves-100063296584966/,https://www.instagram.com/toursemmanuel_?,PLATFORM VERSION 1 – Baja California Sur,,,,,,,Avista la ballena gris en Puerto Chale. Disfruta un recorrido seguro y educativo con expertos locales. Apoya el turismo sustentable y conecta respetuosamente con la asombrosa biodiversidad y majestuosidad de la vida marina.,Avista la ballena gris en Puerto Chale. Disfruta un recorrido seguro y educativo con expertos locales. Apoya el turismo sustentable y conecta respetuosamente con la asombrosa biodiversidad y majestuosidad de la vida marina.
BCS-012,Turismo Rural Las Animas,Baja California Sur,La Paz,Las Animas | Jesús María,Mexico,23.633450,-109.971915,,Nature | Hiking | Gastronomy,Gastronomía y actividades,Valentin Martinez,Guía para caminatas y senderismo.; Brazalete para ANP; zona de acampar y renta de casas de campaña.; comidas.; Snacks durante recorridos.,Up to 20 people,"Descubre la Sierra La Giganta a través de senderismo y campismo guiados por la comunidad. Recorre senderos, observa la biodiversidad del desierto sudcaliforniano, conoce los saberes rancheros, disfruta de gastronomía regional y vive una noche de campamento bajo las estrellas en contacto con la naturaleza.",,,,,,,,6122039988,lasanimas.ecoturismo@gmail.com,https://www.facebook.com/profile.php?id=61576275128464,,PLATFORM VERSION 1 – Baja California Sur,,,,,,,"Explora la Sierra La Giganta con guías locales. Recorre senderos, admira la biodiversidad del desierto, aprende saberes rancheros, degusta la gastronomía regional y acampa bajo las estrellas en total conexión con la naturaleza.","Explora la Sierra La Giganta con guías locales. Recorre senderos, admira la biodiversidad del desierto, aprende saberes rancheros, degusta la gastronomía regional y acampa bajo las estrellas en total conexión con la naturaleza."
BCS-013,Ruta Ciclista del Oro y la Plata,Baja California Sur,La Paz,El triunfo,Mexico,23.801994,-110.109102,,History and archaeology | Gastronomy,Comunidad y vida cotidiana,Edgar Guadalupe Estrada Gonzales,"Guía local , 2. hidratación, 3. Guía de observación de aves.",Up to 20 people,"Recorre la historia de El Triunfo en una ruta ciclista de 6 kilómetros. Descubre el legado minero de Baja California Sur visitando el Panteón Inglés, emblemáticas minas y miradores panorámicos. De la mano de guías locales, conecta con el patrimonio biocultural y la fascinante riqueza histórica de este pueblo minero.",,,,,,,,6121574726 / 6121540270 / 6121271375,redverdeazul@gmail.com,https://www.facebook.com/share/1EPmFizDDH/?mibextid=wwXIfr,,PLATFORM VERSION 1 – Baja California Sur,,,,,,,"Explora El Triunfo en una ruta ciclista. Descubre su legado minero, el Panteón Inglés y miradores panorámicos. Junto a guías locales, conecta con el rico patrimonio histórico de este fascinante pueblo sudcaliforniano.","Explora El Triunfo en una ruta ciclista. Descubre su legado minero, el Panteón Inglés y miradores panorámicos. Junto a guías locales, conecta con el rico patrimonio histórico de este fascinante pueblo sudcaliforniano."
BCS-014,Los Realeños de San Antonio,Baja California Sur,,San Antonio Baja California Sur,Mexico,23.806533,-110.057391,,History and archaeology | Nature | Hiking | Gastronomy,Naturaleza,Joaquin Manriquez Rieke,guía turística; zona ejidal; entradas senderos,Up to 25 people,"Explora San Antonio, un histórico pueblo minero de Baja California Sur, a través de nuestra ruta de senderismo interpretativo. Conecta con la naturaleza serrana, descubre antiguas minas y admira vistas panorámicas inigualables. Esta experiencia apoya directamente a las familias locales, celebrando nuestra identidad, historia y compromiso con el turismo sustentable.",,,,,,,,6121570285,raicesdoradas.jm@gmail.com,https://www.facebook.com/realenosdesantonio/?locale=es_LA,,PLATFORM VERSION 1 – Baja California Sur,,,,,,,"Haz senderismo en el pueblo minero de San Antonio. Descubre antiguas minas y admira la sierra. Apoya a familias locales y celebra su identidad, historia y fuerte compromiso con el turismo sustentable sudcaliforniano.","Haz senderismo en el pueblo minero de San Antonio. Descubre antiguas minas y admira la sierra. Apoya a familias locales y celebra su identidad, historia y fuerte compromiso con el turismo sustentable sudcaliforniano."
BCS-015,El Rosario,Baja California Sur,La Paz,Ejido el Rosario,Mexico,23.743127,-110.111956,,Nature | Handicrafts | Gastronomy,Comunidad y vida cotidiana,Jaziel Abigail Garcia,"ENTRADA AL SANTUARIO, DERECHO A DEGUSTACION DE COMIDA REGIONAL, TOMAR TALLER DE ARTESANIAS, ATENCION POR PRIMER; RESPONDIENTE EN CASO DE INCIDENTES",Up to 6 people,"Descubre el Ejido El Rosario, un oasis de conservación en Baja California Sur. Explora el Santuario de los Cactus, admira vistas panorámicas desde el Cerro de la Cruz y conoce la Farmacia Viviente, donde mujeres locales preservan el saber ancestral. Concluye disfrutando de su gastronomía y sus artesanías únicas.",,,,,,,,6121041870,advcsanturiocactusbcs@gmail.com,,,PLATFORM VERSION 1 – Baja California Sur,,,,,,,"Explora el Ejido El Rosario, oasis de conservación. Visita el Santuario de Cactus y el Cerro de la Cruz. Conoce la Farmacia Viviente de saberes ancestrales y disfruta de su deliciosa gastronomía local y artesanías.","Explora el Ejido El Rosario, oasis de conservación. Visita el Santuario de Cactus y el Cerro de la Cruz. Conoce la Farmacia Viviente de saberes ancestrales y disfruta de su deliciosa gastronomía local y artesanías."
BCS-016,Santiago Sostenible,Baja California Sur,Los Cabos,Santiago- San Dioniso,Mexico,23.481647,-109.714934,,History and archaeology | Nature | Gastronomy,Saberes Tradicionales,Verónica Castro Rosas Karen Wilson Sánchez Elizabeth Álvarez Rosas Karminia Carolina Castro,No se define así es todo incluído.,,"Siente el latir choyero del oasis de Santiago conduciendo junto a un guía local. Honra el legado misional, abraza los saberes ancestrales de la Casa de Saberes y cosecha la tradición elaborando mermelada de mango en un rancho tradicional, fundiéndote con su patrimonio en una inolvidable comida campirana.",,,,,,,,6241599096 / 6291654794,stgosostenible@gmail.com,https://www.facebook.com/MercadoSantiagoSustentable/,,PLATFORM VERSION 1 – Baja California Sur,,,,,,,"Explora el oasis de Santiago. Conoce la Casa de Saberes, honra su historia misional, haz mermelada de mango en un rancho tradicional y disfruta una rica comida campirana conectando con el auténtico patrimonio choyero.","Explora el oasis de Santiago. Conoce la Casa de Saberes, honra su historia misional, haz mermelada de mango en un rancho tradicional y disfruta una rica comida campirana conectando con el auténtico patrimonio choyero."
BCS-017,Vivencias Rurales,Baja California Sur,Los Cabos | La Paz,"Rancho Agua de La Palma, San Dionisio | Todos Santos, San Antonio, La Paz, Santiago | San José del Cabo",Mexico,,,,Gastronomy,Gastronomía y actividades,Víctor Rodrigo Márquez Cota Julio Cruz Pastrana Pablo Daniel Cortez Amador,Taller de dulces regionales; Desayuno regional; Taller de platillos regionales; Comida de platillos regionales; Recorrido por el huerto familiar; Ingredientes para taller de dulces regionales y platillos regionales,Up to 30 people,"Descubre la auténtica cocina bajacaliforniana en Rancho Agua de la Palma. Participa en un taller vivencial guiado por familias locales, donde aprenderás a elaborar quesos, dulces y platillos tradicionales con ingredientes sustentables. Finaliza con una comida comunitaria, celebrando el patrimonio cultural y la esencia de la vida ranchera.",,,,,,,,6241229234 / 6242195297,cruzpastrana@hotmail.com,https://www.facebook.com/share/18NhAeVFpf/,https://www.instagram.com/saboresdemarydesierto?utm_source=ig_web_button_share_sheet&igsh=ZDNlZDc0MzIxNw==,PLATFORM VERSION 1 – Baja California Sur,,,,,,,"En Rancho Agua de la Palma, descubre la cocina local. Participa en talleres familiares para elaborar quesos, dulces y platillos. Disfruta una comida comunitaria que celebra el patrimonio cultural y la auténtica vida ranchera.","En Rancho Agua de la Palma, descubre la cocina local. Participa en talleres familiares para elaborar quesos, dulces y platillos. Disfruta una comida comunitaria que celebra el patrimonio cultural y la auténtica vida ranchera."
BCS-018,Cabo Pulmo por Locales,Baja California Sur,Los Cabos,Cabo Pulmo,Mexico,23.436120,-109.427448,,Nature | Hiking | Gastronomy,Naturaleza,Luis Mario Castro Arviz,"Ofrecemos servicios de buceo, hospedaje, snorkel, safari marino, pesca deportiva (fuera del ANP), alimentos y senderismo, incluyendo todo el; equipo necesario para la actividad de su agrado, incluye brazalete de ingreso al ANP, snack y bebidas en la embarcación, con una duración; aproximada de 3 horas por actividad, en hospedaje wifi, agua caliente.",Up to 10 people,"Vive la magia de Cabo Pulmo con cinco generaciones de experiencia local. Disfruta de buceo, snorkel, safaris marinos y senderismo con equipo incluido en cada tour. Complementa tu aventura con hospedaje rústico, gastronomía regional y una atención personalizada que se adapta a tus tiempos.",,,,,,,,6241106296 / 6241295960,luiscastrocpsc@gmail.com,https://www.facebook.com/cabopulmosc/?locale=es_LA,https://www.instagram.com/cabopulmosportcenter,PLATFORM VERSION 1 – Baja California Sur,,,,,,https://www.cabopulmosportcenter.com,"Vive Cabo Pulmo con expertos locales. Disfruta buceo, snorkel, safaris y senderismo (equipo incluido). Completa tu aventura costera con hospedaje rústico, gastronomía regional y una atención personalizada adaptada a tus tiempos.","Vive Cabo Pulmo con expertos locales. Disfruta buceo, snorkel, safaris y senderismo (equipo incluido). Completa tu aventura costera con hospedaje rústico, gastronomía regional y una atención personalizada adaptada a tus tiempos."
MMM-001,Hike through the Calakmul Forest to El Hormiguero,Campeche,Calakmul,Eugenio Echeverría Castellot II,Mexico,18.3972,-89.8206,Southern Archaeology,Nature | Hiking | History and archaeology,"Cultural diversity, agricultural heritage, natural heritage, intangible cultural heritage","Bárbara Díaz Arcos, Centro Ecoturístico El Hormiguero","Sunrise hike or afternoon tour, bicycle option, visit to the El Hormiguero archaeological site, traditional food and camping option.",Groups of up to 10 people.,"This experience introduces visitors to the community of Eugenio Echeverría Castellot II and the El Hormiguero archaeological site through two options. The first begins at sunrise with a two-kilometre walk or bicycle ride from the lagoon to the archaeological site and ends with a regional breakfast at the ecotourism centre. The second begins in the afternoon at El Hormiguero, follows the trail to the lagoon and ends in the community, where visitors may camp and enjoy a dinner prepared by local women.",El Hormiguero archaeological site.,"Stories and legends of the Maya forest, gastronomy and archaeology.",Calakmul Biosphere Reserve and the El Hormiguero Lagoon Voluntarily Designated Conservation Area.,"Host, traditional cooks and community guides.",Traditional food and beverages.,The preservation of the region’s natural resources and Maya traditions.,Environmental education related to ecotourism.,983 119 5598; 983 167 9576; 983 168 6332,barbara.diaz2203@gmail.com,,,"Maya World Mexico Tourism Experiences Catalogue, UNESCO / Maya World Mexico Alliance, 2025",CC BY-SA 3.0 IGO,,,,,,"This experience introduces visitors to the community of Eugenio Echeverría Castellot II and the El Hormiguero archaeological site through two options. The first begins at sunrise with a two-kilometre walk or bicycle ride from the lagoon to the archaeological site and ends with a regional breakfast at the ecotourism centre. The second begins in the afternoon at El Hormiguero, follows the trail to the lagoon and ends in the community, where visitors may camp and enjoy a dinner prepared by local women.","Sunrise hike or afternoon tour, bicycle option, visit to the El Hormiguero archaeological site, traditional food and camping option."
MMM-002,Cenotes and Natural Beauty of Miguel Colorado,Campeche,Champotón,Miguel Colorado,Mexico,19.3547,-90.4897,Puuc Route,Nature | Handicrafts | Gastronomy,"Cultural diversity, agricultural heritage, natural heritage, intangible cultural heritage","Raúl Canul Tun, Los Reyecitos “Ukuchil Jeele”","Hiking, birdwatching, kayaking, swimming in cenotes, traditional lunch, visit to the bat cenote and a chocolate workshop.",Groups of up to 10 people.,"This full-day experience combines nature, gastronomy and local knowledge in Miguel Colorado. It includes activities at the cenotes such as hiking, birdwatching, kayaking and swimming, as well as a meal cooked over a traditional hearth. The tour also includes a visit to the bat cenote, a chocolate workshop and night-sky observation connected with Maya cosmology.",Not applicable.,The ancestral chocolate tradition of Maya communities and interpretation of the sky in Maya cosmology.,"Miguel Colorado cenotes, the Ejido Miguel Colorado Voluntarily Designated Conservation Area, the Bat Cenote and dark skies.",Host and representatives of the craft workshops.,Handcrafted chocolate tablets and traditional regional food and beverages.,The revival of community traditions and the preservation of the region’s natural resources.,The preservation and responsible use of the region’s natural resources and the avoidance of single-use products.,982 822 0300; 981 140 4641,canulamador379@gmail.com; canul9504@gmail.com,Los Reyecitos “Ukuchil Jeele”,,"Maya World Mexico Tourism Experiences Catalogue, UNESCO / Maya World Mexico Alliance, 2025",CC BY-SA 3.0 IGO,,,,,,"This full-day experience combines nature, gastronomy and local knowledge in Miguel Colorado. It includes activities at the cenotes such as hiking, birdwatching, kayaking and swimming, as well as a meal cooked over a traditional hearth. The tour also includes a visit to the bat cenote, a chocolate workshop and night-sky observation connected with Maya cosmology.","Hiking, birdwatching, kayaking, swimming in cenotes, traditional lunch, visit to the bat cenote and a chocolate workshop."
MMM-003,“20 de Noviembre” Handicraft Corridor,Campeche,Calakmul,Comunidad “20 de noviembre”,Mexico,18.1854,-89.7413,Southern Archaeology,Handicrafts | Stingless beekeeping,"Cultural diversity, natural heritage, cultural heritage","Génesis Dzib Salazar, Corredor Artesanal 20 de Noviembre","Tour of community workshops, demonstrations of embroidery, stingless beekeeping, natural fibres, jewellery-making, woodcarving and herbal-infusion tasting.",Groups of up to 10 people.,"The 20 de Noviembre Handicraft Corridor offers an immersive tour of community workshops devoted to different craft traditions. Visitors can learn about embroidery, stingless beekeeping, work with natural fibres, seed jewellery, medicinal plants, woodcarving, lapidary work and hammock weaving. In several workshops, visitors may make their own piece and speak directly with the artisans.",Not applicable.,The preservation and transmission of the craft traditions of a migrant Maya community to younger generations.,Calakmul Biosphere Reserve.,"Host, women beekeepers, artisans and traditional cooks.",Traditional regional food and beverages.,Craft practice among younger generations and the sustainable use of natural resources from the Calakmul Biosphere Reserve.,The preservation of community traditions and craft processes.,997 111 0792; 983 836 8232; 983 140 6071,genidzib123@gmail.com,Corredor Artesanal 20 noviembre,,"Maya World Mexico Tourism Experiences Catalogue, UNESCO / Maya World Mexico Alliance, 2025",CC BY-SA 3.0 IGO,,,,,,"The 20 de Noviembre Handicraft Corridor offers an immersive tour of community workshops devoted to different craft traditions. Visitors can learn about embroidery, stingless beekeeping, work with natural fibres, seed jewellery, medicinal plants, woodcarving, lapidary work and hammock weaving. In several workshops, visitors may make their own piece and speak directly with the artisans.","Tour of community workshops, demonstrations of embroidery, stingless beekeeping, natural fibres, jewellery-making, woodcarving and herbal-infusion tasting."
MMM-004,Flamingos of Isla Arena,Campeche,Calkiní,Isla Arena,Mexico,20.4478,-90.4083,Puuc Route,Nature | Hiking,"Cultural diversity, architectural heritage, natural heritage, intangible cultural heritage","Israel Molas Narváez, Servicios Ecoturísticos Carey","Canoe trip through mangroves, wildlife observation, visit to saltworks and to the former Real de Salinas hacienda.",Groups of up to 10 people.,"The experience begins with a canoe trip through mangrove channels and tunnels in the Ría Celestún Biosphere Reserve, where flamingos, coastal birds and other species can be observed. Visitors then continue to Isla Arena to see historic saltworks and learn about traditional salt extraction. The route proceeds in small boats through the mangroves to a freshwater spring, with opportunities for wildlife watching and swimming.",The remains of the former Real de Salinas and Herradura haciendas.,Gastronomy and the importance of salt and mangroves in Maya culture.,Ría Celestún Biosphere Reserve.,"Host, boat captain and community cooks.",Traditional food and beverages.,The preservation of the region’s natural resources and Maya traditions.,Environmental education related to ecotourism and the protection of the region’s nature reserves.,999 280 8513,careycentroecoturistico@gmail.com,Servicios Ecoturístico Carey S.C,,"Maya World Mexico Tourism Experiences Catalogue, UNESCO / Maya World Mexico Alliance, 2025",CC BY-SA 3.0 IGO,,,,,,"The experience begins with a canoe trip through mangrove channels and tunnels in the Ría Celestún Biosphere Reserve, where flamingos, coastal birds and other species can be observed. Visitors then continue to Isla Arena to see historic saltworks and learn about traditional salt extraction. The route proceeds in small boats through the mangroves to a freshwater spring, with opportunities for wildlife watching and swimming.","Canoe trip through mangroves, wildlife observation, visit to saltworks and to the former Real de Salinas hacienda."
MMM-005,The Crocodile House “Wotoch Aayín”,Campeche,Calkiní,Isla Arena,Mexico,20.4478,-90.4083,Puuc Route,Hiking | History and archaeology,"Cultural diversity, natural heritage, intangible cultural heritage","Rossana Rivero Gómez, Centro Ecoturístico Wotoch Aayín","Guided tour of the conservation centre, observation of Morelet’s crocodiles and environmental and cultural interpretation.",,"Wotoch Aayín offers a guided tour focused on Morelet’s crocodile and its role in the mangrove ecosystem and Maya worldview. Along the trail, visitors can observe crocodiles of different ages, breeding areas and a mangrove tunnel with information about local species and ecosystem services. The visit reaches a lookout over the Isla Arena estuary and may be complemented with a boat or kayak trip.",Not applicable.,The place of the crocodile in Maya culture and Maya legends.,Ría Celestún Biosphere Reserve.,Host and community guides.,Traditional regional food and beverages.,The protection and conservation of Morelet’s crocodile.,,996 107 9297,centroecoturisticowotochaayin@gmail.com,"Wotoch Aayin, Isla Arena Campeche",,"Maya World Mexico Tourism Experiences Catalogue, UNESCO / Maya World Mexico Alliance, 2025",CC BY-SA 3.0 IGO,,,,,https://www.wotochaayin.com,"Wotoch Aayín offers a guided tour focused on Morelet’s crocodile and its role in the mangrove ecosystem and Maya worldview. Along the trail, visitors can observe crocodiles of different ages, breeding areas and a mangrove tunnel with information about local species and ecosystem services. The visit reaches a lookout over the Isla Arena estuary and may be complemented with a boat or kayak trip.","Guided tour of the conservation centre, observation of Morelet’s crocodiles and environmental and cultural interpretation."
MMM-006,Roots of the Future “La Mancolona”,Campeche,Calakmul,Unión 20 de junio “La Mancolona”,Mexico,18.2041,-89.8123,Southern Archaeology,Nature,"Cultural diversity, natural heritage, cultural heritage","Ramón López Díaz, Centro Ecoturístico La Raíz del Futuro","Community tour, craft workshops using forest materials and time with families from La Mancolona.",Groups of up to 10 people.,"This experience presents the cultural and natural diversity of the Unión 20 de Junio community, formed by families of Tzeltal, Chol and Tzotzil origin. At La Raíz del Futuro ecotourism centre, visitors are welcomed with marimba music and regional cuisine before following interpretive trails and learning about allspice production. They may also join workshops on beeswax candles, piñatas, vine basketry, backstrap-loom weaving and coconut crafts.",Not applicable.,The preservation and transmission of the craft traditions of a migrant Maya community to younger generations.,Not applicable.,"Host, community artisans and traditional cooks.",Traditional food and beverages and allspice-leaf tea.,The preservation of the region’s natural resources and traditions.,"The revival of craft processes and traditional activities of the Tzeltal, Chol and Tzotzil peoples.",981 125 2098,,"Campeche Go, “Recorridos turísticos”, Visit Calakmul",,"Maya World Mexico Tourism Experiences Catalogue, UNESCO / Maya World Mexico Alliance, 2025",CC BY-SA 3.0 IGO,,,,,,"This experience presents the cultural and natural diversity of the Unión 20 de Junio community, formed by families of Tzeltal, Chol and Tzotzil origin. At La Raíz del Futuro ecotourism centre, visitors are welcomed with marimba music and regional cuisine before following interpretive trails and learning about allspice production. They may also join workshops on beeswax candles, piñatas, vine basketry, backstrap-loom weaving and coconut crafts.","Community tour, craft workshops using forest materials and time with families from La Mancolona."
MMM-007,The Maya Skies of Calakmul,Campeche,Calakmul,Conhúas,Mexico,18.6572,-90.104,Southern Archaeology,Hiking | History and archaeology,"Architectural heritage, agricultural heritage, natural heritage, intangible cultural heritage","Leticia Valenzuela Santiago, Campamento Yaaxché","Visit to Calakmul, archaeoastronomical interpretation, maize-grinding workshop and observation of the Maya sky.",Groups of up to 10 people.,"This full-day experience connects the history of Calakmul with Maya astronomical and food knowledge. In the morning, visitors explore areas of the ancient city associated with observing celestial bodies and their influence on daily life. Later, they take part in a maize-grinding and tortilla-making workshop accompanied by a traditional meal.",Not applicable.,The preservation and transmission of the craft traditions of a migrant Maya community to younger generations.,Calakmul Biosphere Reserve.,"Host, community artisans and traditional cooks.",Traditional food and beverages and allspice-leaf tea.,The conservation and protection of the region’s dark skies.,The preservation of the region’s natural resources and Maya traditions.,983 177 0606; 983 101 1921,,Campamento YaaxChé,,"Maya World Mexico Tourism Experiences Catalogue, UNESCO / Maya World Mexico Alliance, 2025",CC BY-SA 3.0 IGO,,,,,,"This full-day experience connects the history of Calakmul with Maya astronomical and food knowledge. In the morning, visitors explore areas of the ancient city associated with observing celestial bodies and their influence on daily life. Later, they take part in a maize-grinding and tortilla-making workshop accompanied by a traditional meal.","Visit to Calakmul, archaeoastronomical interpretation, maize-grinding workshop and observation of the Maya sky."
MMM-008,Stingless Beekeeping and Maya Traditions of Tankuché,Campeche,Calkiní,Tankuché,Mexico,20.2613,-90.2283,Puuc Route,Handicrafts | Stingless beekeeping,"Cultural diversity, agricultural heritage, architectural heritage, natural heritage, intangible cultural heritage","Mario Ramón Yáñez Tun, Eco Tankuché Turismo Comunitario","Visit to Tankuché hacienda, stingless-bee apiary, sansevieria and jipijapa workshops, craft demonstrations and local tasting.",Groups of up to 10 people.,"The tour begins at the Eco Tankuché visitor centre and connects several community initiatives. Visitors meet a cooperative that processes sansevieria through fibre extraction, dyeing and spinning, as well as a workshop producing jipijapa crafts inside a cave. The tour also includes the historic Tankuché hacienda and the Mak Jobón stingless-bee apiary, devoted to caring for bees and making honey-based products.",Traditional Maya houses and household gardens seen along the route.,"The revival of the agricultural, astronomical and culinary traditions of ancient Maya communities.",Not applicable.,Host and community guides.,Traditional regional food and beverages.,"The revival of Indigenous oral and agricultural traditions, craft processes and traditional dances, as well as protection of the region’s bee species.","Purchasing products exclusively from the community, responsible waste management and care for the region’s plant and animal species.",981 170 2985; 996 100 1437,,Eco Tankuché,,"Maya World Mexico Tourism Experiences Catalogue, UNESCO / Maya World Mexico Alliance, 2025",CC BY-SA 3.0 IGO,,,,,,"The tour begins at the Eco Tankuché visitor centre and connects several community initiatives. Visitors meet a cooperative that processes sansevieria through fibre extraction, dyeing and spinning, as well as a workshop producing jipijapa crafts inside a cave. The tour also includes the historic Tankuché hacienda and the Mak Jobón stingless-bee apiary, devoted to caring for bees and making honey-based products.","Visit to Tankuché hacienda, stingless-bee apiary, sansevieria and jipijapa workshops, craft demonstrations and local tasting."
MMM-009,Pomuch: Bread and the Departed,Campeche,Hecelchakán,Pomuch,Mexico,20.1023,-90.1689,Puuc Route,Hiking | Handicrafts | Gastronomy | History and archaeology,"Cultural diversity, architectural heritage, intangible cultural heritage","Génesis Cetz Pérez, La Casita de los Árboles Nativos","Walking tour of Pomuch, visit to the church and a traditional bakery, introduction to the cemetery tradition and tasting of local cuisine.",Groups of up to 10 people.,"This walking tour through central Pomuch introduces visitors to the community’s religious, culinary and funerary heritage. It includes the Church of the Immaculate Conception, a traditional bakery, a Maya home where pibipollo is prepared and the community cemetery, known for the cleaning of ancestors’ bones and the changing of the cloths in which they are kept. Visitors also stop at a traditional sweets workshop and taste pibipollo.",Traditional Maya houses and household gardens seen along the route.,"The revival of the agricultural, astronomical and culinary traditions of ancient Maya communities.",Not applicable.,Host and representatives and members of the craft workshops.,"Traditional regional food, sweets and beverages.",The transfer of craft knowledge to younger generations and the revival of the community’s cultural traditions.,"Purchasing products exclusively from the community, responsible waste management and respect for inherited traditions and customs.",996 111 1418,genesiscetzperez@gmail.com,"Choo ba’ak Pomuch, Gnsis Ctz Prz",,"Maya World Mexico Tourism Experiences Catalogue, UNESCO / Maya World Mexico Alliance, 2025",CC BY-SA 3.0 IGO,,,,,,"This walking tour through central Pomuch introduces visitors to the community’s religious, culinary and funerary heritage. It includes the Church of the Immaculate Conception, a traditional bakery, a Maya home where pibipollo is prepared and the community cemetery, known for the cleaning of ancestors’ bones and the changing of the cloths in which they are kept. Visitors also stop at a traditional sweets workshop and taste pibipollo.","Walking tour of Pomuch, visit to the church and a traditional bakery, introduction to the cemetery tradition and tasting of local cuisine."
MMM-010,Reviving Native Flora and Maya Knowledge,Campeche,Calkiní,Bécal,Mexico,20.0872,-90.0324,Puuc Route,Nature,"Cultural diversity, agricultural heritage, natural heritage, intangible cultural heritage","Cessia Esther Chuc Uc, La Casita de los Árboles Nativos","Visit to a Maya house and household garden, talk on agriculture and astronomy, telescope observation and tasting of traditional food.",Groups of up to 15 people.,"The experience begins with a chaya drink and a walk along a tree trail and through a traditional garden, where the names, properties, uses and cultural significance of plants are explained. At sunset, visitors enter a traditional dwelling to learn about its construction techniques and join a talk on Maya astronomy and agriculture. A telescope observation follows, and the day ends with a tasting of food cooked over a hearth or in a pib using ingredients from the garden and prepared by community members.",Traditional Maya houses and household gardens seen along the route.,"The revival of the agricultural, astronomical and culinary traditions of ancient Maya communities.","Native trees, a traditional garden and the community’s natural surroundings.","Host, artisans, an agricultural engineer and an astronomer.","Traditional regional food, snacks and beverages.","The revival of Indigenous oral traditions, including legends and knowledge of nature, and agricultural traditions.","Purchasing community products, responsible waste management and care for local flora.",981 106 0950,,La Casita de los Árboles Nativos Fundación Chilibitos de Bécal,,"Maya World Mexico Tourism Experiences Catalogue, UNESCO / Maya World Mexico Alliance, 2025",CC BY-SA 3.0 IGO,,,,,,"The experience begins with a chaya drink and a walk along a tree trail and through a traditional garden, where the names, properties, uses and cultural significance of plants are explained. At sunset, visitors enter a traditional dwelling to learn about its construction techniques and join a talk on Maya astronomy and agriculture. A telescope observation follows, and the day ends with a tasting of food cooked over a hearth or in a pib using ingredients from the garden and prepared by community members.","Visit to a Maya house and household garden, talk on agriculture and astronomy, telescope observation and tasting of traditional food."
MMM-011,Stingless Bee Sanctuary,Campeche,Calkiní,Tankuché,Mexico,20.2613,-90.2283,Puuc Route,Stingless beekeeping | History and archaeology,"Cultural diversity, natural heritage, intangible cultural heritage","José Vidal Pat Colli, Miel de la Familia Pat","Visit to the stingless-bee apiary, explanation of bee care, demonstration of bee products and honey tasting.",Groups of up to 10 people.,"The visit begins in gardens of nectar-producing flowers and continues at a stingless-bee apiary, where different native bee species and their cultural and environmental importance are introduced. The experience includes a Maya ceremony giving thanks for the harvest and ends with a tasting of honey produced in the region.",Former Tankuché hacienda.,"Regional herbal knowledge, the importance of bees in Maya culture, preservation of regional species and regional gastronomy.",Los Petenes Biosphere Reserve protected area and Ría Celestún Biosphere Reserve.,Host and community cooks.,Traditional food and beverages and a tasting of regional honeys.,The protection of stingless bees and nectar-producing flora.,The revival of traditional activities and the responsible use of natural resources.,998 578 9760; 999 165 7873,vidalpatcolli@gmail.com,mielpat,,"Maya World Mexico Tourism Experiences Catalogue, UNESCO / Maya World Mexico Alliance, 2025",CC BY-SA 3.0 IGO,,,,,,"The visit begins in gardens of nectar-producing flowers and continues at a stingless-bee apiary, where different native bee species and their cultural and environmental importance are introduced. The experience includes a Maya ceremony giving thanks for the harvest and ends with a tasting of honey produced in the region.","Visit to the stingless-bee apiary, explanation of bee care, demonstration of bee products and honey tasting."
MMM-012,Lacanjá Chansayab,Chiapas,Ocosingo,"Lacanjá, Chansayab",Mexico,16.7447,-91.0233,Maya Highlands,Hiking | Handicrafts | History and archaeology,"Nature, traditions",Enrique Chankin Chanuk,"Accommodation in cabins or camping, meals, guided forest walks and access to nearby archaeological sites.",Small groups.,"The experience in Lacanjá Chansayab is managed by Lacandon families who preserve their language, clothing and traditional knowledge. Visitors can take part in workshops on arrow-making, jewellery and dreamcatchers, as well as guided forest walks, rafting, traditional raft trips and wildlife observation. Trails lead to archaeological sites, rivers, waterfalls and other natural areas of the Lacandon Forest, with an emphasis on community tourism and conservation.","History, culture and traditions, including traditional architecture, arts and crafts, ritual objects, cultural landscapes, uses of flora and fauna, monuments and archaeological sites, and traditional food and cooking.","Cultural practices, traditions, knowledge and beliefs, including the Lacandon language, rituals and ceremonies, knowledge of nature, the Lacandon Maya worldview, food traditions, traditional fishing and hunting techniques, festivities, and systems of knowledge and teaching.","The Lacandon Forest, its flora and fauna, rivers, springs and protected natural areas.",Local service providers and visitors.,Food and handicrafts.,Knowledge of the area’s history and natural heritage.,The use of locally produced organic ingredients.,9161293357,kayom88@gmail.com,,,"Maya World Mexico Tourism Experiences Catalogue, UNESCO / Maya World Mexico Alliance, 2025",CC BY-SA 3.0 IGO,,,,,http://topche.mx/,"The experience in Lacanjá Chansayab is managed by Lacandon families who preserve their language, clothing and traditional knowledge. Visitors can take part in workshops on arrow-making, jewellery and dreamcatchers, as well as guided forest walks, rafting, traditional raft trips and wildlife observation. Trails lead to archaeological sites, rivers, waterfalls and other natural areas of the Lacandon Forest, with an emphasis on community tourism and conservation.","Accommodation in cabins or camping, meals, guided forest walks and access to nearby archaeological sites."
MMM-013,Nahá–Metzabok,Chiapas,Ocosingo,Nahá y Metzabok,Mexico,17.1958,-91.5783,Maya Highlands,Nature | Hiking | History and archaeology,"Nature, traditions",Verónica López Arcos,"Guided walks in the Lacandon Forest, tours of lagoons and rivers, cultural interpretation and community services.",Small groups.,"Nahá and Metzabok offer an ecotourism experience in the Lacandon Forest among mountains and karst lagoons. The community invites visitors to explore and enjoy the territory responsibly while sharing elements of its language, clothing, ceremonies and worldview. The area is part of a flora and fauna protection zone, so the visit emphasizes conservation and the responsible use of natural resources.","Traditions, art and architecture.","Traditions, customs and cultural practices, including the Lacandon language, worldview and religious beliefs, traditional rituals and ceremonies, and traditional festivities.","Nahá Flora and Fauna Protection Area, the Lacandon Forest, Montes Azules Biosphere Reserve, rivers and lagoons.","Local guides, service providers and visitors.",Locally produced food and handicrafts.,Knowledge of the area’s flora and fauna.,The use of locally produced organic ingredients.,916 101 8664,contacto@nahajunglelodge.com,,,"Maya World Mexico Tourism Experiences Catalogue, UNESCO / Maya World Mexico Alliance, 2025",CC BY-SA 3.0 IGO,,,,,https://www.nahajunglelodge.com,"Nahá and Metzabok offer an ecotourism experience in the Lacandon Forest among mountains and karst lagoons. The community invites visitors to explore and enjoy the territory responsibly while sharing elements of its language, clothing, ceremonies and worldview. The area is part of a flora and fauna protection zone, so the visit emphasizes conservation and the responsible use of natural resources.","Guided walks in the Lacandon Forest, tours of lagoons and rivers, cultural interpretation and community services."
MMM-014,Water Route,Chiapas,Palenque / Ocosingo,"Palenque, Ocosingo, Salto de Agua, Tumbalá y Catazajá",Mexico,17.5167,-92.05,Maya Highlands,Nature,Nature,"René Morelos Rodríguez, Cascada El Salto Huextoc Natzin","Tour of waterfalls and bodies of water, hiking, kayaking, zip-lining, accommodation, meals and camping areas.",Small groups.,"The Water Route links rivers, waterfalls, lakes, lagoons and archaeological zones across the municipalities of Palenque, Ocosingo, Tumbalá, Salto de Agua and Catazajá. Along the route, visitors can enjoy interpretive hiking, wildlife observation, waterfall visits, kayaking, rafting and activities in natural swimming areas. Services vary by site and may include meals, cabins, camping areas, hammocks and equipment for adventure activities.",Archaeological remains and handicrafts.,"Traditions, customs and ancestral knowledge.","Agua Azul Waterfalls Biosphere Reserve, Misol-Há Waterfall, Roberto Barrios Waterfalls, El Salto Waterfall and Las Golondrinas Waterfall.",Service providers and visitors.,Local gastronomy.,Knowledge of the area’s flora and fauna.,The use of locally produced organic ingredients.,9161361087,,,,"Maya World Mexico Tourism Experiences Catalogue, UNESCO / Maya World Mexico Alliance, 2025",CC BY-SA 3.0 IGO,,,,,,"The Water Route links rivers, waterfalls, lakes, lagoons and archaeological zones across the municipalities of Palenque, Ocosingo, Tumbalá, Salto de Agua and Catazajá. Along the route, visitors can enjoy interpretive hiking, wildlife observation, waterfall visits, kayaking, rafting and activities in natural swimming areas. Services vary by site and may include meals, cabins, camping areas, hammocks and equipment for adventure activities.","Tour of waterfalls and bodies of water, hiking, kayaking, zip-lining, accommodation, meals and camping areas."
MMM-015,Cheese Route,Chiapas,Ocosingo,Ocosingo,Mexico,16.9083,-92.1333,Maya Highlands,Handicrafts | Gastronomy,Gastronomy,"Dirección de Turismo Municipal de Ocosingo, Chiapas","Gastronomic route featuring local products, visits to ranches and farms, introduction to agricultural processes, handicrafts and archaeological sites.",Small groups.,The Cheese Route visits farms and rural properties in the municipality of Ocosingo to present the region’s livestock and cheesemaking tradition. Visitors see first-hand how the emblematic queso de bola and Queso Chiapas are made by hand from cow’s milk and can speak with the people who keep this craft alive.,Ranches and farms.,Traditional agricultural production processes.,"Historic monuments, archaeological sites, natural deposits and waterfalls.","Producers and local, national and international visitors.",Locally produced goods.,Knowledge of local gastronomy.,The use of locally produced organic ingredients.,919 670 1565,,https://www.facebook.com/share/v/16YWfMLEv4/?mibextid=wwXIfr,,"Maya World Mexico Tourism Experiences Catalogue, UNESCO / Maya World Mexico Alliance, 2025",CC BY-SA 3.0 IGO,,,,,,The Cheese Route visits farms and rural properties in the municipality of Ocosingo to present the region’s livestock and cheesemaking tradition. Visitors see first-hand how the emblematic queso de bola and Queso Chiapas are made by hand from cow’s milk and can speak with the people who keep this craft alive.,"Gastronomic route featuring local products, visits to ranches and farms, introduction to agricultural processes, handicrafts and archaeological sites."
HID-001,Arroyo Blanco,Hidalgo,Chapulhuacan,Arroyo Blanco | El Carrizal | Buena Vista | Tenango,Mexico,21.165403,-98.999434,,Nature | Hiking | Gastronomy,Naturaleza,Mauro De La Parra Hernández,Entradas | 5 alimentos | Recorrido | Entrada a grutas | Baño | Fogata | Entrada a centro recreativo | Entrada a pozas | Senderismo | Visitas a sitios,Up to 27 people,"Explora la Sierra Gorda en una experiencia comunitaria inolvidable. Recorre impresionantes senderos entre árboles gigantes y maravíllate con el avistamiento de aves endémicas. Sumérgete en refrescantes pozas naturales, explora las místicas grutas El Carrizal y aprende sobre auténtica gastronomía comunitaria. Vive dos días de conexión, cultura, naturaleza y descanso restaurador.",,,,,,,,7712626105 / 7712036876,maurodelaparra72@gmail.com,https://www.facebook.com/profile.php?id=61572304354329&sk=reels_tab,,PLATFORM VERSION 1 – Hidalgo,,,,,,,"Descubre la Sierra Gorda. Recorre senderos junto a árboles gigantes, observa aves, nada en pozas y explora las grutas El Carrizal. Aprende de gastronomía local y vive dos días de naturaleza, conexión cultural y un descanso restaurador.","Descubre la Sierra Gorda. Recorre senderos junto a árboles gigantes, observa aves, nada en pozas y explora las grutas El Carrizal. Aprende de gastronomía local y vive dos días de naturaleza, conexión cultural y un descanso restaurador."
HID-002,Corazón Artesano de la Huasteca,Hidalgo,Huejutla de Reyes,Pahuatlan,Mexico,21.068582,-98.475796,,Nature | Handicrafts | Gastronomy,Talleres,Julia Hernández Hernández,Entradas | Talleres | Alimentos y bebidas,Up to 16 people,"Sumérgete en la vida de la Huasteca hidalguense. Déjate guiar por artesanas y artesanos que te enseñarán a tallar en piedra, elaborar tu artesanía de bejuco o de barro. De la mano de las comunidades, explora la naturaleza, conoce sus espacios ceremoniales, y culmina degustando la exquisita gastronomía local.",,,,,,,,7713023550,patyhernandezmedina283@gmail.com,https://www.facebook.com/profile.php?id=61591713098760,,PLATFORM VERSION 1 – Hidalgo,,,,,,,"Vive la Huasteca hidalguense. Aprende con artesanos a tallar piedra y tejer bejuco o barro. Explora la naturaleza comunitaria, descubre místicos espacios ceremoniales y finaliza degustando la gastronomía típica local.","Vive la Huasteca hidalguense. Aprende con artesanos a tallar piedra y tejer bejuco o barro. Explora la naturaleza comunitaria, descubre místicos espacios ceremoniales y finaliza degustando la gastronomía típica local."
HID-003,Saberes y Sabores de Itzocal,Hidalgo,Atlapexco,Itzocal,Mexico,21.016283,-98.392223,,Nature | Handicrafts | Gastronomy,Saberes Tradicionales,Carmina Martínez Alvarez,Alimentos y bebidas | Taller demostrativo y practico | Transporte en la comunidad | Entradas | Guía,Up to 15 people,"Vive D'xonai, una mágica experiencia comunitaria en Itzocal. Contempla el amanecer entre montañas y degusta exquisita gastronomía en nuestra auténtica cocina de humo. Aprende el valor de la cosmovisión huasteca participando en talleres de bordado ancestral. Explora el sagrado cerro Itzocatepetl y culmina tu visita festejando al ritmo del Huapango.",,,,,,,,7717221730,saboresysaberesdxonai@gmail.com,https://www.facebook.com/profile.php?id=61583765090036,https://www.instagram.com/saberes_y_sabores_de_itzocal?utm_source=qr&igsh=dWowazJkOGpmNjV5,PLATFORM VERSION 1 – Hidalgo,,,,,,,"Vive D'xonai en Itzocal. Admira el amanecer, degusta platillos en cocina de humo y aprende cosmovisión huasteca en talleres de bordado ancestral. Explora el sagrado cerro Itzocatepetl y culmina festejando al alegre ritmo del huapango.","Vive D'xonai en Itzocal. Admira el amanecer, degusta platillos en cocina de humo y aprende cosmovisión huasteca en talleres de bordado ancestral. Explora el sagrado cerro Itzocatepetl y culmina festejando al alegre ritmo del huapango."
HID-004,Manos que Tejen Historias,Hidalgo,Huautla,Ahuehuetl,Mexico,21.044122,-98.284964,,History and archaeology | Handicrafts | Gastronomy,Gastronomía y actividades,Emilia Cortes Hernandez,Guía | Desayuno | Recorrido por pocitas y cafetal | Visita a la pescadería | Degustación de zacahuil | Panadería | Taller de palma | Comida,Up to 20 people,"Descubre Ahuehuetl al amanecer con un delicioso café. Explora los Pocitos, recorre el cafetal de Doña Amada y la pescadería El Gavilancillo. Saborea el tradicional zacahuil de Blanca, visita la panadería de Cristina y aprende a tejer palma junto a las maestras artesanas que comparten su invaluable herencia cultural contigo.",,,,,,,,7712053580 / 7714633147,manosquetejenhistorias@gmail.com,https://www.facebook.com/profile.php?id=61583685327780,,PLATFORM VERSION 1 – Hidalgo,,,,,,,"Descubre Ahuehuetl al alba con un rico café. Explora los Pocitos, el cafetal de Doña Amada y la pescadería El Gavilancillo. Saborea el zacahuil de Blanca, visita la panadería local y aprende a tejer palma con nuestras maestras artesanas.","Descubre Ahuehuetl al alba con un rico café. Explora los Pocitos, el cafetal de Doña Amada y la pescadería El Gavilancillo. Saborea el zacahuil de Blanca, visita la panadería local y aprende a tejer palma con nuestras maestras artesanas."
HID-005,Centro Ceremonial Cerro Sintepethl,Hidalgo,Atlapexco,Santo Tomas,Mexico,20.980000,-98.350000,,Nature | Gastronomy,Saberes Tradicionales,Jose Pablo Bautista Bautista,Bienvenida y petición para ingresar al cerro | Limpieza con infusiones de hierbas para alejar malas vibras | Recorrido por el arco y bendición realizada en conjunto con la danza y música de la región | Recorrido al arco para purificar | Limpieza espiritual | Explicación de la ofrenda | Comida | Visita al mirador,Up to 25 people,"Vive una experiencia sagrada en el Centro Ceremonial del Cerro Sintepetl, en la Huasteca hidalguense. Participa en rituales de purificación con médicos tradicionales, agradece a la Madre Naturaleza con ofrendas y disfruta danzas al ritmo de tríos huastecos. Degusta gastronomía local y maravíllate con increíbles paisajes desde nuestro mirador natural.",,,,,,,,5540372441 / 7711125253 / 7711928947,jpablo19_84@outlook.com,https://www.facebook.com/share/1942sqcAvV/,,PLATFORM VERSION 1 – Hidalgo,,,,,,,"Visita el sagrado Cerro Sintepetl en la Huasteca hidalguense. Únete a rituales de purificación, ofrenda a la naturaleza y disfruta danzas con tríos huastecos. Saborea la gastronomía local y admira los paisajes desde nuestro mirador natural.","Visita el sagrado Cerro Sintepetl en la Huasteca hidalguense. Únete a rituales de purificación, ofrenda a la naturaleza y disfruta danzas con tríos huastecos. Saborea la gastronomía local y admira los paisajes desde nuestro mirador natural."
HID-006,Tierras Sagradas de Yahualica,Hidalgo,Yahualica,Cabecera Municipal de Yahualica y comunidad de Mesa Larga (a 25 minutos de distancia),Mexico,20.949547,-98.382368,,History and archaeology | Nature | Hiking | Gastronomy,Escenarios históricos,Nabor Arriaga Aguado Ismael Aguado Pérez,"Desayuno | Visita al Balcón (mirador desde las Letras Grandes de Yahualica) | Visita al Cerro de la Cruz: explicación de la biodiversidad de Yahualica y rituales de limpia con hierbas a los turistas que lo deseen | Visita al Museo Comunitario ""Iljuikajtlachiyalistli"" de Yahualica | Visita a la Zona arqueológica Xochitlán ""lugar de las flores"" | Comida | Visita a la Iglesia agustina de San Juan Bautista | Atardecer en el Balcón | Hotel | Transporte interno (van) | Día 2: desayuno | Explicación del mural y recorrido a la Cueva el Cuamixtle | Comida",Up to 16 people,"Descubre Tierras Sagradas en el municipio de Yahualica. Disfruta hermosas vistas panorámicas desde el mirador y conecta espiritualmente subiendo al Cerro de la Cruz. Explora la zona arqueológica Xochitlán, la antigua iglesia agustina y el increíble museo comunitario. Finaliza tu gran viaje haciendo senderismo hacia la impresionante Cueva del Cuamixtle.",,,,,,,,7711101804 / 7712176497,ismaelaguadoperez@gmail.com,https://www.facebook.com/share/1TDEgfnZYG/,https://www.instagram.com/tierrassagradasyahualica?igsh=enlva2JzNG1ibjNv,PLATFORM VERSION 1 – Hidalgo,,,,,,,"Explora las Tierras Sagradas de Yahualica. Admira el mirador y sube al Cerro de la Cruz. Descubre Xochitlán, la iglesia agustina y el museo comunitario. Culmina tu recorrido haciendo senderismo hacia la imponente Cueva del Cuamixtle.","Explora las Tierras Sagradas de Yahualica. Admira el mirador y sube al Cerro de la Cruz. Descubre Xochitlán, la iglesia agustina y el museo comunitario. Culmina tu recorrido haciendo senderismo hacia la imponente Cueva del Cuamixtle."
HID-007,"Sabor Ancestral, Cocina de Humo y Cerveza Artesanal",Hidalgo,Zimapán,Centro de Zimapán | El Cuarto | Temuthe | Detzani | Lázaro Cárdenas | Llano Segundo,Mexico,20.740001,-99.383090,,History and archaeology | Handicrafts | Gastronomy,Saberes Tradicionales,Juan Alejandro Enríquez Pérez,"Guianza | Pequeñas degustaciones | Souvenir | Recorrido dentro de la comunidad | Entrada de algunos sitios (Museo de minería centro, entrada al hallazgo y mirador saucillo)",Up to 35 people,"Descubre Sabor Ancestral en Zimapán, una experiencia de turismo sostenible que enaltece la identidad Hñañu. Recorre comunidades, admira pinturas rupestres y miradores espectaculares. Disfruta un desayuno tradicional, cocina de humo maridada con cerveza artesanal y un alegre taller de huapango. Sé parte activa de nuestra resiliencia y riqueza cultural inolvidable.",,,,,,,,7711729537 / 7721098822,saboresdezimapan@gmail.com,https://www.facebook.com/cocinaycerveza?rdid=gRBLD8hfzcNaq6zN&share_url=https%3A%2F%2Fwww.facebook.com%2Fshare%2F1DaXhrq1YJ%2F#,https://www.instagram.com/cerveceriaartesanallaminera/,PLATFORM VERSION 1 – Hidalgo,,,,,,,"En Zimapán, vive el Sabor Ancestral y honra la cultura Hñañu. Admira pinturas rupestres y miradores. Disfruta cocina de humo con cerveza artesanal, un alegre taller de huapango y sé parte de este turismo sostenible lleno de historia.","En Zimapán, vive el Sabor Ancestral y honra la cultura Hñañu. Admira pinturas rupestres y miradores. Disfruta cocina de humo con cerveza artesanal, un alegre taller de huapango y sé parte de este turismo sostenible lleno de historia."
HID-008,"Bonanza, Oro y Memoria",Hidalgo,Nicolás Flores,Bonanza y Itatlaxco,Mexico,20.716296,-99.245332,,History and archaeology | Nature | Gastronomy,Escenarios históricos,Mario González Romero,Comida | Área de campamento | Talleres de herbolaria | Taller de consciencia ambiental | Guía | Estacionamiento | Senderismo,Up to 30 people,"Bonanza no solo se visita, se siente. Conecta con su historia minera iniciando un ritual tradicional. Explora las antiguas minas, siente el agua en Los Arcos y recorre caminos reales hacia la iglesia y tumba de 1621. Finalmente, saborea nuestra gastronomía comunitaria tradicional y descubre los viveros de conservación ecológica.",,,,,,,,7721132765 / 7721622212,gonzalezromeromario883@gmail.com,https://www.facebook.com/p/Direcci%C3%B3n-de-Turismo-Nicol%C3%A1s-Flores-61566742324181/,https://www.instagram.com/bonanza7123?igsh=enh1M2V4Zmx1cWJq&utm_source=qr,PLATFORM VERSION 1 – Hidalgo,,,,,,,"Siente Bonanza. Vive su historia minera con un ritual. Explora las minas, Los Arcos y caminos hacia la antigua iglesia de 1621. Disfruta nuestra rica gastronomía comunitaria tradicional y descubre hermosos viveros de conservación ecológica.","Siente Bonanza. Vive su historia minera con un ritual. Explora las minas, Los Arcos y caminos hacia la antigua iglesia de 1621. Disfruta nuestra rica gastronomía comunitaria tradicional y descubre hermosos viveros de conservación ecológica."
HID-009,Alfareras de Olotla,Hidalgo,Olotla,Olotla,Mexico,20.584700,-98.340100,,Nature | Handicrafts | Gastronomy,Talleres,Anita Bautista Salazar,Artesanía elaborada durante el taller | Comida | Recorrido,Up to 20 people,"Visita a las Alfareras de Olotla y admira hermosas montañas desde el mirador La Cruz. Camina hacia las minas para extraer barro y arena. En el taller comunitario, aprende a moldear tu propia pieza artesanal. Finaliza esta gran experiencia saboreando ricos platillos tradicionales y visitando el Santuario Señor del Refugio.",,,,,,,,7713501004 / 7711422818,alfarerasolotla@gmail.com,https://www.facebook.com/people/Alfareras-de-Olotla/61579003606657/,,PLATFORM VERSION 1 – Hidalgo,,,,,,,"Con las Alfareras de Olotla, admira montañas en el mirador y camina a extraer barro. Moldea tu pieza en el taller comunitario. Concluye degustando ricos platillos tradicionales y conociendo el hermoso Santuario local del Señor del Refugio.","Con las Alfareras de Olotla, admira montañas en el mirador y camina a extraer barro. Moldea tu pieza en el taller comunitario. Concluye degustando ricos platillos tradicionales y conociendo el hermoso Santuario local del Señor del Refugio."
HID-010,Visitando Dandho,Hidalgo,Huichapan,Dandhó,Mexico,20.407520,-99.706640,,Nature | Hiking | Gastronomy,Naturaleza,José Ángel Alonso Morán,Entrada | Guía | Ruta del Cañón Peña Blanca | Paseo a caballo | Entrada al baño | Total $310 pesos por persona,Up to 20 people,"Descubre Dandhó, un impresionante parque natural en el majestuoso Cañón Peña Blanca. Recorre senderos de cantera naranja, desciende al cañón y admira paisajes desde el Mirador Corazón de Cantera. Conecta con la cultura otomí a través de talleres, disfruta deliciosa gastronomía tradicional y relájate cabalgando en este paraíso sustentable comunitario.",,,,,,,,7731236701 / 7736806536,jesi.t.1993@gmail.com,https://www.facebook.com/p/Ecoturismo-Dandh%C3%B3-61563017463741/,https://www.instagram.com/ecoturismo.dandho/,PLATFORM VERSION 1 – Hidalgo,,,,,,,"Explora Dandhó en el Cañón Peña Blanca. Recorre senderos de cantera, desciende al cañón y disfruta el mirador. Conecta con la cultura otomí en talleres, degusta su gastronomía tradicional y cabalga en este bello paraíso sustentable.","Explora Dandhó en el Cañón Peña Blanca. Recorre senderos de cantera, desciende al cañón y disfruta el mirador. Conecta con la cultura otomí en talleres, degusta su gastronomía tradicional y cabalga en este bello paraíso sustentable."
HID-011,Las Camaleonas,Hidalgo,Alfajayucan,Los Ángeles,Mexico,20.400000,-99.340000,,Nature | Handicrafts | Gastronomy,Naturaleza,Rocío Ramírez Sánchez,"Recorrido al campo para identificación de diferentes tipos de cactus con explicación en español y lengua hñahñu | Recorrido por la orilla de un arroyo | Elección de un curso: siembra de cactus, injerto de cactus, terrarios de cactus, cuadros vivos o tejido de sombrero Xamatí | Alimentos y bebidas con productos de temporada",Up to 30 people,"Descubre la comunidad de Los Ángeles con Las Camaleonas. Camina entre cactáceas endémicas, recorre el arroyo y admira la gran roca El Hongo. Saborea nuestra cocina tradicional con flores de garambullo y pulque. Aprende creando terrarios, injertos o tejiendo tu sombrero Xamatí. Apoya a nuestras artesanas comprando hermosas artesanías locales.",,,,,,,,7721384398 / 7721098216,camaleonaslosangeles@gmail.com,https://www.facebook.com/camaleonashidalgo/?locale=es_LA,,PLATFORM VERSION 1 – Hidalgo,,,,,,,"Explora Los Ángeles con Las Camaleonas. Camina entre cactáceas y admira la roca El Hongo. Saborea comida típica con garambullo y pulque. Crea terrarios, teje tu sombrero Xamatí y apoya la economía comprando artesanías locales.","Explora Los Ángeles con Las Camaleonas. Camina entre cactáceas y admira la roca El Hongo. Saborea comida típica con garambullo y pulque. Crea terrarios, teje tu sombrero Xamatí y apoya la economía comprando artesanías locales."
HID-012,La Cocina de Inés Monroy,Hidalgo,Chilcuautla,"Llano Primero, Chilcuautla",Mexico,20.370281,-99.238102,,Nature | Gastronomy,Saberes Tradicionales,Inés Monroy de la Cruz,Degustación de comida | Degustación de bebidas | Recorrido guiado,Up to 15 people,"Descubre la auténtica cocina de Inés Monroy, una experiencia cultural inolvidable en Hidalgo. Conecta con la Madre Tierra mediante rituales y cantos ancestrales. Saborea exquisitos platillos ñahñhu del semidesierto, como escamoles y curados de pulque. Relaja tu cuerpo en un temazcal tradicional y vive nuestra herencia indígena rodeado de naturaleza.",,,,,,,,7721432809 / 7721196154,inesmonroy03@gmail.com,https://www.facebook.com/ines.monroy.125?rdid=2hezD3FaUEb2swjA&share_url=https%3A%2F%2Fwww.facebook.com%2Fshare%2F1JYHjsp2rq%2F#,https://www.instagram.com/inesmonroy03?igsh=MXBweDR6NTQ0aGhnYQ%3D%3D,PLATFORM VERSION 1 – Hidalgo,,,,,,,Descubre cómo preparar manjares con Inés. Conecta con la Tierra mediante rituales ancestrales. Saborea platillos ñahñhu como escamoles y curados de pulque. Relájate en un temazcal tradicional y vive plenamente nuestra herencia indígena.,Descubre cómo preparar manjares con Inés. Conecta con la Tierra mediante rituales ancestrales. Saborea platillos ñahñhu como escamoles y curados de pulque. Relájate en un temazcal tradicional y vive plenamente nuestra herencia indígena.
HID-013,Grutas de Xoxafi,Hidalgo,Santiago de Anaya,El Palmar,Mexico,20.389595,-99.027390,,Nature | Gastronomy,Naturaleza,Gabriel Bautista Pérez,Palapas | Sanitarios | Gruta | Equipo de protección | Guía acreditado | Seguro de visitante y experiencia,Up to 8 people,"Adéntrate en Grutas Xoxafi y vive una aventura extrema. Explora túneles subterráneos, desciende en rappel y vuela en una emocionante tirolesa bajo la tierra. Al exterior, disfruta del paisaje semidesértico en bicicleta, gotcha o tirolesas panorámicas. Al finalizar, descansa plácidamente en nuestras cómodas cabañas, rodeado de total paz y tranquilidad.",,,,,,,,7722001668 / 7721561564,grutasxoxafi@yahoo.com,https://www.facebook.com/gXoxafi,https://www.instagram.com/grutas.xoxafi/,PLATFORM VERSION 1 – Hidalgo,,,,,,,"En Grutas Xoxafi explora túneles, haz rappel y vuela en tirolesa subterránea. Afuera, disfruta el paisaje en bici, gotcha o tirolesas. Termina tu aventura extrema descansando en nuestras cómodas cabañas rodeado de paz y tranquilidad.","En Grutas Xoxafi explora túneles, haz rappel y vuela en tirolesa subterránea. Afuera, disfruta el paisaje en bici, gotcha o tirolesas. Termina tu aventura extrema descansando en nuestras cómodas cabañas rodeado de paz y tranquilidad."
HID-014,Casa Mezquite,Hidalgo,Santiago de Anaya,González González,Mexico,20.390000,-98.980000,,Gastronomy,Saberes Tradicionales,Elizabeth Gómez Acosta,Pláticas | Degustación | Información y participación de los rituales | Consumo de alimentos y bebidas,Up to 40 people,"Descubre La Casa del Mezquite. Vive nuestra herencia biocultural desde la bienvenida en hñahñu. Conoce el ancestral aprovechamiento del mezquite en nutritivos alimentos y deliciosas bebidas. Visita nuestro taller, observa los borregos y aprende el ritual de la barbacoa. Culmina degustando destilados y rica gastronomía tradicional con música local inolvidable.",,,,,,,,7751013882 / 7721063599,lbatallad@yahoo.com.mx,https://www.facebook.com/people/YUTI-MX/61552811375910/?ref=NONE_xav_ig_profile_page_web#,https://www.instagram.com/yuti.mx/,PLATFORM VERSION 1 – Hidalgo,,,,,,,"En La Casa del Mezquite descubre nuestra herencia hñahñu. Conoce el uso del mezquite en alimentos y bebidas. Aprende el ritual de la barbacoa, visita el taller y degusta destilados o comida tradicional con música inolvidable.","En La Casa del Mezquite descubre nuestra herencia hñahñu. Conoce el uso del mezquite en alimentos y bebidas. Aprende el ritual de la barbacoa, visita el taller y degusta destilados o comida tradicional con música inolvidable."
HID-015,Naturaleza Extrema Peña del Aire,Hidalgo,Huasca de Ocampo,Ejido de San Sebastián (Cerro del Tezontle),Mexico,20.277648,-98.517310,,Nature | Gastronomy,Gastronomía y actividades,Juan Alvarado Jarillo,Entrada a la experiencia | Reto de altura | Tirolesa | Rapel | Columpio | Tirobici,Up to 20 people,"Descubre este fascinante Geositio de la UNESCO en la Comarca Minera. Disfruta nuestro recorrido por ocho hermosos miradores y vive la adrenalina con emocionantes actividades extremas como tirolesas, tirobici y columpio extremo. Relájate degustando la exquisita gastronomía local y, al anochecer, envuélvete en el misticismo de nuestras mágicas leyendas nocturnas.",,,,,,,,7712711186 / 7712089582,jarillo_lic@live.com.mx,https://www.facebook.com/ParadorTuristicoPenaDelAire,https://www.instagram.com/penadelaire/,PLATFORM VERSION 1 – Hidalgo,,,,,,,"Descubre este emblemático lugar Geositio de la UNESCO. Recorre ocho miradores y vive la adrenalina en tirolesa, tirobici o columpio. Degusta la gastronomía local y, al anochecer, envuélvete en el misticismo de nuestras leyendas nocturnas.","Descubre este emblemático lugar Geositio de la UNESCO. Recorre ocho miradores y vive la adrenalina en tirolesa, tirobici o columpio. Degusta la gastronomía local y, al anochecer, envuélvete en el misticismo de nuestras leyendas nocturnas."
HID-016,Mundo Temax,Hidalgo,Metepec,Temaxcalillos | Estación de Apulco | Ferrería de Apulco | San Diego | Apulco,Mexico,20.266440,-98.357843,,Nature | Handicrafts | Gastronomy,Gastronomía y actividades,Otzare Olvera Solis,Transporte local | 4 alimentos | Hospedaje | Guías | Degustación de coctelería | Temazcal,Up to 20 people,"Descubre la vida rural conviviendo con tlachiqueros en nuestro santuario de maguey. Disfruta una exquisita barbacoa, exóticos chinicuiles y deliciosa coctelería artesanal. Aprende elaborando quesos de cabra y visitando la histórica fundidora de Apulco. Al anochecer, renueva tu espíritu en un temazcal tradicional o escucha coyotes bajo las estrellas.",,,,,,,,7751083729,rosa09magitour@gmail.com,https://www.facebook.com/share/1EmBAhq2va/,,PLATFORM VERSION 1 – Hidalgo,,,,,,,"Convive con tlachiqueros entre magueyes. Saborea barbacoa, chinicuiles y coctelería. Elabora quesos de cabra y visita la fundidora de Apulco. Al anochecer, renuévate en un temazcal tradicional o relájate bajo las estrellas.","Convive con tlachiqueros entre magueyes. Saborea barbacoa, chinicuiles y coctelería. Elabora quesos de cabra y visita la fundidora de Apulco. Al anochecer, renuévate en un temazcal tradicional o relájate bajo las estrellas."
HID-017,Tenango: El Alma Viva de la Sierra,Hidalgo,Tenango de Doria,Cabecera municipal | San Nicolas | El Nanthe | El Damo | El Gosco | El Zetoy | El Texme,Mexico,20.337946,-98.227294,,Nature | Handicrafts | Gastronomy,Comunidad y vida cotidiana,Bulmaro Montiel Correo,Alimentos | Hospedaje | Servicio de guianza | Talleres | Entradas a todos los lugares de la experiencia | Temazcal,Up to 20 people,"Explora Tenango de Doria, el corazón vibrante de la región Otomí Tepehua. Degusta nuestra rica gastronomía tradicional, maravíllate con las cascadas de Agua Viva y relájate profundamente en un temazcal curativo ancestral. Aprende a bordar majestuosos tenangos junto a familias artesanas. ¡Vive dos días de auténtica magia y herencia comunitaria!",,,,,,,,7712199793 / 7711599404,rosa09magitour@gmail.com,https://www.facebook.com/profile.php?id=61591756540846&rdid=njOrurSaJuRc8EbK&share_url=https%3A%2F%2Fwww.facebook.com%2Fshare%2F1C2hVBD3ZN%2F#,,PLATFORM VERSION 1 – Hidalgo,,,,,,,"Explora Tenango de Doria. Saborea comida tradicional, admira cascadas de Agua Viva y relájate en un temazcal curativo. Aprende a bordar tenangos con artesanas locales. ¡Vive dos días de auténtica magia y herencia comunitaria otomí-tepehua!","Explora Tenango de Doria. Saborea comida tradicional, admira cascadas de Agua Viva y relájate en un temazcal curativo. Aprende a bordar tenangos con artesanas locales. ¡Vive dos días de auténtica magia y herencia comunitaria otomí-tepehua!"
HID-018,Geosenderos de la Tierra,Hidalgo,Mineral del Chico,Cabecera municipal | El Puente | Carboneras | Estanzuela | La presa,Mexico,20.216318,-98.730465,,History and archaeology | Nature | Hiking | Handicrafts,Comunidad y vida cotidiana,Saul Abraham Zenteno Osorio,Pago a zonas particulares o ejidales | Guía turístico durante todo el recorrido | Artesanía elaborada o dulce típico (exclusivo en el itinerario de 11 horas),Up to 20 people,"Disfruta del senderismo comunitario en Mineral del Chico, iniciando con un ritual de permiso al bosque. Asciende al geositio Peña del Cuervo para recargar energía. El recorrido interpretativo revelará la historia minera del centro histórico, concluyendo con los talleres vivenciales de dulces mexicanos y madera en la Casa del Artesano.",,,,,,,,9841661254 / 7716836571 / 7713598361,geosenderosdelatierra@gmail.com,https://www.facebook.com/people/Geosenderos-de-la-Tierra/61583285113416/,https://www.instagram.com/geos.enderos?igsh=MTlta2x2cWFoZDNtcQ==,PLATFORM VERSION 1 – Hidalgo,,,,,,,"Haz senderismo en Mineral del Chico abriendo con un ritual dedicado al bosque. Asciende a Peña del Cuervo, descubre la historia minera del centro y concluye con talleres vivenciales de dulces y madera en la Casa del Artesano.","Haz senderismo en Mineral del Chico abriendo con un ritual dedicado al bosque. Asciende a Peña del Cuervo, descubre la historia minera del centro y concluye con talleres vivenciales de dulces y madera en la Casa del Artesano."
HID-019,Corazón de las Cañadas,Hidalgo,Omitlán de Juárez,Tres Cañadas,Mexico,,,,Nature | Hiking | Handicrafts | Gastronomy,Saberes Tradicionales,Rosario Olvera Vargas,"Los $300 pesos incluyen el recorrido con guía, la comida y el taller.",Up to 15 people,Adéntrate en el bosque y vive la temporada de hongos con un bello recorrido de recolección y senderismo. Observa la creación de artesanías talladas en madera o participa en talleres de cocina y medicina tradicional. Disfruta deliciosos platillos locales y apoya a la comunidad adquiriendo sus dulces y hermosos productos.,,,,,,,,7711491430,rosarioolveravargas@gmail.com,https://www.facebook.com/profile.php?id=61586958347645,https://www.instagram.com/corazondelascanadas/,PLATFORM VERSION 1 – Hidalgo,,,,,,,Explora el bosque haciendo senderismo y recolectando hongos. Admira artesanías en madera o únete a talleres de cocina y medicina tradicional. Saborea platillos locales y apoya a la comunidad adquiriendo sus dulces y productos.,Explora el bosque haciendo senderismo y recolectando hongos. Admira artesanías en madera o únete a talleres de cocina y medicina tradicional. Saborea platillos locales y apoya a la comunidad adquiriendo sus dulces y productos.
HID-020,Senderos del Zembo,Hidalgo,Huasca de Ocampo,El Zembo,Mexico,20.167216,-98.559182,,Nature | Hiking | Gastronomy,Naturaleza,Fernando Vargas López,El pago cubre el recorrido de todas las zonas mencionadas en el itinerario y el acceso al mirador.,Up to 20 people,"Descubre los Senderos del Zembo, un recorrido donde naturaleza y cultura se unen maravillosamente. Explora formaciones rocosas, enigmáticas cuevas de murciélagos y un espectacular mirador con vistas panorámicas. Junto a guías comunitarios, conoce plantas medicinales y deleita tu paladar con la deliciosa gastronomía local. Culmina disfrutando una mágica fogata nocturna.",,,,,,,,7752608214 / 7713631864,fervalo173@hotmail.com,https://www.facebook.com/lossenderosdelzembo/?locale=es_LA,https://www.instagram.com/lossenderosdelzembo/,PLATFORM VERSION 1 – Hidalgo,,,,,,,"Explora los Senderos del Zembo. Admira formaciones rocosas, cuevas de murciélagos y un mirador. Con guías comunitarios, descubre plantas medicinales, degusta la gastronomía local y finaliza tu día bajo las estrellas en una mágica fogata.","Explora los Senderos del Zembo. Admira formaciones rocosas, cuevas de murciélagos y un mirador. Con guías comunitarios, descubre plantas medicinales, degusta la gastronomía local y finaliza tu día bajo las estrellas en una mágica fogata."
HID-021,Cristina Nanacatera,Hidalgo,Acaxochitlán,Los Reyes,Mexico,20.155545,-98.162660,,Nature | Gastronomy,Saberes Tradicionales,Cristina Martínez Cruz,Recorrido | Senderismo | Alimentos y bebidas | Enseñanza | Participación en el taller de cocina,Up to 30 people,"Aprende sobre hongos silvestres junto a una reconocida cocinera tradicional en Acaxochitlán. Recorre el bosque para recolectar especies mientras descubres plantas medicinales. Participa en un taller gastronómico preparando deliciosos platillos, interactúa con la familia anfitriona y aprende palabras en náhuatl.",,,,,,,,5534271536,rosa09magitour@gmail.com,https://www.facebook.com/cristinanacatera?rdid=hjpnyMpO3QuSCjM2&share_url=https%3A%2F%2Fwww.facebook.com%2Fshare%2F1BzQxnyUNZ%2F#,,PLATFORM VERSION 1 – Hidalgo,,,,,,,"Aprende de hongos silvestres con una cocinera tradicional en Acaxochitlán. Recorre el bosque recolectando especies y plantas medicinales. Únete a un taller gastronómico, convive con la familia y aprende algunas frases en idioma náhuatl.","Aprende de hongos silvestres con una cocinera tradicional en Acaxochitlán. Recorre el bosque recolectando especies y plantas medicinales. Únete a un taller gastronómico, convive con la familia y aprende algunas frases en idioma náhuatl."
HID-022,Sabores del Bosque,Hidalgo,Epazoyucan,El Guajolote,Mexico,20.109525,-98.602324,,Nature | Hiking | Gastronomy,Naturaleza,María del Rosario Rodríguez Lozada,Entrada | Accesos | Estacionamiento | Juegos | Puente colgante | Sanitarios | Alimentos | Recorrido | Taller de infusiones | Senderismo,Up to 25 people,"Disfruta del descanso y el contacto natural en este espacio ejidal. Recolecta hongos silvestres y plantas medicinales, aprende recetas tradicionales en una cocina de humo y realiza senderismo interpretativo hacia impresionantes formaciones rocosas. Complementa tu estancia con paseos en lancha o avistamiento de aves, y descansa en cómodas cabañas comunitarias.",,,,,,,,7711891767 / 5524215982,ejidosanpedro34@gmail.com,https://www.facebook.com/rancho.ecoturistico.PIMVS.el.guajolote,,PLATFORM VERSION 1 – Hidalgo,,,,,,,"Descansa en este entorno ejidal. Recolecta hongos y plantas medicinales, aprende recetas en cocina de humo y haz senderismo hacia formaciones rocosas. Disfruta de paseos en lancha o avistamiento de aves, y relájate en cabañas comunitarias.","Descansa en este entorno ejidal. Recolecta hongos y plantas medicinales, aprende recetas en cocina de humo y haz senderismo hacia formaciones rocosas. Disfruta de paseos en lancha o avistamiento de aves, y relájate en cabañas comunitarias."
HID-023,Cerro de las Navajas,Hidalgo,Epazoyucan,El Nopalillo,Mexico,20.080010,-98.580029,,History and archaeology | Nature | Hiking | Handicrafts,Comunidad y vida cotidiana,Mauricio Vera Castelán,"Entrada al Centro Ecoturístico Las Navajas: $40 pesos | Guía interno: $200 pesos por hora, con un máximo de 20 personas | El minero en la mina: $20 pesos por persona | Por persona, en un grupo de 20 personas (7 horas), la visita al Centro Ecoturístico Cerro de Las Navajas es de $130 pesos",Up to 53 people,"Descubre el Cerro de las Navajas, fascinante geositio de la UNESCO. Guiado por la comunidad de El Nopalillo, explora minas de obsidiana, zonas arqueológicas y hermosos senderos naturales. Concluye esta gran experiencia conociendo las prácticas ancestrales en un taller artesanal. ¡Vive una aventura inolvidable llena de historia y naturaleza pura!",,,,,,,,7711170542 / 7711998281 / 7711174220,mauricioveracastelan@gmail.com,https://www.facebook.com/p/Parque-Ecoturistico-Las-Navajas-100072086439251/,,PLATFORM VERSION 1 – Hidalgo,,,,,,,"Descubre el Cerro de las Navajas del Geositio UNESCO. Con la comunidad, explora minas de obsidiana, arqueología y senderos. Aprende prácticas ancestrales en un taller artesanal. ¡Vive una aventura inigualable de historia y naturaleza!","Descubre el Cerro de las Navajas del Geositio UNESCO. Con la comunidad, explora minas de obsidiana, arqueología y senderos. Aprende prácticas ancestrales en un taller artesanal. ¡Vive una aventura inigualable de historia y naturaleza!"
HID-024,Maguey pulquero: nobleza y generosidad,Hidalgo,Singuilucan,Los Negritos,Mexico,19.969020,-98.505636,,Nature,Naturaleza,Rogelio Moreno Montiel,Desayuno | Recorrido | Visita a tinacal | Visita a destilador | Degustación de productos derivados del maguey,Up to 40 people,"Adéntrate en el paisaje cultural del maguey pulquero y vive una mañana inolvidable. Disfruta un desayuno tradicional antes de recorrer los campos. Conoce el proceso de elaboración del pulque, visita un auténtico tinacal para degustarlo y explora el mercado local. Descansa en nuestro cálido alojamiento rural conectando con la naturaleza.",,,,,,,,7751286245 / 7751099863,xocoyoloxalis@gmail.com,https://www.facebook.com/LaGasparena/,https://www.instagram.com/rancholagasparena,PLATFORM VERSION 1 – Hidalgo,,,,,,,"Explora el paisaje del maguey pulquero. Degusta un desayuno tradicional, recorre campos y descubre la elaboración del pulque en un tinacal. Visita el mercado y descansa en nuestro alojamiento rural conectando plenamente con la naturaleza.","Explora el paisaje del maguey pulquero. Degusta un desayuno tradicional, recorre campos y descubre la elaboración del pulque en un tinacal. Visita el mercado y descansa en nuestro alojamiento rural conectando plenamente con la naturaleza."
HID-025,Identidad de mi Pueblo,Hidalgo,Tepeji del Rio,San Ildelfonso Chantepec,Mexico,19.994869,-99.370017,,Handicrafts | Gastronomy,Saberes Tradicionales,Maricela Rivas López,Taller de artesanías | Taller de idioma materno | Taller gastronómico y comida | 2 rebosos por grupo | Explicación medicina artesanal,Up to 20 people,"Sumérgete en nuestra cultura aprendiendo a tejer en un auténtico telar de cintura mientras descubres hermosas palabras en idioma hñahñu. Participa en el taller gastronómico, elabora deliciosos platillos locales y acompáñalos con pulque curado. Finaliza tu enriquecedora visita conociendo los saberes curativos de nuestra medicina tradicional. ¡Vive esta gran experiencia!",,,,,,,,7731986478 / 7731197490,turismotepejidelrio@gmail.com,https://www.facebook.com/people/Identidad-De-Mi-Pueblo/pfbid0ogaHWERHmNYhQnkPdLDQdUJFNwqKV2jfoFjWaHqJbk59xdAgCKfbZkdoLZjCCfhpl/?rdid=kA3TRmLCcuhGiWGg&share_url=https%3A%2F%2Fwww.facebook.com%2Fshare%2F1LUoswdPd2%2F,https://www.instagram.com/identidaddemipueblo/,PLATFORM VERSION 1 – Hidalgo,,,,,,,"Teje en telar de cintura y aprende palabras en hñahñu. Únete a un taller gastronómico, cocina platillos locales y disfrútalos con pulque curado. Concluye descubriendo los saberes curativos de la medicina tradicional.","Teje en telar de cintura y aprende palabras en hñahñu. Únete a un taller gastronómico, cocina platillos locales y disfrútalos con pulque curado. Concluye descubriendo los saberes curativos de la medicina tradicional."
MIC-001,Descubre Tangamandapio,Michoacán,,,Mexico,,,,Handicrafts | Gastronomy,Saberes Tradicionales,Juan Marcos Pulido Victoriano,,,"Descubre Tangamandapio y Tarecuato, donde la cultura viva cobra forma. Explora una ruta de sabores ancestrales que incluye más de 50 variedades de atole, el emblemático mole de pera y la tradición del pajarete. Conecta con artesanos, agricultores y cocineras tradicionales en una inmersión inolvidable por el patrimonio biocultural michoacano.",,,,,,,,3512033838 / 3511479400,,https://www.facebook.com/profile.php?id=61582758783012&rdid=1SR337h4QHaFAsEi&share_url=https%3A%2F%2Fwww.facebook.com%2Fshare%2F14YsdXT89ZK%2F#,,PLATFORM VERSION 1 – Michoacán,,,,,,,"Descubre Tangamandapio y Tarecuato degustando más de 50 atoles, mole de pera y pajarete. Conecta con artesanos, agricultores y cocineras locales en esta inmersión inolvidable por el rico patrimonio biocultural de Michoacán.","Descubre Tangamandapio y Tarecuato degustando más de 50 atoles, mole de pera y pajarete. Conecta con artesanos, agricultores y cocineras locales en esta inmersión inolvidable por el rico patrimonio biocultural de Michoacán."
MIC-002,Tarejero Mágico,Michoacán,Zacapu,Comunidad Indígena de Tarejero,Mexico,19.822310,-101.715093,,Nature | Hiking | Gastronomy,Comunidad y vida cotidiana,José Daniel Guzmán Espinosa,"Guía local, recorrido en sitios culturales y naturales y estacionamiento local.",Up to 45 people,"Explora Tarejero, una comunidad indígena rodeada de paisajes naturales y manantiales cristalinos. Disfruta de senderismo, ciclismo, paseos en lancha, campismo y gastronomía tradicional, además de festividades comunitarias que celebran su identidad, hospitalidad y profundo vínculo con la naturaleza.",,,,,,,,4362129821,danguzman0312@gmail.com,https://www.facebook.com/Tarhexerhu/,https://www.instagram.com/tarejero.magico?,PLATFORM VERSION 1 – Michoacán,,,,,,,"Explora Tarejero, comunidad indígena con manantiales cristalinos y un rico patrimonio cultural. Disfruta de senderismo, ciclismo, paseos en lancha, campismo, gastronomía tradicional y sé parte de sus festividades locales.","Explora Tarejero, comunidad indígena con manantiales cristalinos y un rico patrimonio cultural. Disfruta de senderismo, ciclismo, paseos en lancha, campismo, gastronomía tradicional y sé parte de sus festividades locales."
MIC-003,Gastronomía e Historia de Arato,Michoacán,Paracho,Arato,Mexico,19.639712,-102.098134,,History and archaeology | Gastronomy,Gastronomía y actividades,Alondra Jaramillo Jasso,"Guía, alimentos, elotes (en su caso).",Up to 50 people,"Sumérgete en la esencia purépecha con una experiencia culinaria inmersiva. Recorre la milpa para recolectar ingredientes frescos, aprende a elaborar corundas en un taller tradicional y descubre los secretos de plantas medicinales en un huerto local.",,,,,,,,4521880944,cocinavictoria28@hotmail.com,https://www.facebook.com/profile.php?id=61591924709837&rdid=8mUqepT8z2tgCo72&share_url=https%3A%2F%2Fwww.facebook.com%2Fshare%2F1Er6ALAKPj%2F#,https://www.instagram.com/cocinavictoria28/,PLATFORM VERSION 1 – Michoacán,,,,,,,"Vive la esencia purépecha en esta experiencia culinaria. Recorre la milpa recolectando ingredientes frescos, aprende a elaborar corundas en un taller tradicional y descubre los secretos de las plantas medicinales en un huerto local.","Vive la esencia purépecha en esta experiencia culinaria. Recorre la milpa recolectando ingredientes frescos, aprende a elaborar corundas en un taller tradicional y descubre los secretos de las plantas medicinales en un huerto local."
MIC-004,Caminar con el Bosque de Cherán K’eri,Michoacán,,,Mexico,,,,History and archaeology | Nature | Handicrafts | Gastronomy,Saberes Tradicionales,Artemio Kuricavery Hurtado Jiménez,,,"Entre bosques y tradiciones, Cherán K’eri te invita a conocer la riqueza cultural purépecha, disfruta de recorridos interpretativos, gastronomía tradicional, talleres artesanales y saberes ancestrales, en una experiencia que revela su historia, identidad y profundo vínculo comunitario con el territorio.",,,,,,,,4521317895,,https://www.facebook.com/profile.php?id=61564917827355&rdid=FQBZXnP7ydNBDUWo&share_url=https%3A%2F%2Fwww.facebook.com%2Fshare%2F1cv7rCQTgE%2F#,,PLATFORM VERSION 1 – Michoacán,,,,,,,"Cherán K’eri te revela su riqueza purépecha. Sumérgete en esta comunidad indígena y llévate un poco de su historia y comida tradicional, mientras disfrutas de sus talleres, identidad y profundo vínculo con el territorio.","Cherán K’eri te revela su riqueza purépecha. Sumérgete en esta comunidad indígena y llévate un poco de su historia y comida tradicional, mientras disfrutas de sus talleres, identidad y profundo vínculo con el territorio."
MIC-005,Guardianes del Equilibrio,Michoacán,,,Mexico,,,,Nature | Handicrafts | Gastronomy,Naturaleza,Blanca Ireri Camacho Carrasco,,,"Explora Purenchécuaro a través de una experiencia que integra humedales, manantiales, especies endémicas, gastronomía tradicional, artesanías y cosmovisión purépecha. Descubre cómo la comunidad protege su territorio y participa en actividades de conservación, educación ambiental y saberes ancestrales.",,,,,,,,4432584006,,https://www.facebook.com/profile.php?id=61560782847797&rdid=P4wZtG3hFHbk6NOh&share_url=https%3A%2F%2Fwww.facebook.com%2Fshare%2F1MNnrXV9jS%2F#,https://www.instagram.com/bioculturalpurenchecuaro/?utm_source=ig_web_button_share_sheet,PLATFORM VERSION 1 – Michoacán,,,,,,,"Explora Purenchécuaro, santuario de humedales, especies endémicas y cosmovisión purépecha. Disfruta su gastronomía y artesanías, descubre cómo la comunidad protege su territorio y participa en labores de conservación y educación ambiental.","Explora Purenchécuaro, santuario de humedales, especies endémicas y cosmovisión purépecha. Disfruta su gastronomía y artesanías, descubre cómo la comunidad protege su territorio y participa en labores de conservación y educación ambiental."
MIC-006,El Cielo en tus Manos,Michoacán,Quiroga,Santa Fe de la Laguna,Mexico,19.674621,-101.557703,,History and archaeology | Nature | Handicrafts | Gastronomy,Saberes Tradicionales,Ana Luisa Fabián Lucas,"Comida, talleres, artesanía, recorrido guiado por el pueblo y calaverita de azúcar.",Up to 40 people,"Sumérgete en Santa Fe de la Laguna recorriendo sus espacios históricos y participa en la elaboración de barro bruñido, tortillas, jahuakatas y calaveritas de azúcar. Descubre la historia, gastronomía y tradiciones que mantienen viva la identidad y cosmovisión purépecha.",,,,,,,,4432653991,nicolasfabian39@gmail.com,https://www.facebook.com/nicolas.fabian.5070,https://www.instagram.com/t_ahuanda/,PLATFORM VERSION 1 – Michoacán,,,,,,,"Explora Santa Fe de la Laguna y sus espacios históricos. Participa elaborando barro bruñido, tortillas, jahuakatas y calaveritas. Descubre la historia, gastronomía y tradiciones que mantienen viva la identidad y cosmovisión purépecha.","Explora Santa Fe de la Laguna y sus espacios históricos. Participa elaborando barro bruñido, tortillas, jahuakatas y calaveritas. Descubre la historia, gastronomía y tradiciones que mantienen viva la identidad y cosmovisión purépecha."
MIC-007,Kopecua,Michoacán,,,Mexico,,,,History and archaeology | Nature | Hiking | Handicrafts | Gastronomy,Comunidad y vida cotidiana,Berenice Flores Manríquez,,,"Comparte la vida cotidiana de Santa Fe de la Laguna elaborando platillos tradicionales, creando tu propia pieza de barro, recorriendo senderos de plantas medicinales y practicando pesca tradicional. Descubre la historia, los espacios emblemáticos y la cultura purépecha en convivencia con familias locales.",,,,,,,,4436390415,,https://www.facebook.com/profile.php?id=61581845032916,,PLATFORM VERSION 1 – Michoacán,,,,,,,"Vive Santa Fe de la Laguna conviviendo con familias locales. Cocina platillos típicos, moldea barro, recorre senderos medicinales y pesca de forma tradicional. Descubre espacios emblemáticos y la rica cultura purépecha en su vida cotidiana.","Vive Santa Fe de la Laguna conviviendo con familias locales. Cocina platillos típicos, moldea barro, recorre senderos medicinales y pesca de forma tradicional. Descubre espacios emblemáticos y la rica cultura purépecha en su vida cotidiana."
MIC-008,Echeri Ka Itsï,Michoacán,,,Mexico,,,,History and archaeology | Handicrafts,Talleres,Angélica Morales Gámez,,,"Descubre la magia del barro en Tzintzuntzan con la maestra artesana Angélica Morales. En su taller familiar, herencia de cuatro generaciones, aprenderás los secretos del engobe blanco. Modela y decora tu propia pieza, pasea por su huerto medicinal y explora las historias del hermoso pueblo.",,,,,,,,4433745324,,https://www.facebook.com/profile.php?id=100077296374092,https://www.instagram.com/echeri_ka_itsi?igsh=NXBncnFteTUwb2Iy,PLATFORM VERSION 1 – Michoacán,,,,,,,"Descubre la magia del barro en Tzintzuntzan con la maestra Angélica Morales. Aprende los secretos del engobe blanco, modela tu pieza, pasea por un huerto medicinal y explora las historias de este hermoso pueblo tradicional.","Descubre la magia del barro en Tzintzuntzan con la maestra Angélica Morales. Aprende los secretos del engobe blanco, modela tu pieza, pasea por un huerto medicinal y explora las historias de este hermoso pueblo tradicional."
MIC-009,Linaje Entretejiendo Historias,Michoacán,,,Mexico,,,,History and archaeology | Handicrafts | Gastronomy,Talleres,Bertha Esperanza Villagómez Peña,,,"Adéndrate en el legado de cuatro generaciones del taller familiar Artesanías Panikua de Tzintzuntzan. Participa en la elaboración de una pieza con la técnica tradicional del popotillo y conoce la historia, identidad y saberes que mantienen viva la tradición artesanal purépecha.",,,,,,,,4431584724,,https://www.facebook.com/artesaniasdefibrasvegetales/?locale=es_LA,https://www.instagram.com/artesaniaspanikua/,PLATFORM VERSION 1 – Michoacán,,,,,,,"Explora el taller Artesanías Panikua en Tzintzuntzan. Crea una pieza con la técnica tradicional del popotillo de trigo y descubre la historia, identidad y saberes familiares que mantienen viva esta bella tradición artesanal purépecha.","Explora el taller Artesanías Panikua en Tzintzuntzan. Crea una pieza con la técnica tradicional del popotillo de trigo y descubre la historia, identidad y saberes familiares que mantienen viva esta bella tradición artesanal purépecha."
MIC-010,Cerámica en Alta Temperatura,Michoacán,,,Mexico,,,,History and archaeology | Handicrafts,Talleres,María de la Luz Morales García,,,"Conoce la tradición alfarera de Tzintzuntzan elaborando tu propia pieza de cerámica en alta temperatura junto a las artesanas del taller Cueraváperi. Conoce el proceso tradicional del barro, aprende distintas técnicas de modelado y comparte los saberes e historias que dan vida a este oficio ancestral.",,,,,,,,4433767469,,https://www.facebook.com/p/Cuerav%C3%A1peri-100064756504271/,https://www.instagram.com/cueravaperi.tz/,PLATFORM VERSION 1 – Michoacán,,,,,,,"Modela cerámica en el taller Cueraváperi de Tzintzuntzan. Aprende el proceso tradicional del barro, domina técnicas de alta temperatura y comparte con las artesanas locales historias y saberes que mantienen vivo este oficio ancestral.","Modela cerámica en el taller Cueraváperi de Tzintzuntzan. Aprende el proceso tradicional del barro, domina técnicas de alta temperatura y comparte con las artesanas locales historias y saberes que mantienen vivo este oficio ancestral."
MIC-011,Tata Jurhiata,Michoacán,,,Mexico,,,,History and archaeology | Nature | Handicrafts | Gastronomy,Talleres,Joel Cornelio Rendón,,,"Vive el arte de las fibras vegetales en Tzintzuntzan junto al maestro artesano Joel Cornelio Rendón. Elabora tu propia artesanía, conoce la cosmovisión purépecha y las historias que inspiran cada pieza, y complementa la experiencia con gastronomía tradicional y recorridos por su patrimonio histórico.",,,,,,,,4341125151,,https://www.facebook.com/profile.php?id=61592139834196&rdid=5S9bLGvR0Du377u5&share_url=https%3A%2F%2Fwww.facebook.com%2Fshare%2F1J9fj17zXd%2F#,https://www.instagram.com/estudio_tatajurhiata/,PLATFORM VERSION 1 – Michoacán,,,,,,,"Trabaja fibras vegetales en Tzintzuntzan con el maestro Joel Cornelio. Crea tu artesanía, conoce la cosmovisión purépecha detrás de cada pieza y disfruta gastronomía tradicional y recorridos por su rico patrimonio histórico.","Trabaja fibras vegetales en Tzintzuntzan con el maestro Joel Cornelio. Crea tu artesanía, conoce la cosmovisión purépecha detrás de cada pieza y disfruta gastronomía tradicional y recorridos por su rico patrimonio histórico."
MIC-012,Catrinas de Barro de Capula,Michoacán,,,Mexico,,,,Handicrafts | Gastronomy,Comunidad y vida cotidiana,Javier Misael Cervantes Espinoza,,,"Recorre Capula, cuna de las emblemáticas catrinas de barro, y descubre su tradición alfarera. Modela y pinta tu propia pieza, conoce talleres artesanales, disfruta de café de olla, pan de horno de leña y gastronomía local en una experiencia llena de identidad y creatividad.",,,,,,,,4432714242,,https://www.facebook.com/share/14km7xar4uk/?mibextid=wwXIfr,https://www.instagram.com/javier_misaelcervantes/,PLATFORM VERSION 1 – Michoacán,,,,,,,"Descubre Capula, cuna de las catrinas de barro. Conoce su tradición alfarera, modela y pinta tu pieza en talleres locales. Disfruta café de olla, pan de leña y rica gastronomía en una experiencia llena de identidad purépecha.","Descubre Capula, cuna de las catrinas de barro. Conoce su tradición alfarera, modela y pinta tu pieza en talleres locales. Disfruta café de olla, pan de leña y rica gastronomía en una experiencia llena de identidad purépecha."
MIC-013,Paisajes del Mezcal,Michoacán,,,Mexico,,,,Handicrafts | Gastronomy,Comunidad y vida cotidiana,Luz María Saavedra Hernández,,,"Recorre los paisajes del mezcal michoacano y conoce comunidades productoras, vinatas tradicionales y los procesos artesanales de elaboración. Disfruta catas, gastronomía regional, paisajes serranos y la riqueza cultural que convierte al mezcal en un patrimonio biocultural vivo de Michoacán.",,,,,,,,4432026365,,https://www.facebook.com/nanakutzidestilados,https://www.instagram.com/nanakutzi.mezcal?utm_source=ig_web_button_share_sheet&igsh=ZDNlZDc0MzIxNw==,PLATFORM VERSION 1 – Michoacán,,,,,,,"Recorre paisajes del mezcal michoacano. Visita vinatas, conoce a comunidades productoras, aprende el proceso artesanal y disfruta de catas, gastronomía regional y paisajes serranos que celebran el mezcal como patrimonio biocultural.","Recorre paisajes del mezcal michoacano. Visita vinatas, conoce a comunidades productoras, aprende el proceso artesanal y disfruta de catas, gastronomía regional y paisajes serranos que celebran el mezcal como patrimonio biocultural."
MIC-014,Awakt: Turismo Comunitario y Biocultural,Michoacán,,,Mexico,,,,History and archaeology | Nature | Hiking | Handicrafts | Gastronomy,Naturaleza,Eduardo Medina Ayala,,,"Explora Senguio con AWakt, una experiencia que integra historia, cultura y naturaleza. Recorre monumentos y templos emblemáticos en bicicleta, deleita tu paladar con gastronomía tradicional y disfruta del senderismo por paisajes locales. Concluye tu aventura presenciando el fenómeno migratorio de la mariposa monarca en los santuarios de esta región michoacana.",,,,,,,,4471190048,,https://www.facebook.com/profile.php?id=100076233432247,https://www.instagram.com/awakt.oficial?utm_source=qr&igsh=MWF5bWR1dGgxM2I2NA==,PLATFORM VERSION 1 – Michoacán,,,,,,,"Explora Senguio con Awakt. Recorre templos y paisajes en bicicleta, saborea su gastronomía local, haz senderismo y conoce a sus artesanos y médico tradicional. Concluye caminando y contemplando las tranquilas calles de su centro histórico.","Explora Senguio con Awakt. Recorre templos y paisajes en bicicleta, saborea su gastronomía local, haz senderismo y conoce a sus artesanos y médico tradicional. Concluye caminando y contemplando las tranquilas calles de su centro histórico."
MIC-015,Encantos de la Región Monarca,Michoacán,,,Mexico,,,,History and archaeology | Nature,Naturaleza,Eligio García,,,"Descubre la Región Monarca con la Red CATA Michoacán. Durante cuatro días de turismo comunitario, caminarás por bosques de oyamel observando mariposas, aves y luciérnagas. Explorarás zonas arqueológicas, turismo científico en las Grutas de Tziranda y talleres en Tlalpujahua. Conecta con biodiversidad y cultura mientras apoyas directamente a las comunidades.",,,,,,,,4471678718 / 7151006160,,https://www.facebook.com/redcatamx,https://www.instagram.com/red_cata/,PLATFORM VERSION 1 – Michoacán,,,,,,,"Explora la Región Monarca en 4 días de turismo comunitario. Camina entre oyameles avistando mariposas y luciérnagas. Visita la zona arqueológica, las Grutas de Tziranda y termina recorriendo las calles de Tlalpujahua.","Explora la Región Monarca en 4 días de turismo comunitario. Camina entre oyameles avistando mariposas y luciérnagas. Visita la zona arqueológica, las Grutas de Tziranda y termina recorriendo las calles de Tlalpujahua."
MIC-016,Parador Turístico Sierra Chincua,Michoacán,,,Mexico,,,,Nature | Hiking | Gastronomy,Naturaleza,José Carmen Martínez Colín,,,"Explora el Santuario Sierra Chincua, bosque sagrado donde mariposas monarca y almas convergen. Durante esta experiencia comunitaria, caminarás por senderos guiado por familias locales, descubriendo la migración y leyendas ancestrales. Concluye tu inolvidable visita apoyando la conservación del ecosistema, mientras saboreas la auténtica y deliciosa cocina tradicional con ingredientes locales.",,,,,,,,7151470790,,https://www.facebook.com/Mariposamonarcasierrachincua,,PLATFORM VERSION 1 – Michoacán,,,,,,,Explora el Santuario Sierra Chincua. Camina con familias locales descubriendo leyendas y la migración de la mariposa monarca. Apoya la conservación del bosque sagrado y concluye degustando su deliciosa comida tradicional.,Explora el Santuario Sierra Chincua. Camina con familias locales descubriendo leyendas y la migración de la mariposa monarca. Apoya la conservación del bosque sagrado y concluye degustando su deliciosa comida tradicional.
MIC-017,Reforesta tu alma en Llano de las Papas,Michoacán,,,Mexico,,,,Nature | Hiking | Handicrafts | Gastronomy,Naturaleza,Abel Díaz Mondragón,,,"Reforesta tu alma en el Llano de las Papas, un santuario en la Reserva de la Mariposa Monarca. Vive una experiencia sensorial entre bosques de juníperos, conoce la artesanía en ocochal y conecta con la sabiduría ancestral alrededor de una fogata. Disfruta de la gastronomía local y el legado comunitario.",,,,,,,,7151007067,,https://www.facebook.com/profile.php?id=61564371284331,https://www.instagram.com/llanodelaspapas?igsh=czJob3llcXcwZWR6,PLATFORM VERSION 1 – Michoacán,,,,,,,"Recorre bosques de juníperos, abraza un enorme Oyamel o Pino, déjate guiar por senderos ancestrales, conoce las artesanías de ocochal y conecta con los saberes de la comunidad para preservar este majestuoso Santuario Monarca.","Recorre bosques de juníperos, abraza un enorme Oyamel o Pino, déjate guiar por senderos ancestrales, conoce las artesanías de ocochal y conecta con los saberes de la comunidad para preservar este majestuoso Santuario Monarca."
MIC-018,Juana Bravo: Guardiana del Fuego y del Telar,Michoacán,,,Mexico,,,,History and archaeology | Nature | Handicrafts | Gastronomy,Saberes Tradicionales,Juana Bravo Lázaro,,,"Teje historias en telar de cintura junto a Doña Juana y aviva el fogón para preparar platillos ancestrales cosechados de su propia tierra. Saborea la herencia purépecha y admira el imponente volcán Paricutín desde el templo barroco de Angahuan, en una conexión única con su patrimonio vivo.",,,,,,,,4521580308,,https://www.facebook.com/juana.bravo.1238?rdid=iXvv16CZkfxg48TI&share_url=https%3A%2F%2Fwww.facebook.com%2Fshare%2F1BZWpsDXnw%2F#,https://www.instagram.com/jua_nabravo?igsh=Ym04NmJycXoxeWxp,PLATFORM VERSION 1 – Michoacán,,,,,,,"Teje en telar de cintura con Juanita Bravo y cocina platillos de su cosecha. Saborea la herencia purépecha, admira el volcán Paricutín desde el templo de Angahuan y conecta profundamente con este patrimonio cultural vivo.","Teje en telar de cintura con Juanita Bravo y cocina platillos de su cosecha. Saborea la herencia purépecha, admira el volcán Paricutín desde el templo de Angahuan y conecta profundamente con este patrimonio cultural vivo."
MIC-019,Donde el Volcán cuenta su Historia,Michoacán,,,Mexico,,,,History and archaeology | Nature | Gastronomy,Naturaleza,Juan Aguilar Sandoval,,,"Explora la asombrosa historia del Volcán Paricutín y el Viejo San Juan. Camina sobre inmensos campos de lava, descubre la icónica iglesia sepultada y desciende por divertidas arenas volcánicas. Disfruta del bosque, auténtica comida tradicional, relatos comunitarios junto a la fogata y descansa plácidamente en acogedoras cabañas.",,,,,,,,4522480504 / 4521125239,,https://www.facebook.com/profile.php?id=100064196524570,https://www.instagram.com/centro_patzingo/,PLATFORM VERSION 1 – Michoacán,,,,,,,"Explora el Paricutín y el Viejo San Juan. Camina sobre lava, descubre la iglesia sepultada y desciende por arenas volcánicas. Disfruta el bosque, comida tradicional, relatos comunitarios en la fogata y descansa en cómodas cabañas.","Explora el Paricutín y el Viejo San Juan. Camina sobre lava, descubre la iglesia sepultada y desciende por arenas volcánicas. Disfruta el bosque, comida tradicional, relatos comunitarios en la fogata y descansa en cómodas cabañas."
MIC-020,Corredor Turístico Tata Misirhi,Michoacán,,,Mexico,,,,History and archaeology | Nature | Gastronomy,Escenarios históricos,Atzin Alonso Osorio Chávez,,,"Explora las entrañas del Paricutín y descifra la memoria de un pueblo purépecha que renació de las cenizas. Recorre el volcán acompañado de sus guardianes y descubre la historia de Caltzontzini desde la voz de quienes lo habitan, participando en talleres para vivir la comunidad desde dentro.",,,,,,,,4521422044,,https://www.facebook.com/profile.php?id=61581414369373,,PLATFORM VERSION 1 – Michoacán,,,,,,,"Explora el Paricutín y la memoria del pueblo purépecha. Recorre el volcán con sus guardianes, descubre la fascinante historia de Caltzontzini y participa en auténticos talleres para vivir la comunidad desde dentro.","Explora el Paricutín y la memoria del pueblo purépecha. Recorre el volcán con sus guardianes, descubre la fascinante historia de Caltzontzini y participa en auténticos talleres para vivir la comunidad desde dentro."
MIC-021,Andandikuran,Michoacán,,,Mexico,,,,Nature | Handicrafts | Gastronomy,Gastronomía y actividades,Rodrigo Santiago Márquez,,,"Transita entre huertas de aguacate hasta el refugio de Andandikuran. Muele nixtamal en los fogones de leña junto a maestras cocineras purépechas, envuelve corundas tradicionales en hojas de maíz y saborea un milenario churipo con sabor a cosecha, arropado por la magia de sus bordados ancestrales.",,,,,,,,4433252420 / 4432603997,,https://www.facebook.com/profile.php?id=100057602582586,https://www.instagram.com/andandikuran.restaurant/,PLATFORM VERSION 1 – Michoacán,,,,,,,"Camina entre huertas de aguacate hasta Andandikuran. Muele nixtamal con cocineras purépechas, envuelve corundas tradicionales, saborea un milenario churipo al calor del fogón y elabora tu propio pan en horno de leña.","Camina entre huertas de aguacate hasta Andandikuran. Muele nixtamal con cocineras purépechas, envuelve corundas tradicionales, saborea un milenario churipo al calor del fogón y elabora tu propio pan en horno de leña."
MIC-022,Reserva Viva Tingambato,Michoacán,,,Mexico,,,,History and archaeology | Nature | Gastronomy,Naturaleza,Víctor Daniel Martínez Martínez,,,"Explora el corazón purépecha en Tingambato. Conecta con la naturaleza en el Cerro Comburinda, recorre la ""Farmacia Viviente"" junto a mujeres locales y disfruta vistas panorámicas desde su mirador. Completa tu visita explorando la zona arqueológica de Tinganio y su centro histórico.",,,,,,,,4521227669,,https://www.facebook.com/people/AVC-Reserva-Viva-Tingambato/61570738411198/,https://www.instagram.com/avcreservaviva?utm_source=qr&igsh=NnI5cmp2aHB0OGt1,PLATFORM VERSION 1 – Michoacán,,,,,,,"Explora Tingambato, corazón purépecha. Sube al Cerro Comburinda, admira el mirador y recorre la Farmacia Viviente acompañado de un guía local. Finaliza tu visita explorando la zona arqueológica de Tinganio y su hermoso centro histórico.","Explora Tingambato, corazón purépecha. Sube al Cerro Comburinda, admira el mirador y recorre la Farmacia Viviente acompañado de un guía local. Finaliza tu visita explorando la zona arqueológica de Tinganio y su hermoso centro histórico."
MIC-023,Manantiales de la Isla de Urandén,Michoacán,Patzcuaro,Uranden de Morelos,Mexico,,,,History and archaeology | Nature,Naturaleza,Jose Luis Camilo Gabriel,Traslado en canoa tradicional de remo durante todo el recorrido; uso de chaleco salvavidas como equipo de seguridad; acompañamiento de guía local especializado durante toda la experiencia; recorrido interpretativo por los manantiales de Urandén; acceso y descensos en puntos autorizados de la isla para actividades de interpretación ambiental y cultural.,Up to 15 people,"Navega en canoas tradicionales por los manantiales de Urandén y descubre la historia, cultura y naturaleza de esta comunidad p’urhépecha. Conoce las acciones de conservación del Lago de Pátzcuaro y los saberes locales sobre la pesca tradicional en una experiencia de turismo responsable.",,,,,,,,4341061714,manatialesdeurandendemorelos@gmail.com,https://www.facebook.com/ManantialesDeUranden/#,https://www.instagram.com/manantialesdeuranden/,PLATFORM VERSION 1 – Michoacán,,,,,,,"Navega en canoas por los manantiales de Urandén. Descubre la cultura p'urhépecha, aprende sobre pesca tradicional y acciones de conservación del Lago de Pátzcuaro en esta experiencia inmersiva de turismo responsable.","Navega en canoas por los manantiales de Urandén. Descubre la cultura p'urhépecha, aprende sobre pesca tradicional y acciones de conservación del Lago de Pátzcuaro en esta experiencia inmersiva de turismo responsable."
MIC-024,Islas Legendarias del Lago de Pátzcuaro,Michoacán,,,Mexico,,,,Nature,Saberes Tradicionales,Antonio Reyes Justo,,,"Navega el Lago de Pátzcuaro y descubre sus cuatro islas encantadoras: Pacanda, Yunuen, Tecuena y Janitzio. Guiado por un experto local, vivirás una auténtica experiencia de turismo comunitario. Conecta con la cosmovisión purépecha, admira paisajes naturales, conoce la tradicional pesca con redes y disfruta la profunda herencia cultural del territorio.",,,,,,,,4341211180,,https://www.facebook.com/profile.php?id=100064668523012,https://vt.tiktok.com/ZSXy2Lmo5/,PLATFORM VERSION 1 – Michoacán,,,,,,,"Navega el Lago de Pátzcuaro y sus islas: Pacanda, Yunuen, Tecuena y Janitzio. Con guías locales, conecta con la cosmovisión purépecha, admira bellos paisajes y conoce la tradicional pesca con redes en esta inmersión cultural.","Navega el Lago de Pátzcuaro y sus islas: Pacanda, Yunuen, Tecuena y Janitzio. Con guías locales, conecta con la cosmovisión purépecha, admira bellos paisajes y conoce la tradicional pesca con redes en esta inmersión cultural."
MIC-025,Corundas Deliciosas,Michoacán,,,Mexico,,,,History and archaeology | Gastronomy,Gastronomía y actividades,Mireya Talavera Cervantes,,,"Comparte la tradición culinaria de Surumutaro junto a la cocinera tradicional Mireya Talavera Cervantes. Aprende a preparar corundas con ingredientes locales, conoce las historias y saberes que las acompañan y disfruta este platillo emblemático en un encuentro con la memoria e identidad comunitaria.",,,,,,,,4341081546,,https://www.facebook.com/profile.php?id=61580924655361,https://www.instagram.com/mireya.talavera.1?utm_source=ig_web_button_share_sheet&igsh=ZDNlZDc0MzIxNw==,PLATFORM VERSION 1 – Michoacán,,,,,,,"Saborea Surumutaro con la cocinera Mireya Talavera. Aprende a preparar corundas con ingredientes locales, descubre sus historias y degusta este platillo emblemático de Michoacán en un encuentro con la memoria e identidad de la comunidad.","Saborea Surumutaro con la cocinera Mireya Talavera. Aprende a preparar corundas con ingredientes locales, descubre sus historias y degusta este platillo emblemático de Michoacán en un encuentro con la memoria e identidad de la comunidad."
MIC-026,Bordadoras de Historias,Michoacán,Patzcuaro,Patzcuaro,Mexico,19.512505,-101.610657,,History and archaeology | Handicrafts,Talleres,Sandra López Servín,"Explicación de la historia, capacitación de puntadas básicas, café/té o agua y pieza bordada básica. La ficha indica que el cliente puede escoger una pieza de mayor precio pagando la diferencia.",Up to 8 people,"Conoce el arte del bordado tradicional junto a mujeres artesanas de Santa Cruz. Aprende puntadas básicas, crea tu propia pieza y descubre las historias, paisajes, danzas y tradiciones que los hilos conservan como parte del patrimonio biocultural purépecha.",,,,,,,,4341156185,bordadossandras@gmail.com,https://www.facebook.com/share/1FqkJrtrSM/,https://www.instagram.com/bordadoras.dehistorias?igsh=MWt3OHNsdHhqNXY3dQ%3D%3D,PLATFORM VERSION 1 – Michoacán,,,,,,,"Borda la tradición junto a mujeres artesanas de Santa Cruz. Aprende puntadas básicas, crea tu pieza y descubre hermosas historias, danzas, paisajes y tradiciones que los hilos relatan como parte viva del patrimonio cultural purépecha.","Borda la tradición junto a mujeres artesanas de Santa Cruz. Aprende puntadas básicas, crea tu pieza y descubre hermosas historias, danzas, paisajes y tradiciones que los hilos relatan como parte viva del patrimonio cultural purépecha."
MIC-027,"⁠Seshashi, Taller y Patrimonio Vivo",Michoacán,,,Mexico,,,,Handicrafts | Gastronomy,Talleres,Mario Agustín Gaspar,,,,,,,,,,,4341001664 / 4434005496,,https://www.facebook.com/seshashimexico,https://www.instagram.com/seshashi?utm_source=qr,PLATFORM VERSION 1 – Michoacán,,,,,,,"En el corazón de Pátzcuaro, visita e interactúa con una familia artesana; disfruta de demostraciones en vivo de laca perfilada, maque incrustado y pasta de caña de maíz en un espacio de aprendizaje y encuentro con el patrimonio vivo.","En el corazón de Pátzcuaro, visita e interactúa con una familia artesana; disfruta de demostraciones en vivo de laca perfilada, maque incrustado y pasta de caña de maíz en un espacio de aprendizaje y encuentro con el patrimonio vivo."
MIC-028,Sabores de Zirahuén,Michoacán,,,Mexico,,,,Handicrafts | Gastronomy,Saberes Tradicionales,Martha García Vargas,,,"Contempla el amanecer desde el lago mientras acompañas a la comunidad en una jornada de pesca artesanal. Aprende técnicas tradicionales de captura y prepara tu propio platillo con pescado fresco, descubriendo los sabores, saberes y la estrecha relación entre la comunidad y el agua.",,,,,,,,4341166622,,https://www.facebook.com/profile.php?id=100064027092755&rdid=mfsJq31EIhjn1FzJ&share_url=https%3A%2F%2Fwww.facebook.com%2Fshare%2F1CmLwuizUb%2F#,,PLATFORM VERSION 1 – Michoacán,,,,,,,"Ve el amanecer en el lago acompañando a la comunidad en su actividad de pesca artesanal. Aprende técnicas tradicionales de captura y cocina tu platillo con pescado fresco, descubriendo saberes y la profunda relación purépecha con el agua.","Ve el amanecer en el lago acompañando a la comunidad en su actividad de pesca artesanal. Aprende técnicas tradicionales de captura y cocina tu platillo con pescado fresco, descubriendo saberes y la profunda relación purépecha con el agua."
MIC-029,Abdón Punzo Galería,Michoacán,,,Mexico,,,,Handicrafts,Talleres,Carlos Punzo Chávez,,,"Descubre el arte del cobre martillado en Santa Clara del Cobre junto al maestro artesano Abdón Punzo Chávez. Conoce el proceso tradicional, participa en una práctica de martillado y admira piezas que reflejan la herencia, creatividad e identidad de este oficio ancestral.",,,,,,,,4433662394,,https://www.facebook.com/profile.php?id=61574940992100&locale=es_LA#,https://www.instagram.com/abdonpunzo.galeria?,PLATFORM VERSION 1 – Michoacán,,,,,,,"Descubre el cobre martillado en Santa Clara del Cobre. Junto a los maestros artesanos, conoce el proceso, practica el martillado y admira piezas únicas que reflejan la herencia, creatividad e identidad de este oficio ancestral.","Descubre el cobre martillado en Santa Clara del Cobre. Junto a los maestros artesanos, conoce el proceso, practica el martillado y admira piezas únicas que reflejan la herencia, creatividad e identidad de este oficio ancestral."
MIC-030,"Entre Agaves, Tradición y Aventura",Michoacán,,,Mexico,,,,Nature | Handicrafts | Gastronomy,Naturaleza,Crecenciano Ayala Téllez y Gabriel Escot Pérez,,,"Descubre San Francisco Etúcuaro combinando adrenalina, naturaleza y auténtica cultura mezcalera. Sobrevuela barrancas en la tirolesa monumental y recorre paisajes asombrosos en cuatrimoto. Cruza puentes colgantes, nada en una cascada y finaliza tu aventura comunitaria degustando mezcal artesanal con deliciosa gastronomía local dentro de una vinata tradicional.",,,,,,,,4341169393,,https://www.facebook.com/profile.php?id=100063476503592,https://www.instagram.com/etucuaro_ecotour?,PLATFORM VERSION 1 – Michoacán,,,,,,,"Descubre San Francisco Etúcuaro: adrenalina y cultura mezcalera. Vuela en tirolesa, recorre en cuatrimoto, cruza puentes colgantes y nada en una cascada. Finaliza degustando mezcal y la gastronomía local dentro de una vinata tradicional.","Descubre San Francisco Etúcuaro: adrenalina y cultura mezcalera. Vuela en tirolesa, recorre en cuatrimoto, cruza puentes colgantes y nada en una cascada. Finaliza degustando mezcal y la gastronomía local dentro de una vinata tradicional."
MIC-031,Ruta Biocultural Mazahua Ngumu,Michoacán,Zitácuaro,Macho de Agua; La Cumbre; Boca de la Cañada; Crescencio Morales; El Rincón; Rio de Guadalupe,Mexico,19.442521,-100.240688,,Nature | Handicrafts | Gastronomy,Gastronomía y actividades,Martín Zamora García,"Guía, comida, transporte, entradas y sanitarios.",Up to 10 people,"Vive la riqueza cultural de Crescencio Morales en Zitácuaro. Explora la impresionante mariposa monarca en su santuario, participa en la tradicional Ruta del Pulque y degusta platillos preparados por cocineras locales. Disfruta talleres de artesanías y medicina ancestral en una experiencia comunitaria que celebra la naturaleza e identidad indígena michoacana.",,,,,,,,7151106800,martozamora04@hotmail.es,https://www.facebook.com/profile.php?id=61585537419952,https://www.instagram.com/casadelaculturamazahua?igsh=NXV4YTIyOHhxY3J5,PLATFORM VERSION 1 – Michoacán,,,,,,,"Sé parte de la comunidad mazahua de Crescencio Morales. Explora el santuario monarca, haz la Ruta del Pulque o disfruta talleres de artesanías y medicina ancestral en una experiencia que celebra la naturaleza e identidad indígena.","Sé parte de la comunidad mazahua de Crescencio Morales. Explora el santuario monarca, haz la Ruta del Pulque o disfruta talleres de artesanías y medicina ancestral en una experiencia que celebra la naturaleza e identidad indígena."
MOR-001,"Zempoala, Senderos de Aventura y Conservación",Morelos,"Huitzilac, Ocuilan de Arteaga y Cuernavaca","Huitzilac, Santiago Atzingo y Santa María Ahuacatitlán",Mexico,19.029976,-99.274491,,History and archaeology | Nature | Hiking | Handicrafts | Gastronomy,Gastronomía y actividades,Ranulfo Maya Vargas,"10. Transporte con seguro del viajero, responsiva, seguro contra accidentes, guia de turista, botiquin de primeros auxilios, EPP, permiso y brazalete CONANP, Alimentos y bebida, Taller informativo y practico",Up to 60 people,"Vive una aventura de senderismo interpretativo y trekking en el Parque Nacional Lagunas de Zempoala. Explora miradores, lagos y el Gran Bosque de Agua con guías especializados, concecta con su biodiversidad e historia y disfruta de campamento, gastronomía tradicional, barbacoa, pulque, hongos silvestres y artesanías locales.",,,,,,,,7772221370 / 7773699267 / 7773673948,sierrachichinautzin@gmail.com,https://www.facebook.com/RANMAVA123?locale=es_LA,https://www.instagram.com/senderismosierrachichinautzin?utm_source=ig_web_button_share_sheet&igsh=ZDNlZDc0MzIxNw==,PLATFORM VERSION 1 – Morelos,,,,,,,"Vive una aventura de senderismo interpretativo y trekking en el Parque Nacional Lagunas de Zempoala. Explora el Gran Bosque de Agua con guías especializados, conecta con su biodiversidad y disfruta la gastronomía, pulque y artesanías de familias locales.","Vive una aventura de senderismo interpretativo y trekking en el Parque Nacional Lagunas de Zempoala. Explora el Gran Bosque de Agua con guías especializados, conecta con su biodiversidad y disfruta la gastronomía, pulque y artesanías de familias locales."
MOR-002,Ixti: El Rostro del Corazón,Morelos,Huitzilac,Huitzilac,Mexico,19.091091,-99.069619,,Nature | Gastronomy,Saberes Tradicionales,Miriam Acosta Aguilar,Ceremonia ancestral/ explicaciön /cosecha de agua miel /alimentos,Up to 30 people,"Adéntrate en un viaje para conocer los secretos del aguamiel, la tradición pulquera y los rituales prehispánicos a través de un recorrido por los campos de magueyes donde aprenderás sobre las técnicas de cultivo y degustarás aguamiel, pulque y comida tradicional morelense.",,,,,,,,7393930708 / 7775236251,ixtimaguey@gmail.com,https://www.facebook.com/corazondemagueyhuitzil,https://www.instagram.com/ixti_maguey?,PLATFORM VERSION 1 – Morelos,,,,,,,"Descubre los secretos del aguamiel, la tradición pulquera y los rituales prehispánicos en un recorrido por los campos de magueyes donde aprenderás sobre las técnicas de cultivo y degustarás aguamiel, pulque y comida tradicional morelense.","Descubre los secretos del aguamiel, la tradición pulquera y los rituales prehispánicos en un recorrido por los campos de magueyes donde aprenderás sobre las técnicas de cultivo y degustarás aguamiel, pulque y comida tradicional morelense."
MOR-003,Guardianes del Reino de los Hongos,Morelos,Cuernavaca,Santa Maria Ahuacatitlán,Mexico,18.985100,-99.273911,,Nature | Hiking | Gastronomy,Gastronomía y actividades,Marisa Hernández Pérez,Entrada de recorrido guía turístico 3 alimentos 1 noche de hospedaje,Up to 30 people,"A través del senderismo interpretativo y la degustación de platillos tradicionales, aprenderás sobre los hongos y su papel dentro del equilibrio ecológico del bosque, descubrirás distintas especies, métodos de conservación y te convertirás en un Guardián Honorario del Bosque.",,,,,,,,7771307553,hongosazules_ecoturismo@outlook.com,https://www.facebook.com/hongosazules/,https://www.instagram.com/bosquedeloshongosazules/,PLATFORM VERSION 1 – Morelos,,,,,,,"A través del senderismo interpretativo y la degustación de platillos, aprenderás sobre hongos y su papel en el equilibrio ecológico, descubrirás diversas especies, métodos de conservación y te volverás un Guardián Honorario del Bosque.","A través del senderismo interpretativo y la degustación de platillos, aprenderás sobre hongos y su papel en el equilibrio ecológico, descubrirás diversas especies, métodos de conservación y te volverás un Guardián Honorario del Bosque."
MOR-004,Entre Abejas y Flores,Morelos,Tepoztlán,San Andrés de la Cal,Mexico,18.987274,-99.105445,,Nature,Saberes Tradicionales,Adrian Cortés Conde,"Recepción y bienvenida por parte del equipo coordinador y la familia anfitriona. Presentación general de la experiencia y contextualizaci6n territorial, cultural y ambiental. Traslado interno hacia la comunidad de San Andrés de la Cal (según punto de encuentro establecido). Acceso al domicilio de la familia anfitriona y a las instalaciones del proyecto apícola. Charla educativa sobre la apicultura local y la relación entre abejas, flora y ecosistema. Recorrido interpretativo guiado por el entorno rural y senderos comunitarios. Identificaci6n de flora melifera y explicación de los ciclos de floración. Interpretaci6n ambiental del paisaje y de los servicios ecosistémicos de la polinización. Acceso a la zona de apiarios bajo supervision especializada. Demostración del manejo de colmenas y del proceso de producci6n de la miel. Explicacién técnica sobre la organizacion social y ciclo de vida de las abejas. Observaci6n directa de las colmenas con acompafiamiento del apicultor. Uso de equipo basico de protecci6n para la actividad apícola. Actividad vivencial de interacci6n controlada con el apiario. Espacio de reflexion final sobre conservación ambiental y saberes comunitarios. Atención personalizada durante toda la experiencia. Fotografia grupal de recuerdo.",Up to 20 people,"Descubre el fascinante mundo de la apicultura en San Andrés de la Cal junto a una familia apicultora. Recorre la flora melífera, conoce el ciclo de vida de las abejas y descubre su papel fundamental en la biodiversidad, la conservación de los ecosistemas y la economía local.",,,,,,,,7775653512,natural.adventures.tepoz@gmail.com,https://www.facebook.com/naturaladventures,https://www.instagram.com/naturaladventuresmx?utm_source=ig_web_button_share_sheet&igsh=ZDNlZDc0MzIxNw==,PLATFORM VERSION 1 – Morelos,,,,,,,"Aprende sobre apicultura en San Andrés de la Cal junto a una familia apicultora. Recorre la flora melífera, conoce el ciclo de vida de las abejas y descubre su papel fundamental en la conservación de los ecosistemas y la economía local.","Aprende sobre apicultura en San Andrés de la Cal junto a una familia apicultora. Recorre la flora melífera, conoce el ciclo de vida de las abejas y descubre su papel fundamental en la conservación de los ecosistemas y la economía local."
MOR-005,Corazón del Bosque,Morelos,Tepoztlán,Tepoztlán,Mexico,18.987239,-99.105403,,Nature | Hiking,Naturaleza,Adrian Cortés Conde,Servicio de guia turistico comunitario durante toda la experiencia. Interpretación cultural y natural del destino. Acceso a senderos y espacios comunitarios incluidos en el ititinerario. Uso del equipo necesario para la actividad (segun la experiencia). Actividades practicas o talleres contemplados en el recorrido. Seguro basico de participante durante la actividad (si aplica). Coordinaci6n y acompafiamiento del anfitrion local. Degustacion o productos incluidos dentro de la experiencia (cuando el ititinerario lo indique). Pagos comunitarios o cuotas de acceso previamente consideradas dentro del recorrido.,Up to 12 people,"Recorre en bicicleta los senderos del Valle de Tepoztlán y descubre paisajes únicos en una aventura para toda la familia. Visita el Santuario de los Venados, conoce la flora y fauna nativa y disfruta de una experiencia activa, educativa y sensorial en contacto con la naturaleza.",,,,,,,,7775653512,natural.adventures.tepoz@gmail.com,https://www.facebook.com/naturaladventures,https://www.instagram.com/naturaladventuresmx?utm_source=ig_web_button_share_sheet&igsh=ZDNlZDc0MzIxNw==,PLATFORM VERSION 1 – Morelos,,,,,,,"Recorre en bicicleta los senderos del Valle de Tepoztlán y descubre paisajes únicos. Visita el Santuario de los Venados, conoce la flora y fauna nativa y disfruta de una experiencia activa, educativa y sensorial en la naturaleza.","Recorre en bicicleta los senderos del Valle de Tepoztlán y descubre paisajes únicos. Visita el Santuario de los Venados, conoce la flora y fauna nativa y disfruta de una experiencia activa, educativa y sensorial en la naturaleza."
MOR-006,Relatos de mi Pueblo,Morelos,Tepoztlán,"Tepoztlán, San Sebastian",Mexico,18.987201,-99.105217,,History and archaeology | Nature | Hiking,Saberes Tradicionales,Adrian Cortés Conde,Recepción y bienvenida. Guia comunitario certificado o capacitado. Recorrido interpretativo por puntos emblematicos. Explicaci6n historica y narrativa oral. Organizaci6n y coordinación logistica del recorrido. Contribucién econ6émica directa al guia comunitario.,Up to 30 people,"Recorre las calles empedradas de Tepoztlán en una caminata nocturna guiada por un habitante local. Descubre leyendas, relatos de nahuales, apariciones y tradiciones ancestrales que revelan la historia, la memoria y el espíritu de la comunidad en una experiencia de turismo comunitario.",,,,,,,,7775653512,natural.adventures.tepoz@gmail.com,https://www.facebook.com/naturaladventures,https://www.instagram.com/naturaladventuresmx?utm_source=ig_web_button_share_sheet&igsh=ZDNlZDc0MzIxNw==,PLATFORM VERSION 1 – Morelos,,,,,,,"Recorre las calles empedradas de Tepoztlán en una caminata guiada por los habitantes locales. Descubre leyendas, relatos de nahuales y tradiciones ancestrales que revelan la historia, la memoria y el espíritu de la comunidad.","Recorre las calles empedradas de Tepoztlán en una caminata guiada por los habitantes locales. Descubre leyendas, relatos de nahuales y tradiciones ancestrales que revelan la historia, la memoria y el espíritu de la comunidad."
MOR-007,Fuego y Raíces,Morelos,Tepoztlán,Tepoztlán,Mexico,18.987201,-99.105217,,Nature | Gastronomy,Gastronomía y actividades,Adrian Cortés Conde,Recepción y bienvenida comunitaria. Acompañamiento y guía por parte de cocinera tradicional y equipo comunitario. Presentación e interpretación de ingredientes locales y patrimonio gastronómico. Uso de instalaciones comunitarias y cocina tradicional (fogón o cocina de leña). Uso de utensilios tradicionales necesarios para la preparación de los alimentos. Insumos e ingredientes requeridos para la elaboración de los platillos incluidos en la experiencia. Actividad participativa de preparación de alimentos. Degustación de los platillos elaborados durante la experiencia. Limpieza y organización del espacio al finalizar la actividad. Contribución económica directa a la cocinera tradicional y colaboradores comunitarios participantes.,,"Descubre la riqueza gastronómica de Tepoztlán a través de las cocinas de humo de tres comunidades. Guiado por cocineras tradicionales, disfruta recetas ancestrales que unen maíz, hierbas y sabores del territorio, mientras conectas con la memoria, la identidad y el patrimonio cultural de sus pueblos.",,,,,,,,7775653512,natural.adventures.tepoz@gmail.com,https://www.facebook.com/naturaladventures?locale=es_LA,https://www.instagram.com/naturaladventuresmx?utm_source=ig_web_button_share_sheet&igsh=ZDNlZDc0MzIxNw==,PLATFORM VERSION 1 – Morelos,,,,,,,"Conoce Tepoztlán a través de las cocinas de humo de tres comunidades. Guiado por cocineras tradicionales, disfruta recetas que unen los sabores del territorio y conecta con la identidad y el patrimonio cultural de los pueblos.","Conoce Tepoztlán a través de las cocinas de humo de tres comunidades. Guiado por cocineras tradicionales, disfruta recetas que unen los sabores del territorio y conecta con la identidad y el patrimonio cultural de los pueblos."
MOR-008,Ruta del Café Nativo,Morelos,Tepoztlán,"Barrio de la Santísima, Santiago Tepetlapa, Col. Los Ocotes",Mexico,18.992093,-99.100156,,Nature | Gastronomy,Gastronomía y actividades,José Cortés Garrido,"Guía, agua, baños, 1 bebida con auténtico café tepozteco",Up to 20 people,"Descubre el origen del café nativo de Tepoztlán recorriendo sus huertos y conociendo su cultivo, cosecha, tostado y molienda. Disfruta una cata guiada, cocina tradicional y relatos comunitarios que conectan el café con la biodiversidad, la agricultura y la identidad cultural del territorio.",,,,,,,,7775650459,cafenativotpz@gmail.com,https://www.facebook.com/profile.php?id=61579393513641&rdid=sOIb2iYzJif6FrMr&share_url=https%3A%2F%2Fwww.facebook.com%2Fshare%2F1CxxCLNPtX%2F#,https://www.instagram.com/cafenativotepoztlan_labarra?utm_source=qr&igsh=MTVzeWk3eGtoeXRxbw%3D%3D,PLATFORM VERSION 1 – Morelos,,,,,,,"Aprende sobre el café nativo de Tepoztlán. Conoce en los huertos su cultivo, cosecha, tostado y molienda tradicional. Disfruta de una cata guiada, y déjate envolver por los relatos que conectan el café con la identidad del trabajo comunitario.","Aprende sobre el café nativo de Tepoztlán. Conoce en los huertos su cultivo, cosecha, tostado y molienda tradicional. Disfruta de una cata guiada, y déjate envolver por los relatos que conectan el café con la identidad del trabajo comunitario."
MOR-009,Regreso al Vientre de la Madre Tierra,Morelos,Tepoztlán,Amatlán de Quetzalcóatl,Mexico,18.971658,-99.037099,,History and archaeology | Nature | Hiking | Gastronomy,Escenarios históricos,Manuel Villalba Campos,Se describen en la determinaci6n de precios.,Up to 72 people,"Visita guiada por la zona arqueológica de Centeopan, las pozas de Michatlahco y Nahualatl Quetzalcóatl y el museo comunitario. Descubrirás la historia y mitos que los rodean, así como los usos tradicionales de árboles y plantas medicinales y rituales.",,,,,,,,7773322734 / 7396881426,efedras@gmail.com,https://www.facebook.com/EcoturismoQuetzalcoatlTemachtianiSprDeRl,,PLATFORM VERSION 1 – Morelos,,,,,,,"Vive un retiro de bienestar en Tepoztlán. Reconecta con la Madre Tierra por medio del temazcal tradicional, senderos de herbolaria y la deliciosa cocina ancestral.","Vive un retiro de bienestar en Tepoztlán. Reconecta con la Madre Tierra por medio del temazcal tradicional, senderos de herbolaria y la deliciosa cocina ancestral."
MOR-010,Casa de la Mujer Campesina,Morelos,Tlayacapan,San Jose de los Laureles y Tlayacapan,Mexico,18.983430,-99.006699,,Nature | Gastronomy,Saberes Tradicionales,Clotilde Flores Flores,"PAQUETE 1 INCLUYE: 1 deesayuno 1 Comida Temazcal Taller de pomadas y chapún Taller de Nixtamalización PAQUETE 2 Taller de medicina tradicional (elaboración de pomadas y champús artesanales). Recorrido guiado al cerro de La Cumbre, dentro del Corredor Biológico Chichinauhtzin. Temazcal tradicional (incluyendo ceremonia de sanación). Coordinador de grupo para todas las actividades. Traslado interno de la comunidad de San José a Tlayacapan. Hospedaje en el hostal tipo europeo (1 noche). Desayuno, comida y cena del día 1. Desayuno y comida del día 2. Caminata libre por las calles de Tlayacapan, acompañados del guía. Coffee break de bienvenida y al final del recorrido del día 2. Transporte interno Nota: Las entradas a la Casa de la Cerería y al Convento de San Juan Bautista no están incluidas en el paquete. asi como propinas",Up to 44 people,"Vive una experiencia guiada por mujeres indígenas y campesinas que comparten los saberes del maíz, la medicina tradicional y el Temazcal. Descubre el origen del tlacoyo, disfruta de recetas ancestrales y conecta con la cosmovisión, el bienestar y los conocimientos tradicionales de San José de los Laureles.",,,,,,,,7775639680 / 7352490236 / 7352085419,infotazimor@gmail.com,https://www.facebook.com/profile.php?id=61586895110223&rdid=mxN60CMg8KFy2x8J&share_url=https%3A%2F%2Fwww.facebook.com%2Fshare%2F1Bvt4guEbR%2F#,,PLATFORM VERSION 1 – Morelos,,,,,,,"Vive una experiencia guiada por mujeres indígenas que comparten los saberes del maíz, la medicina tradicional y el Temazcal. Descubre el origen del tlacoyo, disfruta de recetas ancestrales y conecta con el territorio de San José de los Laureles.","Vive una experiencia guiada por mujeres indígenas que comparten los saberes del maíz, la medicina tradicional y el Temazcal. Descubre el origen del tlacoyo, disfruta de recetas ancestrales y conecta con el territorio de San José de los Laureles."
MOR-011,"Vida, Fuego y Tierra de los Volcanes",Morelos,"Jantetelco, Yecapixtla, Ocuituco, Tetela del Volcán, Hueyapan, Tochimilco","Chalcatzingo (Jantetelco); Ocuituco; Xochicalco (en Tetela del Volcán); Tetela del Volcán (cabecera); Hueyapan; San Antonio Alpanocan (Tochimilco, Puebla); Santa Cruz Cuautomatitla (Tochimilco, Puebla)",Mexico,18.894700,-98.728865,,Nature,Saberes Tradicionales,Mayra Martinez Ramon,La experiencia incluye: Experiencia Tiempero con actividad interpretativa comunitaria. Cena tradicional de bienvenida. 1 desayuno en el hotel Xantico Palace. 1 comida tradicional en Santa Cruz (cocina local). Visita guiada al Ex Convento de San Juan Bautista. 1 desayuno en el Centro Ecoturistico Piedra Rajada. Visita guiada a zona arqueolégica de la region. Acompañamiento permanente de Guia Certificado en Turismo Comunitario durante toda la ruta. Transporte redondo desde Ciudad de México (CDMX).,Up to 30 people,"A través de talleres gastronómicos, visitas guiadas y los saberes de los tiemperos, aprenderás sobre la relación entre los volcanes, la producción agroalimentaria y la memoria colectiva que dan identidad a las comunidades locales.",,,,,,,,7352441732,experiencias@xanticopalace.com,https://www.facebook.com/profile.php?id=61581064022822&mibextid=wwXIfr&rdid=YCoZoc5t9aPiqmNw&share_url=https%3A%2F%2Fwww.facebook.com%2Fshare%2F1dmkNzAAXv%2F%3Fmibextid%3DwwXIfr%26utm_source%3Dig%26utm_medium%3Dsocial%26utm_content%3Dlink_in_bio#,https://www.instagram.com/red_experiencias_comunitarias?utm_source=ig_web_button_share_sheet&igsh=ZDNlZDc0MzIxNw==,PLATFORM VERSION 1 – Morelos,,,,,,,"A través de talleres gastronómicos, visitas guiadas y los saberes de los tiemperos, aprenderás sobre la relación entre los volcanes, la producción agroalimentaria y la memoria colectiva que dan identidad a las comunidades locales.","A través de talleres gastronómicos, visitas guiadas y los saberes de los tiemperos, aprenderás sobre la relación entre los volcanes, la producción agroalimentaria y la memoria colectiva que dan identidad a las comunidades locales."
MOR-012,Neljuayotl Shupelik: Raíces Dulces,Morelos,Municipio Indigena de Hueyapan Morelos,Municipio Indigena de Hueyapan,Mexico,18.884929,-98.690701,,History and archaeology | Nature | Gastronomy,Comunidad y vida cotidiana,Andrea Lucia Rodriguez Andrade y Giovanna Morales Perez,"Pagos cubiertos: guia, acceso a huerta, desayuno y comida, actividades a realizar en la huerta, baño.",Up to 30 people,"Vive una experiencia que te invita a participar en la cosecha de frutos y aprender sobre la recolección de hongos y quelites, el calendario agrícola, el proceso de nixtamalización y la preparación de platillos emblemáticos y su conexión con la identidad comunitaria.",,,,,,,,7772662995,hueyapannonelyotl@gmail.com,https://www.facebook.com/profile.php?id=61578734636207&locale=es_LA,https://www.instagram.com/no.neljuayotl_h?utm_source=ig_web_button_share_sheet&igsh=ZDNlZDc0MzIxNw==,PLATFORM VERSION 1 – Morelos,,,,,,,"Una experiencia que te invita a participar en la cosecha de frutos y aprender sobre la recolección de hongos y quelites, el calendario agrícola, la nixtamalización, la preparación de platillos y su conexión con la identidad comunitaria.","Una experiencia que te invita a participar en la cosecha de frutos y aprender sobre la recolección de hongos y quelites, el calendario agrícola, la nixtamalización, la preparación de platillos y su conexión con la identidad comunitaria."
MOR-013,Conozcamos Nuestro Bosque,Morelos,Hueyapan,Hueyapan,Mexico,18.884951,-98.689895,,History and archaeology | Nature | Hiking | Handicrafts | Gastronomy,Gastronomía y actividades,José Antonio Montafio Marquez,1. Alimentos (2) $250 2. Traslado $120 3. Taller $50 4. Guia $80 5. Permisos acceso a zona comunal $10,Up to 40 people,"Vive una experiencia de ecoturismo comunitario en Hueyapan participando en reforestación, senderismo, recolección de hongos y conservación del bosque. Conoce su biodiversidad, historia y valores comunitarios, disfruta de cocina tradicional, productos locales, textiles con Indicación Geográfica y paisajes únicos en una experiencia para toda la familia.",,,,,,,,7352137140 / 7772229704 / 7353503503,yescastes@gmail.com,https://www.facebook.com/share/1BLa8dixZL/?mibextid=wwXIfr,,PLATFORM VERSION 1 – Morelos,,,,,,,"Vive una experiencia de ecoturismo comunitario participando en reforestación, senderismo y recolección de hongos. Conoce su historia y disfruta de la cocina tradicional, de los productos locales y de sus paisajes únicos.","Vive una experiencia de ecoturismo comunitario participando en reforestación, senderismo y recolección de hongos. Conoce su historia y disfruta de la cocina tradicional, de los productos locales y de sus paisajes únicos."
MOR-014,Entre Hilos y Sabores,Morelos,Municipio indígena de Hueyuepan,Municipio indígena de Hueyuepan,Mexico,18.880561,-98.686350,,History and archaeology | Nature | Hiking | Handicrafts | Gastronomy,Comunidad y vida cotidiana,"Cirila Aragón Cortéz, Margarita Torres Aragón","Cocina tradicional, exp. Gabaneras, exp. huerto_",Up to 15 people,"Vive una experiencia de cocina tradicional que integra la siembra de la milpa, senderismo interpretativo, elaboración de pan artesanal, conservas, curados frutales y prendas en telar de cintura. Disfruta del alojamiento en un hogar nahua y descubre la historia y la cosmovisión del territorio a través de los relatos comunitarios.",,,,,,,,7352051592 / 7351427001 / 7351103655,magomotores1984@gmail.com,,https://www.instagram.com/_entrehilosysabores?igsh=MXZiNWVpeG8wODhsbA%3D%3D&utm_source=ig_contact_invite,PLATFORM VERSION 1 – Morelos,,,,,,,"Vive una experiencia de cocina tradicional que une la siembra de la milpa, el senderismo interpretativo, la elaboración de pan artesanal, los curados frutales y las prendas en telar de cintura. Descubre los relatos comunitarios alojándote en el calor de un hogar nahua.","Vive una experiencia de cocina tradicional que une la siembra de la milpa, el senderismo interpretativo, la elaboración de pan artesanal, los curados frutales y las prendas en telar de cintura. Descubre los relatos comunitarios alojándote en el calor de un hogar nahua."
MOR-015,Cuentepec Extremo,Morelos,Cuentepec,Cuentepec,Mexico,18.868196,-99.327560,,Nature | Hiking | Handicrafts | Gastronomy,Naturaleza,Eduardo Hernandez Torres,"Elementos y servicios incluidos en el pago de la ETC El pago de la experiencia turistica comunitaria incluye los siguientes servicios y actividades contemplados dentro de los ititinerarios: Recepción y acompafamiento comunitario durante toda la experiencia. Guias locales comunitarios capacitados, quienes realizan la interpretaci6n ambiental y cultural del territorio. Curso basico de seguridad y técnica para rappel previo al inicio de las actividades de aventura. Renta y uso de equipo especializado para las actividades de turismo de aventura (arnés, casco, cuerdas, sistemas de descenso y equipo de seguridad). Recorridos guiados por senderos naturales, cuevas y zonas designadas para rappel y exploraci6n. Actividades recreativas y de aventura, como descenso en rappel y circuitos de tirolesa segun el ititinerario seleccionado. Recorrido cultural por la comunidad, incluyendo visita interpretativa para conocer la historia, tradiciones y vida cotidiana de Cuentepec. Talleres comunitarios, como demostraciones o experiencias participativas de alfareria y cesteria tradicional, itinerario. dependiendo del Alimentos incluidos en el programa, preparados por cocineras tradicionales o familias de la comunidad (desayuno, comida, cena o lunch segin el paquete). Hospedaje en campamento comunitario o area de descanso, cuando el ititinerario contempla experiencias de dos dias y una noche. Espacios de descanso y uso de instalaciones del parque comunitario durante el desarrollo de la experiencia. Acompañamiento logistico y coordinacién de actividades por parte del equipo comunitario durante toda la experiencia. Enfoque comunitario del servicio Seguro para el turista durante la actividad contratada Todos estos servicios son brindados directamente por habitantes de la comunidad indigena de Cuentepec, quienes participan como guias, anfitriones, cocineras tradicionales, instructores y personal de apoyo, garantizando que la experiencia turistica que contribuya al fortalecimiento de la economia local, la preservaci6n cultural y el respeto por el territor comunita",Up to 15 people,"Vive la fusión entre aventura y cultura en Temixco. Contempla las bellezas de la naturaleza desde puentes colgantes, tirolesas y senderos, y descubre los saberes ancestrales de la alfarería y la cestería, la riqueza de la lengua náhuatl y los sabores tradicionales que dan identidad a la comunidad de Cuentepec.",,,,,,,,7776234919 / 7776234916 / 7773077466,desarrolloecologicocuentepec@gmail.com,https://www.facebook.com/cuentepecextremodeportesdeaventura,,PLATFORM VERSION 1 – Morelos,,,,,,,"Contempla las bellezas de la naturaleza desde puentes colgantes, tirolesas y senderos, y aprende sobre la alfarería y la cestería, la riqueza de la lengua náhuatl y los sabores tradicionales que dan identidad a la comunidad de Cuentepec.","Contempla las bellezas de la naturaleza desde puentes colgantes, tirolesas y senderos, y aprende sobre la alfarería y la cestería, la riqueza de la lengua náhuatl y los sabores tradicionales que dan identidad a la comunidad de Cuentepec."
MOR-016,Tepalkame,Morelos,Temixco,Cuentepec,Mexico,18.859833,-99.327028,,History and archaeology | Handicrafts,Saberes Tradicionales,Juan Andrés Carriles,Material para realizar el taller asi como el instructor y el uso de las herramientas.,Up to 20 people,"Descubre la tradición alfarera de la comunidad indígena de Cuentepec elaborando piezas de barro con artesanas y artesanos locales. Aprende el proceso de creación de cazuelas, comales, macetas y figuras decorativas, mientras compartes conocimientos, historia e identidad que mantienen vivo este oficio tradicional.",,,,,,,,7779140415 / 7774571483 / 7774534636,,https://www.facebook.com/share/p/18iJjEFhrW/,https://www.instagram.com/carrilesmolinajuan/?utm_source=ig_web_button_share_sheet,PLATFORM VERSION 1 – Morelos,,,,,,,Descubre la tradición alfarera de la comunidad indígena de Cuentepec elaborando piezas de barro con artesanas y artesanos locales. Aprende el proceso de creación y sobre la historia e identidad que mantienen vivo este oficio tradicional.,Descubre la tradición alfarera de la comunidad indígena de Cuentepec elaborando piezas de barro con artesanas y artesanos locales. Aprende el proceso de creación y sobre la historia e identidad que mantienen vivo este oficio tradicional.
MOR-017,Chinelos Mágicos,Morelos,Yautepec,Colonia Alfredo Bonfil,Mexico,18.876439,-99.071397,,History and archaeology | Handicrafts | Gastronomy,Talleres,Cristal Flores Reyes,Artesania elaborada durante el taller,Up to 20 people,"Un vistazo por la historia y evolución del proceso de elaboración del traje de chinelo estilo Yautepec. Participarás en el proceso, tendrás la oportunidad de portar el traje, verás una demostración de la danza del chinelo y cerrarán con la degustación de una nieve artesanal.",,,,,,,,7773700139,chinelosmagicosagj@gmail.com,https://www.facebook.com/ChinelosMagicosAGJ,https://www.instagram.com/chinelosmagicosagj?utm_source=ig_web_button_share_sheet&igsh=ZDNlZDc0MzIxNw==,PLATFORM VERSION 1 – Morelos,,,,,,,"Conecta con la historia y aprende la evolución en la técnica de elaboración del traje de chinelo, estilo Yautepec. Participa en el proceso, porta el traje tradicional, admira una demostración de la danza del chinel mientras degustas las nieves artesanales.","Conecta con la historia y aprende la evolución en la técnica de elaboración del traje de chinelo, estilo Yautepec. Participa en el proceso, porta el traje tradicional, admira una demostración de la danza del chinel mientras degustas las nieves artesanales."
MOR-018,Cocina Tradicional Mashihua,Morelos,Cuautla,Cuautla,Mexico,18.856953,-98.937347,,Gastronomy,Gastronomía y actividades,Sofia Cruz,"Degustación gastronómica, explicación de los maíces naturales de la nixtamalización, cata de mezcales de Morelos y recorrido por el lugar.",Up to 100 people,"Un espacio de inmersión en arte, memoria histórica y alta cocina tradicional. De la mano de una cocinera tradicional y promotora cultural, adéntrate en una experiencia única que fusiona saberes ancestrales y sabores tradicionales, diseñada para preservar la identidad comunitaria y el patrimonio vivo en un viaje sensorial.",,,,,,,,7351851762 / 7352210987,esli_bello@yahoo.com.mx,https://www.facebook.com/share/1DKfWzTsJC/,https://www.instagram.com/casa_mashihua?igsh=MTlpZDlsOGNsZGxpbA%3D%3D&utm_source=qr,PLATFORM VERSION 1 – Morelos,,,,,,,"De la mano de una cocinera tradicional y promotora cultural, adéntrate en una experiencia que fusiona saberes ancestrales y sabores tradicionales, diseñada para preservar la identidad comunitaria y el patrimonio vivo en un viaje sensorial.","De la mano de una cocinera tradicional y promotora cultural, adéntrate en una experiencia que fusiona saberes ancestrales y sabores tradicionales, diseñada para preservar la identidad comunitaria y el patrimonio vivo en un viaje sensorial."
MOR-019,"Tiltixiaté: Sabores, Saberes y Tradición",Morelos,Jantetelco,Chalcatzingo,Mexico,18.689619,-98.774801,,Nature | Gastronomy,Gastronomía y actividades,Cristina Barranco Tadeo,"Renta de cabaña, tres alimentos, un masaje, una fogata, un cuentaleyendas y un guía de senderismo",Up to 100 people,"Vive a través de la gastronomía, la interpretación cultural y la participación comunitaria, el viaje ancestral del maíz, desde su conservación en el cuexcomate hasta su transformación en el tiltixiáte, una bebida tradicional que ha acompañado por generaciones a la región.",,,,,,,,7352463924 / 7351801936,ecoturismopiedrarajada@gmail.com,https://www.facebook.com/EcoturismoPiedraRajada/?locale=es_LA,https://www.instagram.com/ecoturismopiedrarajada?fbclid=IwY2xjawTB8etleHRuA2FlbQIxMABicmlkETFGSG9RMzc1cGdEd3pPNkNpc3J0YwZhcHBfaWQQMjIyMDM5MTc4ODIwMDg5MgABHpe3OegcMqA8MOy3CSLF1HwI5iAH-9u-alttpl613oiLNoIY6NT6ZA1tmnf-_aem_-eKmzTj0ypiSiep8qA6X1g,PLATFORM VERSION 1 – Morelos,,,,,,,"Vive a través de la gastronomía y la interpretación cultural, el viaje ancestral del maíz, desde su conservación en el cuexcomate hasta su transformación en tiltixiáte, bebida tradicional que ha acompañado por generaciones a la región.","Vive a través de la gastronomía y la interpretación cultural, el viaje ancestral del maíz, desde su conservación en el cuexcomate hasta su transformación en tiltixiáte, bebida tradicional que ha acompañado por generaciones a la región."
MOR-020,La Tigra: Senderos de Vida y Conservación,Morelos,Puente de Ixtla,La Tigra,Mexico,18.523703,-99.333232,,Nature | Hiking | Handicrafts | Gastronomy,Comunidad y vida cotidiana,Eliael Ortiz Reza,"Recepción y bienvenida comunitaria con aperitivo tradicional; servicio de guia comunitario durante toda la experiencia; senderismo interpretativo en la Reserva de la Biósfera Sierra de Huautla; acceso a senderos y mirador; actividades de interpretación ambiental y cultural (flora, fauna y usos medicinales); recorrido por la comunidad; visita a palenque tradicional de mezcal con explicación del proceso; degustación de mezcal para personas mayores de edad; acompañamiento y coordinación de la actividad por parte de la comunidad anfitriona.",Up to 20 people,"Adéntrate en la Sierra de Huautla con una experiencia de convivencia para vivir el día a día de la comunidad. Vivelo en la selva baja con actividades desde saberes de herbolaria, agricultura y cocina tradicional en viviendas vernáculas, hasta un recorrido y degustación de auténtico mezcal morelense.",,,,,,,,7341491253 / 5636208454,moreloslatigra@gmail.com,,https://www.instagram.com/paisajeytradicionlatigra/,PLATFORM VERSION 1 – Morelos,,,,,,,"Descubre la selva baja de la Sierra de Huautla en una experiencia de conservación y reforestación comunitaria, donde aprenderás sobre herbolaria, cocina tradicional y el proceso del mezcal artesanal.","Descubre la selva baja de la Sierra de Huautla en una experiencia de conservación y reforestación comunitaria, donde aprenderás sobre herbolaria, cocina tradicional y el proceso del mezcal artesanal."
NAY-001,Tour Rey Nayar,Nayarit,,,Mexico,,,,Gastronomy,Gastronomía y actividades,Jahir García Gonzalez,,,"Vive una inmersión mágica guiada por la comunidad naayeri, donde descubrirás sus sitios sagrados, talleres ancestrales y gastronomía única. Disfruta de un turismo responsable que preserva las hermosas tradiciones locales.",,,,,,,,3330485309,,https://www.facebook.com/profile.php?id=61592054544328&mibextid=wwXIfr&rdid=BpMVkwUl1JqiJ1qd&share_url=https%3A%2F%2Fwww.facebook.com%2Fshare%2F1EDAQMC6PF%2F%3Fmibextid%3DwwXIfr#,https://www.tiktok.com/@tour.operadora.na?_r=1&_t=ZS-980yon4Ey3w,PLATFORM VERSION 1 – Nayarit,,,,,,,"Vive una inmersión mágica guiada por la comunidad naayeri, donde descubrirás sus sitios sagrados, talleres ancestrales y gastronomía única. Disfruta de un turismo responsable que preserva las hermosas tradiciones locales.","Vive una inmersión mágica guiada por la comunidad naayeri, donde descubrirás sus sitios sagrados, talleres ancestrales y gastronomía única. Disfruta de un turismo responsable que preserva las hermosas tradiciones locales."
NAY-002,Real Mineral del Zopilote,Nayarit,,,Mexico,,,,History and archaeology | Nature | Hiking | Gastronomy,Naturaleza,Jesús Salas Torres,,,"En el Real Mineral del Zopilote vive una aventura que conecta naturaleza y cultura. Explora antiguas minas deslumbrantes llenas de cuarzos, refréscate en las hermosas cascadas de Las Taunas y recorre senderos históricos inolvidables. Culmina saboreando la gastronomía local en casa de Doña Susy.",,,,,,,,3111123649 / 3231367524 / 3113975194,,https://facebook.com/profile.php?id=100076645561591,,PLATFORM VERSION 1 – Nayarit,,,,,,,"En el Real Mineral del Zopilote conecta naturaleza y cultura. Explora antiguas minas con cuarzos, refréscate en las cascadas de Las Taunas, recorre senderos históricos y culmina saboreando gastronomía local con Doña Susy.","En el Real Mineral del Zopilote conecta naturaleza y cultura. Explora antiguas minas con cuarzos, refréscate en las cascadas de Las Taunas, recorre senderos históricos y culmina saboreando gastronomía local con Doña Susy."
NAY-003,Ostiones y Chivichangas,Nayarit,,,Mexico,,,,Handicrafts | Gastronomy,Gastronomía y actividades,Julio Mata Ceja,,,Vive una experiencia sustentable en Marismas Nacionales apoyando la conservación del estero. Aprende a elaborar una sarta ostrícola y artesanías con conchas. Navega hacia las balsas para degustar ostiones recién sacados del mar y deléitate preparando la inigualable chivichanga de ostión en el restaurante Ecomata.,,,,,,,,3231207789 / 3231184885 / 3231274473,,https://www.facebook.com/BOCADECAMICHIN/,https://www.instagram.com/ecoturismo_mata?igsh=enF3YjQ2Nm55OXI5,PLATFORM VERSION 1 – Nayarit,,,,,,,Vive la conservación en Marismas Nacionales. Aprende a elaborar sartas ostrícolas y artesanías con conchas. Navega para degustar ostiones frescos y prepara la inigualable chivichanga de ostión en el restaurante Ecomata.,Vive la conservación en Marismas Nacionales. Aprende a elaborar sartas ostrícolas y artesanías con conchas. Navega para degustar ostiones frescos y prepara la inigualable chivichanga de ostión en el restaurante Ecomata.
NAY-004,Buceo En Las Isabeles,Nayarit,,,Mexico,,,,Gastronomy,Gastronomía y actividades,Roberto Mata Rentería,,,"Explora el encanto de Isla Isabel desde Boca de Camichín. Saborea exquisitos mariscos y conoce el cultivo de ostiones antes de navegar hacia esta área natural protegida. Acampa bajo las estrellas, sumérgete en emocionantes buceos diurnos y nocturnos, y maravíllate con la impresionante biodiversidad marina y la pesca tradicional local.",,,,,,,,3231184885 / 3111123240,,https://www.facebook.com/BOCADECAMICHIN/,https://www.instagram.com/ecoturismo_mata?igsh=enF3YjQ2Nm55OXI5,PLATFORM VERSION 1 – Nayarit,,,,,,,"Desde Boca de Camichín, saborea mariscos y navega hacia Isla Isabel. Acampa bajo las estrellas, disfruta emocionantes buceos diurnos y nocturnos, y maravíllate con la biodiversidad marina y la pesca tradicional local.","Desde Boca de Camichín, saborea mariscos y navega hacia Isla Isabel. Acampa bajo las estrellas, disfruta emocionantes buceos diurnos y nocturnos, y maravíllate con la biodiversidad marina y la pesca tradicional local."
NAY-005,Sabores y Saberes del Colorin,Nayarit,,,Mexico,,,,Handicrafts | Gastronomy,Gastronomía y actividades,Marcelino Elijio de la Cruz,,,"Navega por la presa de Aguamilpa y descubre la comunidad de El Colorín. Disfruta de una comida típica local, admira el arte tradicional en chaquira y bordados, y vive la experiencia de la pesca tradicional en un recorrido guiado único.",,,,,,,,,,https://www.facebook.com/saboressaberesyredesdelcolorin,,PLATFORM VERSION 1 – Nayarit,,,,,,,"Navega por la presa de Aguamilpa y descubre la comunidad de El Colorín. Disfruta de una comida típica local, admira el arte tradicional en chaquira y bordados, y vive la experiencia de la pesca tradicional en un recorrido guiado único.","Navega por la presa de Aguamilpa y descubre la comunidad de El Colorín. Disfruta de una comida típica local, admira el arte tradicional en chaquira y bordados, y vive la experiencia de la pesca tradicional en un recorrido guiado único."
NAY-006,Potrero de la Palmita,Nayarit,,,Mexico,,,,Nature,Comunidad y vida cotidiana,Buenaventura de la Cruz Medrano,,,"Únete a esta auténtica experiencia liderada por mujeres wixárikas y sumérgete en su cosmovisión. Camina al amanecer por el Cerro Cuate, aprende a crear arte en chaquira, hospédate en cabañas ecológicas y recibe una limpia ceremonial por un sabio de la comunidad.",,,,,,,,3113761283,,,https://www.instagram.com/cabanastawexikta/,PLATFORM VERSION 1 – Nayarit,,,,,,,"Únete a mujeres wixárikas y vive su cosmovisión. Camina al amanecer por el Cerro Cuate, crea arte en chaquira, hospédate en cabañas ecológicas y recibe una sanadora limpia ceremonial de un sabio de la comunidad.","Únete a mujeres wixárikas y vive su cosmovisión. Camina al amanecer por el Cerro Cuate, crea arte en chaquira, hospédate en cabañas ecológicas y recibe una sanadora limpia ceremonial de un sabio de la comunidad."
NAY-007,Aldea Ojo Del Cielo,Nayarit,San Blas,Huaynamota; Puerto de Lindavista; Pintadeño,Mexico,21.576327,-105.059829,,Nature | Hiking,Naturaleza,Adolfo Cisneros Santana,"Hospedaje. Alimentos (1 desayuno, 2 comidas, 1 cena). Desarrollo de Actividades (Taller de derivados de mango, taller de productos de medicina natural, senderos interpretativos, lugares simbólicos o con historia en la comunidad). Ceremonia de Temazcal. Un producto derivado del mango. Renta de equipo especializado para actividades de aventura. Traslados (a los lugares donde se desarrolla la experiencia).",Up to 45 people,Descubre la magia de la Aldea Ojo del Cielo en Huaynamota. Conecta con la naturaleza recorriendo senderos selváticos hacia cascadas y manantiales sagrados. Aprende sobre medicina natural y productos de mango junto a mujeres locales. Admira antiguos petroglifos y renueva tu espíritu con una sanadora ceremonia de temazcal.,,,,,,,,3331011665,santanavalentin@hotmail.com,https://www.facebook.com/ojodelcielomx/?locale=es_LA,https://instagram.com/ojodelcielomx,PLATFORM VERSION 1 – Nayarit,,,,,,,"Descubre la Aldea Ojo del Cielo en Huaynamota. Recorre senderos hacia cascadas y manantiales. Aprende de medicina natural con mujeres locales, admira antiguos petroglifos y renueva tu espíritu con una ceremonia de temazcal.","Descubre la Aldea Ojo del Cielo en Huaynamota. Recorre senderos hacia cascadas y manantiales. Aprende de medicina natural con mujeres locales, admira antiguos petroglifos y renueva tu espíritu con una ceremonia de temazcal."
NAY-008,Ecoaldea Cascada de Luna,Nayarit,,,Mexico,,,,Nature | Hiking | Handicrafts | Gastronomy,Gastronomía y actividades,Abel Gonzalez Luna,,,"Descubre la Eco Aldea Cascada de Luna. Relájate en hermosas cabañas sustentables y disfruta de cascadas cristalinas. Emprende una fascinante caminata guiada hacia la Finca Los Cabrera, donde conocerás el proceso del café artesanal, pescarás en granjas acuícolas y degustarás exquisita tilapia fresca.",,,,,,,,3271034871 / 3111870228,,https://www.facebook.com/CascadadeLunaecoaldea,,PLATFORM VERSION 1 – Nayarit,,,,,,,"Descubre la Eco Aldea Cascada de Luna. Relájate en cabañas sustentables, disfruta cascadas y camina a la Finca Los Cabrera. Conoce el proceso del café artesanal, pesca en granjas acuícolas y degusta deliciosa tilapia fresca.","Descubre la Eco Aldea Cascada de Luna. Relájate en cabañas sustentables, disfruta cascadas y camina a la Finca Los Cabrera. Conoce el proceso del café artesanal, pesca en granjas acuícolas y degusta deliciosa tilapia fresca."
NAY-009,Cafe Molote,Nayarit,,,Mexico,,,,Gastronomy,Gastronomía y actividades,Manuel Bernal María de los Ángeles Espíndola,,,"Descubre el café nayarita en Compostela con la experiencia ""Del cafetal a la taza"". Explora parcelas bajo sombra, aprende todo sobre el proceso de beneficio y torrefacción, y participa envasando tu propia bolsa. Culmina este viaje biocultural degustando exquisitas bebidas, guiado por familias productoras locales.",,,,,,,,3111509340 / 3111979000,,https://www.facebook.com/profile.php?id=100063060978243,https://www.instagram.com/cafemolotemx/,PLATFORM VERSION 1 – Nayarit,,,,,,,"Descubre el café en Compostela ""Del cafetal a la taza"". Explora parcelas, aprende el proceso de beneficio y torrefacción, y envasa tu café. Degusta exquisitas bebidas guiado por familias productoras locales en este viaje biocultural.","Descubre el café en Compostela ""Del cafetal a la taza"". Explora parcelas, aprende el proceso de beneficio y torrefacción, y envasa tu café. Degusta exquisitas bebidas guiado por familias productoras locales en este viaje biocultural."
NAY-010,Naturaleza y Café Compostela,Nayarit,,,Mexico,,,,Nature | Hiking | Handicrafts | Gastronomy,Gastronomía y actividades,Jessica Judith Zepeda Plascencia,,,"Descubre la riqueza cafetalera de Compostela en un recorrido por Buenavista y La Lima. Disfruta de un desayuno campestre en Zitlala Camping con vistas espectaculares. Recorre senderos entre vestigios tecoxines para aprender sobre cultivo, cosecha y molienda artesanal del café, degustando sus sabores únicos y la exquisita gastronomía tradicional nayarita.",,,,,,,,3271128845 / 3271027860,,https://www.facebook.com/realvizcarracafe/?locale=es_LA,https://www.instagram.com/cafe_real.vizcarra?,PLATFORM VERSION 1 – Nayarit,,,,,,,"Descubre el café de Compostela en Buenavista y La Lima. Disfruta un desayuno en Zitlala Camping, recorre senderos con vestigios tecoxines, aprende del cultivo y molienda artesanal, y degusta café y gastronomía nayarita.","Descubre el café de Compostela en Buenavista y La Lima. Disfruta un desayuno en Zitlala Camping, recorre senderos con vestigios tecoxines, aprende del cultivo y molienda artesanal, y degusta café y gastronomía nayarita."
NAY-011,Ruta del Café Compostela,Nayarit,,,Mexico,,,,Hiking | Handicrafts | Gastronomy,Gastronomía y actividades,María Zepeda,,,"Explora las tradiciones de Cumbres de Huicicila con un delicioso desayuno campestre y sumérgete en el fascinante proceso del café artesanal, desde su cosecha hasta la taza. Disfruta de un sendero natural y rescata la cultura local antes de visitar Miravalles para degustar exquisitos vinos, licores y mermeladas de arándano.",,,,,,,,3271119301,,https://www.facebook.com/larutamagicadelcafe,,PLATFORM VERSION 1 – Nayarit,,,,,,,"Explora Cumbres de Huicicila con un desayuno campestre y conoce el proceso del café artesanal. Recorre senderos, rescata la cultura local y visita Miravalles para degustar vinos, licores y exquisitas mermeladas de arándano.","Explora Cumbres de Huicicila con un desayuno campestre y conoce el proceso del café artesanal. Recorre senderos, rescata la cultura local y visita Miravalles para degustar vinos, licores y exquisitas mermeladas de arándano."
NAY-012,Raíces del Agave,Nayarit,,,Mexico,,,,History and archaeology | Nature | Hiking | Gastronomy,Gastronomía y actividades,Rafael Gonzalez y Ricardo Rodríguez,,,"Descubre ""Raíces del Agave"" en Tequilita, una auténtica experiencia comunitaria inolvidable. Explora fascinantes paisajes agaveros, hermosos senderos naturales y una mística cueva con cascada. Deléitate con la gastronomía tradicional y tortillas de maíz azul, maravíllate con la arqueología local y concluye tu aventura con una exquisita degustación de tequila regional.",,,,,,,,3112470888 / 8125954266 / 3271096784,,https://www.facebook.com/AgaveTequilita/about/,,PLATFORM VERSION 1 – Nayarit,,,,,,,"Descubre ""Raíces del Agave"" en Tequilita. Explora paisajes agaveros, senderos y una mística cueva con cascada. Disfruta gastronomía local con tortillas azules, admira la arqueología y concluye con una rica degustación de tequila.","Descubre ""Raíces del Agave"" en Tequilita. Explora paisajes agaveros, senderos y una mística cueva con cascada. Disfruta gastronomía local con tortillas azules, admira la arqueología y concluye con una rica degustación de tequila."
NAY-013,Sentipensares de mi Comunidad,Nayarit,,,Mexico,,,,Nature | Hiking | Gastronomy,Gastronomía y actividades,Fanny Sarahí Delgado Solano,,,"Conecta con la tierra en Coapan acampando entre huertos agroecológicos. Aprende los secretos del cultivo del emblemático maíz raza Jala y plantas medicinales. Disfruta la tradicional ordeña matutina con un clásico pajarete. Explora senderos volcánicos, elabora tu propia pomada de caléndula y descubre la magia del árbol que todo escucha.",,,,,,,,3241004971 / 3241086578,,https://www.facebook.com/huertoagroecologicocolibri/,,PLATFORM VERSION 1 – Nayarit,,,,,,,"Conecta con la tierra en Coapan acampando en huertos. Aprende a cultivar maíz Jala y plantas medicinales. Disfruta la ordeña matutina con pajarete, explora senderos volcánicos, elabora pomada de caléndula y descubre un árbol mágico.","Conecta con la tierra en Coapan acampando en huertos. Aprende a cultivar maíz Jala y plantas medicinales. Disfruta la ordeña matutina con pajarete, explora senderos volcánicos, elabora pomada de caléndula y descubre un árbol mágico."
NAY-014,Artesanías Con Milpa,Nayarit,,,Mexico,,,,Handicrafts | Gastronomy,Talleres,Teresa de Jesús Ramos Meza,,,"Descubre en Jala el Taller de la Hoja de Maíz, guiado por artesanas locales, aprenderás el proceso de selección y teñido de esta fibra natural. Conecta con el legado biocultural de la milpa y elabora paso a paso tu propia muñeca o flor tradicional.",,,,,,,,3241044081,,https://www.facebook.com/profile.php?id=100063298475829,https://www.instagram.com/manosmagicasjala/,PLATFORM VERSION 1 – Nayarit,,,,,,,"En el Taller de la Hoja de Maíz en Jala, artesanas locales te enseñarán a seleccionar y teñir esta fibra. Conecta con el legado de la milpa y elabora paso a paso tu muñeca o flor tradicional.","En el Taller de la Hoja de Maíz en Jala, artesanas locales te enseñarán a seleccionar y teñir esta fibra. Conecta con el legado de la milpa y elabora paso a paso tu muñeca o flor tradicional."
NAY-015,Pesca en La Barra,Nayarit,,,Mexico,,,,Nature,Naturaleza,Moises Castañeda,,,,,,,,,,,3891199781,,https://www.facebook.com/Castaneda.ecotours,,PLATFORM VERSION 1 – Nayarit,,,,,,,Conoce la herencia pesquera en La Barra dialogando con pescadores locales y explorando su oficio. Culmina navegando en lancha por manglares para avistar aves y un islote natural.,Conoce la herencia pesquera en La Barra dialogando con pescadores locales y explorando su oficio. Culmina navegando en lancha por manglares para avistar aves y un islote natural.
NAY-016,Rancho Chiota,Nayarit,,,Mexico,,,,Handicrafts | Gastronomy,Gastronomía y actividades,Onesimo Estrada Herrera,,,,,,,,,,,3111495373,,https://www.facebook.com/p/Chiota-100079285345438/,,PLATFORM VERSION 1 – Nayarit,,,,,,,"Descubre huertos de arándanos y maracuyá en Rancho Chiota. Escucha leyendas locales, aprende a deshidratar frutas y disfruta una cata de vinos artesanales con quesos regionales.","Descubre huertos de arándanos y maracuyá en Rancho Chiota. Escucha leyendas locales, aprende a deshidratar frutas y disfruta una cata de vinos artesanales con quesos regionales."
NAY-017,La Tovara,Nayarit,,,Mexico,,,,Nature,Naturaleza,Sixto Luis Ledezma Martínez,,,,,,,,,,,3231169997,,https://www.facebook.com/profile.php?id=61576820570248,,PLATFORM VERSION 1 – Nayarit,,,,,,,"Navega por los manglares de La Tovara guiado por locales. Observa aves y cocodrilos, aprende del ecosistema y relájate nadando en manantiales de aguas cristalinas.","Navega por los manglares de La Tovara guiado por locales. Observa aves y cocodrilos, aprende del ecosistema y relájate nadando en manantiales de aguas cristalinas."
OAX-001,Kongui Mil Islas,Oaxaca,San Miguel Soyaltepec,Temascal; Isla Soyaltepec el Viejo,Mexico,18.233178,-96.418476,,Nature | Hiking | Handicrafts | Gastronomy,Comunidad y vida cotidiana,María de Jesús Gómez Torres,"Alimentación, accesos, actividades de itinerario, guía, hospedaje",Up to 20 people,"Explora ""Kongui Mil Islas"" en Soyaltepec, una aventura que fusiona expediciones en lancha, avistamiento de aves y senderismo. Sumérgete en la cultura visitando una iglesia del siglo XVI, conoce a artesanas locales y disfruta de rituales, danza y gastronomía tradicional.",,,,,,,,2741361351 / 9581101048,cesar@sienteoaxaca.com,https://www.facebook.com/KonguiNaxijen/,https://www.instagram.com/kongui.temascal/,PLATFORM VERSION 1 – Oaxaca,,,,,,,"Explora ""Kongui Mil Islas"" en Soyaltepec con paseos en lancha, aves y senderismo. Visita su iglesia del siglo XVI, conoce a artesanas locales, disfruta rituales, danzas y la deliciosa gastronomía tradicional oaxaqueña.","Explora ""Kongui Mil Islas"" en Soyaltepec con paseos en lancha, aves y senderismo. Visita su iglesia del siglo XVI, conoce a artesanas locales, disfruta rituales, danzas y la deliciosa gastronomía tradicional oaxaqueña."
OAX-002,Santiago Apoala,Oaxaca,Santiago Apoala,Santiago Apoala,Mexico,17.651086,-97.138043,,History and archaeology | Nature | Handicrafts,Escenarios históricos,Joel Misael Jiménez Pérez,"El guía, uso de cascos y lámparas",Up to 12 people,"Sumérgete en la cultura mixteca con esta travesía por paisajes rocosos y cañones sagrados. Explora cascadas, grutas y pinturas rupestres mientras aprendes sobre códices y lengua original. Vive la tradición con talleres artesanales y conecta profundamente con la historia viva de Oaxaca.",,,,,,,,9517239668 / 9516455125 / 9515797013,joel_misael87@outlook.com,https://www.facebook.com/profile.php?id=100076323005001&locale=nn_NO#,https://www.instagram.com/ecoturismoapoala?igsh=MXBuaHFwOGV1YXRzNw==,PLATFORM VERSION 1 – Oaxaca,,,,,,,"Explora cañones sagrados, cascadas y pinturas rupestres en la Mixteca. Aprende sobre códices, lenguas originarias y vive la tradición con talleres artesanales, conectando profundamente con la invaluable historia viva de Oaxaca.","Explora cañones sagrados, cascadas y pinturas rupestres en la Mixteca. Aprende sobre códices, lenguas originarias y vive la tradición con talleres artesanales, conectando profundamente con la invaluable historia viva de Oaxaca."
OAX-003,Recorre los Primeros Pueblos Mixtecos,Oaxaca,"Santo Domingo Yanhuitlán, San Juan Yucuita y Santa Maria Chachoapam","Santo Domingo Yanhuitlán, San Juan Yucuita y Santa Maria Chachoapam",Mexico,17.068600,-96.720492,,History and archaeology | Handicrafts | Gastronomy,Comunidad y vida cotidiana,Vicente Élfego Avendaño Gutierrez,"Servicios incluidos: -Transporte local Yanhuitlán -Comunidades. -Guías locales -1 taller ""colores de la tierra"" -Acceso a museo comunitario Yucuita -Hospedaje por 1 noche en habitación de hotel comunitario - Alimentos (2 desayunos, una comida y una cena)",Up to 20 people,"Recorre junto a guías locales los pueblos más antiguos de la Mixteca Alta y descubre centros ceremoniales, plantas medicinales, paisajes y vestigios de cerámica ancestral. Culmina la experiencia con la hospitalidad de familias locales y disfruta de su gastronomía y productos tradicionales.",,,,,,,,9511436046 / 9514557462,geoparque.mixtecaalta@gmail.com,https://www.facebook.com/profile.php?id=100063602033062&locale=es_LA,https://www.instagram.com/mixtecaaltageopark/,PLATFORM VERSION 1 – Oaxaca,,,,,,,"Recorre la Mixteca Alta con guías locales. Descubre centros ceremoniales, herbolaria y cerámica ancestral. Finaliza disfrutando la hospitalidad, productos y la exquisita gastronomía tradicional de nuestras familias.","Recorre la Mixteca Alta con guías locales. Descubre centros ceremoniales, herbolaria y cerámica ancestral. Finaliza disfrutando la hospitalidad, productos y la exquisita gastronomía tradicional de nuestras familias."
OAX-004,Mixteca Alta,Oaxaca,Santo Domingo Yanhuitlán; Santo Domingo Tonaltepec; San Bartolo Soyaltepec,"Yanhuitlán, Vista Hermosa, Tonaltepec, Soyaltepec, Gavillera",Mexico,17.526656,-97.343345,,History and archaeology | Nature | Hiking | Handicrafts,Escenarios históricos,Xóchitl Ramírez Miguel,"Alimentos, Hospedaje, transportación al interior y actividades de Itinerario",Up to 20 people,"Explora las ""Tierras de Colores"" del Geoparque Mixteca Alta en una aventura inolvidable. Recorre geosenderos entre fósiles y formaciones rojizas, visita monumentos históricos del siglo XVI y participa en talleres ancestrales de cerámica y pigmentos naturales.",,,,,,,,5551006146,geoparque.mixtecaalta@gmail.com,https://www.facebook.com/p/Mixteca-Alta-Unesco-Global-Geopark-100063602033062/,https://www.instagram.com/mixtecaaltageopark/,PLATFORM VERSION 1 – Oaxaca,,,,,,,"Explora el Geoparque Mixteca Alta. Recorre geosenderos entre fósiles y formaciones rojizas, visita monumentos del siglo XVI y participa en fascinantes talleres ancestrales de cerámica y elaboración de pigmentos naturales.","Explora el Geoparque Mixteca Alta. Recorre geosenderos entre fósiles y formaciones rojizas, visita monumentos del siglo XVI y participa en fascinantes talleres ancestrales de cerámica y elaboración de pigmentos naturales."
OAX-005,Rancho San Pedro,Oaxaca,,,Mexico,,,,History and archaeology | Nature | Gastronomy,Escenarios históricos,Misael Alavez Pérez,,,,,,,,,,,9515240030,,,,PLATFORM VERSION 1 – Oaxaca,,,,,,,"Hospédate en las cabañas de Rancho San Pedro. Descubre pinturas rupestres, un increíble mirador, cícadas protegidas, museo e iglesia comunitaria. Disfruta deliciosa comida tradicional con hongos y frutas de temporada.","Hospédate en las cabañas de Rancho San Pedro. Descubre pinturas rupestres, un increíble mirador, cícadas protegidas, museo e iglesia comunitaria. Disfruta deliciosa comida tradicional con hongos y frutas de temporada."
OAX-006,Senderos Del Otro Lado Del Agua,Oaxaca,San Juan Evangelista Analco,San Juan Evangelista Analco,Mexico,17.403880,-96.531260,,History and archaeology | Nature | Hiking | Gastronomy,Naturaleza,Francisco Pacheco Pérez,"- Una noche de hospedaje en cabaña - 3 alimentos (Cena, desayuno y comida) - Guía - Agua",Up to 20 people,"Vive una aventura inolvidable en este centro ecoturístico, explorando senderos que conectan bosques templados y zonas cálidas. Disfruta un recorrido histórico-cultural, paseos en lancha por la laguna y una emocionante expedición a las grutas al amanecer. Hospédate en acogedoras cabañas y deléitate con la gastronomía local en una experiencia total.",,,,,,,,9511038563,comisariadoanalco@gmail.com,https://www.facebook.com/ecoturismo.laatziduu/,,PLATFORM VERSION 1 – Oaxaca,,,,,,,"Explora senderos entre bosques y zonas cálidas en este centro ecoturístico. Disfruta recorridos culturales, paseos en lancha, expedición a grutas al amanecer, hospedaje en cabañas y deliciosa gastronomía local en una experiencia total.","Explora senderos entre bosques y zonas cálidas en este centro ecoturístico. Disfruta recorridos culturales, paseos en lancha, expedición a grutas al amanecer, hospedaje en cabañas y deliciosa gastronomía local en una experiencia total."
OAX-007,El bosque mesófilo y grutas,Oaxaca,Ixtlán de Juárez,Ixtlán de Juárez,Mexico,17.329720,-96.454670,,History and archaeology | Nature | Gastronomy,Naturaleza,Diego Pérez Sánchez,Hospedaje Alimentación Actividades Pago de Accesos,Up to 40 people,"Descubre la majestuosidad de Ixtlán de Juárez en una travesía inolvidable. Explora el bosque mesófilo, recorre impresionantes grutas y desafía tus sentidos en el mirador de cristal más alto de Latinoamérica. Conecta con la historia local, degusta la cocina serrana y descansa en cabañas rodeadas de la magia del bosque.",,,,,,,,9515536075 / 9511566712,ecoturixtlan@hotmail.com,https://www.facebook.com/ecoturismoixtlan/?locale=es_LA,https://www.instagram.com/ecoturixtlan.spr.de.rl/,PLATFORM VERSION 1 – Oaxaca,,,,,,,"Descubre Ixtlán de Juárez explorando el bosque mesófilo y grutas. Desafía tus sentidos en el mirador de cristal más alto de Latinoamérica, degusta la cocina serrana y descansa en cabañas rodeadas de magia natural.","Descubre Ixtlán de Juárez explorando el bosque mesófilo y grutas. Desafía tus sentidos en el mirador de cristal más alto de Latinoamérica, degusta la cocina serrana y descansa en cabañas rodeadas de magia natural."
OAX-008,"Guelatao, Sendero De Historia Y Aventura.",Oaxaca,Guelatao de Juárez,Guelatao de Juárez,Mexico,17.318511,-96.493323,,History and archaeology | Nature | Hiking | Gastronomy,Comunidad y vida cotidiana,Adriana Saraí López Paz- Guía comunitario; Alain Arain Santiago Garcia- Pte del Comisariado de Bienes Comunales,"Incluye: -Hospedaje en cabaña, sistema compartido -Alimentación: 2 desayunos y una cena -1 taller gastronómico -1 función de cine -2 recorridos guiados",Up to 4 people,"Vive la cuna de Benito Juárez a través de una inmersión comunitaria única. Explora paisajes serranos con senderismo interpretativo, disfruta del cine comunitario y talleres de cocina tradicional mientras te hospedas en acogedoras cabañas. La fusión perfecta entre patrimonio histórico, naturaleza e identidad colectiva.",,,,,,,,9515536010 / 9512033379 / 9516105338,na.guelatao@gmail.com,https://www.facebook.com/profile.php?id=61575213825019&locale=es_LA,https://www.instagram.com/guela_tao?utm_source=ig_web_button_share_sheet&igsh=ZDNlZDc0MzIxNw%3D%3D,PLATFORM VERSION 1 – Oaxaca,,,,,,,"Vive la cuna de Benito Juárez con esta inmersión comunitaria. Explora sierras haciendo senderismo, disfruta cine local, talleres de cocina tradicional y descansa en cabañas. Una gran fusión de historia, naturaleza e identidad colectiva.","Vive la cuna de Benito Juárez con esta inmersión comunitaria. Explora sierras haciendo senderismo, disfruta cine local, talleres de cocina tradicional y descansa en cabañas. Una gran fusión de historia, naturaleza e identidad colectiva."
OAX-009,Capulalpam Mágico,Oaxaca,Capulálpam de Méndez,Capulálpam de Méndez,Mexico,17.306697,-96.446622,,History and archaeology | Nature | Gastronomy,Comunidad y vida cotidiana,"Pedro Altamirano Vásquez, Martha Martínez López, Antonio Arreortua Ramírez, Reyna Avendaño","Experiencia Turística: Naturaleza, historia, cultura y sanación mágica en Capulálpam de Méndez. La experiencia se desarrolla durante cuatro días e incluye recibimiento con limpia y masaje tradicional; hospedaje en cabañas comunitarias; cena de bienvenida; visita a la UMA de venados; desayuno en una casa de la comunidad; visita al Centro Medicinal Indígena Calpulli; Sendero de Pies Descalzos; comidas en Los Molinos; masajes y limpias; caminata a la Cueva con los Ojos Cerrados; Sendero del Canal; baño de temazcal; recorrido por el pueblo; visita al taller Jugueti Arte; comida; un taller comunitario a elegir (gastronomía, medicina tradicional, pan o conservas/ates); y participación en música y baile tradicional.",Up to 20 people,"Descubre Capulálpam de Méndez, un Pueblo Mágico que equilibra naturaleza, cultura y bienestar. Recorre sus bosques serranos, admira el templo de San Mateo y maravíllate con el avistamiento de aves. Sana cuerpo y espíritu con masajes tradicionales o un temazcal, y deléitate con la gastronomía oaxaqueña en esta experiencia inolvidable.",,,,,,,,9515392168 / 9513436882 / 9515325092,reservacionesecoturismo@gmail.com,https://www.facebook.com/ecoturismocomunitariocapulalpam/?locale=es_LA,,PLATFORM VERSION 1 – Oaxaca,,,,,,,"Descubre Capulálpam, Pueblo Mágico. Recorre bosques, admira su templo y observa aves. Relaja cuerpo y mente con un temazcal o masaje tradicional, y deléitate con la rica gastronomía oaxaqueña en esta experiencia única.","Descubre Capulálpam, Pueblo Mágico. Recorre bosques, admira su templo y observa aves. Relaja cuerpo y mente con un temazcal o masaje tradicional, y deléitate con la rica gastronomía oaxaqueña en esta experiencia única."
OAX-010,Medicina Tradicional Indigena,Oaxaca,Capulálpam de Méndez,Capulálpam de Méndez,Mexico,17.304038,-96.445654,,Handicrafts,Saberes Tradicionales,Eliza Herrera Ortiz,Incluye: -Limpia de energía -Masaje curativo -Baño de temascal -Cerrada con reboso -Té e hidratación -Pago de acceso a la comunidad,Up to 20 people,"Siente el misticismo de Manos que curan. Libera tensiones con una limpia herbolaria, sana músculos mediante masajes terapéuticos y purifica toxinas dentro de un temazcal zapoteca de adobe. Culmina alineando tu energía con la ancestral cerrada de rebozo. El refugio perfecto para armonizar mente, cuerpo y espíritu.",,,,,,,,9511819874 / 9512783789,manosqcuran.salud@gmail.com,https://www.facebook.com/capulalpammanosquecuran?locale=es_LA,https://www.instagram.com/manosquecuran.capulalpam?utm_source=ig_web_button_share_sheet&igsh=ZDNlZDc0MzIxNw==,PLATFORM VERSION 1 – Oaxaca,,,,,,,"Experimenta ""Manos que curan"". Libera tensiones con limpia herbolaria, sana músculos con masajes y purifícate en un temazcal zapoteca de adobe. Alinea tu energía con la cerrada de rebozo y armoniza mente, cuerpo y espíritu.","Experimenta ""Manos que curan"". Libera tensiones con limpia herbolaria, sana músculos con masajes y purifícate en un temazcal zapoteca de adobe. Alinea tu energía con la cerrada de rebozo y armoniza mente, cuerpo y espíritu."
OAX-011,Yaa Gatzi - San Miguel Amatlan,Oaxaca,San Miguel Amatlán,San Miguel Amatlán,Mexico,17.278279,-96.474064,,History and archaeology | Nature | Hiking,Escenarios históricos,Laurencio Martínez López,-Guía local para la caminata -Recorrido por 3 minas -Comida en el rescate (platillo de trucha) -Visita a museo comunitario -Seguro de viajero -Acceso a Pueblos Mancomunados,Up to 30 people,"Explora San Miguel Amatlán, un tesoro zapoteco en la Sierra Norte de Oaxaca. Recorre senderos entre bosques de encino, adéntrate en antiguas minas de oro y plata, y descubre vestigios coloniales. Finaliza esta aventura con una deliciosa trucha fresca y visita el museo comunitario. ¡Una conexión viva con la historia!",,,,,,,,9513441228 / 9512109235 / 9512585903,ecoturismoyaagatsi@gmail.com,https://www.facebook.com/centroecoturisticoyagaatzi.sanmiguelamatlan/,https://www.instagram.com/ecoturismo_yaa_gatzi.23?utm_source=ig_web_button_share_sheet&igsh=ZDNlZDc0MzIxNw==,PLATFORM VERSION 1 – Oaxaca,,,,,,,"Explora San Miguel Amatlán. Recorre bosques de encino, antiguas minas y vestigios coloniales en la Sierra Norte. Degusta deliciosa trucha fresca y visita su museo comunitario. ¡Una conexión viva con la historia zapoteca!","Explora San Miguel Amatlán. Recorre bosques de encino, antiguas minas y vestigios coloniales en la Sierra Norte. Degusta deliciosa trucha fresca y visita su museo comunitario. ¡Una conexión viva con la historia zapoteca!"
OAX-012,Lachatao,Oaxaca,Santa Catarina lachatao,Sta Catarina lachatao,Mexico,17.268719,-96.473193,,Nature | Hiking | Gastronomy,Saberes Tradicionales,Ali Santiago Hernandez,INCLUYE: -Desayuno -Recorrido al cerro dle jaguar -Temazcal ceremonial -Comida,Up to 10 people,"Descubre la espiritualidad zapoteca en Santa Catarina Lachatao. Inicia con una caminata ceremonial al sagrado Cerro del Jaguar, un sitio de inmensa energía ancestral. Purifica tu cuerpo y espíritu con un baño de temazcal tradicional y culmina saboreando la gastronomía serrana. ¡Una conexión profunda con la naturaleza y herencia viva!",,,,,,,,9511597194,expedicioneslachatao@gmail.com,https://www.facebook.com/Lachataoexpediciones,,PLATFORM VERSION 1 – Oaxaca,,,,,,,"Descubre la espiritualidad zapoteca en Lachatao. Camina al sagrado Cerro del Jaguar, purifícate con un baño de temazcal tradicional y saborea la gastronomía serrana. ¡Una profunda conexión con la naturaleza y la herencia viva!","Descubre la espiritualidad zapoteca en Lachatao. Camina al sagrado Cerro del Jaguar, purifícate con un baño de temazcal tradicional y saborea la gastronomía serrana. ¡Una profunda conexión con la naturaleza y la herencia viva!"
OAX-013,Ñu Kunda Nkuiñi,Oaxaca,santiago tilantongo,"San José Tres Laguna, San José Zaragoza, Santiago Tilantongo centro, Monte Negro y Hermenegildo Galeana",Mexico,17.244726,-97.311098,,Nature,Comunidad y vida cotidiana,Jonathan Neftali Santos Santiago,"hospedaje, alimentacion, guia, accesos, equipo de seguridad, actividades y tranasporte para llegar al destino y dentro del destino.",Up to 30 people,"Vive una experiencia de turismo comunitario en Santiago Tilantongo con una inmersión en la vida local. Disfruta del hospedaje tradicional, convive con la comunidad y descubre su patrimonio natural, cultural y gastronómico en un ambiente auténtico y acogedor.",,,,,,,,9514405814,nukundaecoturismo@gmail.com,https://www.facebook.com/profile.php?id=61566452963702,https://www.instagram.com/nukunda_touroperadora?igsh=OHJ0MDU3Znpncndp,PLATFORM VERSION 1 – Oaxaca,,,,,,,"Vive el turismo comunitario en Santiago Tilantongo sumergiéndote en la vida local. Convive con la comunidad, disfruta hospedaje tradicional y descubre su rico patrimonio natural, cultural y gastronómico en un ambiente acogedor.","Vive el turismo comunitario en Santiago Tilantongo sumergiéndote en la vida local. Convive con la comunidad, disfruta hospedaje tradicional y descubre su rico patrimonio natural, cultural y gastronómico en un ambiente acogedor."
OAX-014,Latuvi,Oaxaca,Santa Catarina Lachatao,Latuvi,Mexico,17.188647,-96.514288,,Nature | Hiking | Gastronomy,Saberes Tradicionales,Henry Contreras Santiago,-Acceso a Pueblos Mancomunados -Guia para un recorrido en Caminata -Comida -Agua -Temazcal -Seguro,Up to 20 people,"Adéntrate en Latuvi a través de una caminata de 10 km por la ruta ""El Molcajete"" hacia una cascada oculta. Reconéctate en entornos boscosos, disfruta de la gastronomía tradicional local y revitaliza tu cuerpo y espíritu con una sesión de temazcal ancestral guiado por la comunidad.",,,,,,,,9517637957 / 9514303733 / 9513103904,ecoturismolatuvipm@gmail.com,https://www.facebook.com/share/1ETbBLvxio/?mibextid=wwXIfr,https://www.instagram.com/expediciones_sierra_norte?utm_source=ig_web_button_share_sheet&igsh=ZDNlZDc0MzIxNw==,PLATFORM VERSION 1 – Oaxaca,,,,,,,"Recorre 10 km en Latuvi por la ruta ""El Molcajete"" hacia una cascada oculta. Reconecta en el bosque, degusta gastronomía local y revitaliza cuerpo y espíritu con un temazcal ancestral guiado por la comunidad.","Recorre 10 km en Latuvi por la ruta ""El Molcajete"" hacia una cascada oculta. Reconecta en el bosque, degusta gastronomía local y revitaliza cuerpo y espíritu con un temazcal ancestral guiado por la comunidad."
OAX-015,Los Colores Del Maiz,Oaxaca,Santa Catarina Lachatao,La Nevería,Mexico,17.127160,-96.524740,,Gastronomy,Gastronomía y actividades,Guillermo Roberto Yescas Lázaro,-Desayuno -Recorrido “Los Colores del Maíz” -Taller gastronómico y comida a base de maíz -Acceso,Up to 75 people,"Descubre la importancia del maíz en la cultura zapoteca recorriendo sus zonas de cultivo junto a un guía local. Participa en un taller de cocina tradicional con una familia de la comunidad, prepara tortillas, atoles y antojitos, y comparte los sabores y saberes de esta herencia ancestral.",,,,,,,,9511724651,ecoturismolaneveria@gmail.com,https://www.facebook.com/SSDigitalMk?locale=es_LA,https://www.instagram.com/ecoturismo_laneveria?utm_source=ig_web_button_share_sheet&igsh=ZDNlZDc0MzIxNw==,PLATFORM VERSION 1 – Oaxaca,,,,,,,"Conoce la herencia del maíz zapoteco recorriendo cultivos con un guía. Únete a un taller de cocina con familias locales, prepara tortillas y atoles, y comparte los sabores y saberes de esta tradición ancestral.","Conoce la herencia del maíz zapoteco recorriendo cultivos con un guía. Únete a un taller de cocina con familias locales, prepara tortillas y atoles, y comparte los sabores y saberes de esta tradición ancestral."
OAX-016,Yaat Yana,Oaxaca,Santa Catarina Lachatao,Benito Juárez,Mexico,17.113702,-96.491753,,Nature | Hiking,Comunidad y vida cotidiana,Amador Hernández Santiago,Incluye: -Acceso a Pueblos Mancomunados -Recorrido y Taller gastronómico en la Granja del Señor Elí -Comida en la Granja del Señor Elí -Guía local para 1 ruta de caminata -Accesos al Puente Colgante -Seguro de viajero,Up to 40 people,"Vive una experiencia de turismo comunitario en Benito Juárez y comparte un estilo de vida sostenible con familias locales. Conoce sus usos y costumbres, el manejo de una granja familiar y recorre senderos que conducen al Mirador de Benito Juárez, con impresionantes vistas naturales.",,,,,,,,9513802856 / 9514418833 / 9516365656,ecoturismobenitojuarez@gmail.com,https://www.facebook.com/ecoturismo.benitojuarez,https://www.instagram.com/ecotur_benitojuarez/,PLATFORM VERSION 1 – Oaxaca,,,,,,,"Vive el turismo comunitario en Benito Juárez compartiendo con familias locales. Conoce sus costumbres, descubre el manejo de granjas y recorre senderos hacia el mirador para disfrutar de impresionantes vistas naturales.","Vive el turismo comunitario en Benito Juárez compartiendo con familias locales. Conoce sus costumbres, descubre el manejo de granjas y recorre senderos hacia el mirador para disfrutar de impresionantes vistas naturales."
OAX-017,Yaa-Cuetzi,Oaxaca,San Miguel Amatlán,Cuajimoloyas,Mexico,17.117586,-96.454848,,Nature | Gastronomy,Naturaleza,Anselmo Luis López,Guía para recorrido micológico taller gastronómico y comida Acceso a puente colgante Seguro,Up to 20 people,"Explora Cuajimoloyas, capital de los hongos silvestres, en una aventura inmersiva. Acompañado por un guía local, recorre el bosque para identificar y recolectar ejemplares únicos. Aprende secretos culinarios con una cocinera tradicional, prepara platillos exquisitos y culmina cruzando su puente colgante. ¡Vive una conexión auténtica con la naturaleza y gastronomía!",,,,,,,,9515245024 / 9512083168,cuajimoloyasyaacuetzi@gmail.com,https://www.facebook.com/yaacuetzi/?locale=es_LA,https://www.instagram.com/cuaji_yaacuetzi?utm_source=ig_web_button_share_sheet&igsh=ZDNlZDc0MzIxNw==,PLATFORM VERSION 1 – Oaxaca,,,,,,,"Explora Cuajimoloyas, capital de los hongos silvestres. Recolecta ejemplares con guías locales, aprende secretos de cocineras tradicionales preparando exquisitos platillos y cruza su puente colgante.","Explora Cuajimoloyas, capital de los hongos silvestres. Recolecta ejemplares con guías locales, aprende secretos de cocineras tradicionales preparando exquisitos platillos y cruza su puente colgante."
OAX-018,Llano Grande,Oaxaca,San Miguel Amatlán,Llano Grande,Mexico,17.147450,-96.410690,,Nature | Hiking | Handicrafts | Gastronomy,Naturaleza,Martín Santiago Ramos,"Inlcuye: -1 Recorrido de caminata -1 taller d epan serrano -Hospedaje en cabañas -Alimentos marcados en itinerario (Dia uno comida y cena, día 2 desayuno) -Experiencia al amanecer -Acceso -Impuestos",Up to 30 people,"Contempla el despertar de la sierra norte oaxaqueña. A través de una travesía que fusiona senderismo boscoso, el cálido oficio de la panadería artesanal serreña en hornos de barro y noches de absoluta paz en cabañas, culminando con el espectáculo de un amanecer único en las alturas. Una pausa necesaria.",,,,,,,,9514754746 / 9514644462,ecoturismollanogrande.7@gmail.com,https://www.facebook.com/ecoturismo.llanogrande?locale=es_LA,,PLATFORM VERSION 1 – Oaxaca,,,,,,,"Contempla el despertar de la Sierra Norte oaxaqueña. Disfruta senderismo boscoso, panadería artesanal en hornos de barro y noches de paz en cabañas. Culmina esta pausa necesaria con un amanecer único desde las alturas.","Contempla el despertar de la Sierra Norte oaxaqueña. Disfruta senderismo boscoso, panadería artesanal en hornos de barro y noches de paz en cabañas. Culmina esta pausa necesaria con un amanecer único desde las alturas."
OAX-019,Ceremonias Holisticas Oazeni,Oaxaca,San Pedro Cajonos,San Pedro Cajonos,Mexico,17.167056,-96.262517,,Nature,Naturaleza,Usiel Ortiz Gallardo,"Hospedaje Guía turitico Alimentos Talleres (artesanias, pan)",Up to 20 people,"Conecta con la naturaleza y contigo mismo mediante ceremonias holísticas al aire libre, diseñadas para favorecer la paz, la tranquilidad y el bienestar espiritual en entornos naturales que invitan a la contemplación y la conexión consciente.",,,,,,,,9511962933 / 2205905006,ceremoniasholisticasoazenispc1@gmail.com,https://www.facebook.com/share/v/1BnWh1qe1J/,https://www.instagram.com/ceremonias_oazeni?igsh=MXBjamdrNWJ6ZWpqMg==,PLATFORM VERSION 1 – Oaxaca,,,,,,,"Conecta con tu interior y la naturaleza mediante ceremonias holísticas al aire libre. Disfruta entornos naturales que favorecen la paz, la tranquilidad, el bienestar espiritual, la contemplación y una profunda conexión consciente.","Conecta con tu interior y la naturaleza mediante ceremonias holísticas al aire libre. Disfruta entornos naturales que favorecen la paz, la tranquilidad, el bienestar espiritual, la contemplación y una profunda conexión consciente."
OAX-020,Pueblos Mancomunados,Oaxaca,"San Miguel Amatlán, Santa Catarina Lachatao, Santa Maria Yavesia","Llano Grande, Cuajimoloyas, Benito Juárez, La Neveria, Latuvi, Lachatao, Amatlán",Mexico,17.065159,-96.725507,,Nature | Hiking | Gastronomy,Comunidad y vida cotidiana,Angelina Martínez Pérez,"INCLUYE: -Transporte viaje redondo, Oaxaca – Sierra Norte – Oaxaca -6 noches de hospedaje en cabañas de Sierra Norte -Alimentos mencionados en el itinerario -Guías locales para 7 rutas de caminata -Taller de pan serrano en Llano Grande -Recorrido de plantas medicinales con degustación de té en Cuajimoloyas -Acceso al puente colgante de Benito Juárez -Visita a una casa de familia en Benito Juárez -Taller gastronómico en Nevería -Accesos a la zona del Mancomún -Seguro de viajero",Up to 20 people,"Embárcate en ""Al corazón del Mancomún"", una expedición de siete días por los Pueblos Mancomunados de la Sierra Norte de Oaxaca. Recorre senderos ancestrales entre comunidades zapotecas, participa en talleres de gastronomía local y medicina tradicional.",,,,,,,,9513103904 / 9511285865,info@sierranorte.org.mx,https://www.facebook.com/ESNPueblosMancomunados#,https://www.instagram.com/expediciones_sierra_norte,PLATFORM VERSION 1 – Oaxaca,,,,,,,"Vive ""Al corazón del Mancomún"", expedición de siete días por los Pueblos Mancomunados de la Sierra Norte. Recorre senderos ancestrales zapotecos y participa activamente en talleres de gastronomía local y herbolaria tradicional.","Vive ""Al corazón del Mancomún"", expedición de siete días por los Pueblos Mancomunados de la Sierra Norte. Recorre senderos ancestrales zapotecos y participa activamente en talleres de gastronomía local y herbolaria tradicional."
OAX-021,Nacion Mixe,Oaxaca,"Ayutla, Tlahuitoltepec, totontepec","Ayutla, tlahuitoltepec, yacochi, huitepec, totontepec",Mexico,17.033190,-96.074512,,Nature | Handicrafts | Gastronomy,Comunidad y vida cotidiana,Uriel Alcantara Vasquez,"Translado Oaxaca- Sierra Mixe - Oaxaca Hospedaje en hotel familiar, habitación doble Alimentación (2 desayunos, 2 comida y una cena) Visita a dos talleres de artesanos Guia local para una caminata al bosque mésofilo Tour leader para toda la gira Seguro de transporte turísito Accesos y cuotas comunitarias",Up to 15 people,"Vive una inmersión cultural de dos días por la Sierra Mixe visitando tres comunidades. Descubre la preparación del machucado, conoce talleres de alfarería y textiles, hospédate en Totontepec, disfruta la cocina tradicional, recorre el bosque mesófilo y explora cascadas y vestigios del pueblo antiguo.",,,,,,,,9514935126 / 9512286324,nacionmixe@gmail.com,https://www.facebook.com/unionturisticanacionmixe?locale=es_LA,https://www.instagram.com/nacion_mixe?igsh=MXh5NjFvcnM3eHR6OQ==,PLATFORM VERSION 1 – Oaxaca,,,,,,,"Explora la Sierra Mixe en dos días visitando tres comunidades. Hospédate en Totontepec, prueba el machucado, conoce talleres artesanales, recorre el bosque mesófilo, maravíllate con cascadas antiguas y disfruta la cocina tradicional local.","Explora la Sierra Mixe en dos días visitando tres comunidades. Hospédate en Totontepec, prueba el machucado, conoce talleres artesanales, recorre el bosque mesófilo, maravíllate con cascadas antiguas y disfruta la cocina tradicional local."
OAX-022,Nazaa Teotitlan,Oaxaca,Teotitlán del Valle,Teotitlán del Valle,Mexico,17.030520,-96.519140,,History and archaeology | Nature | Handicrafts | Gastronomy,Comunidad y vida cotidiana,Pedro Vicente Martínez,- Senderismo/Bicicletas - Guía - Desayuno - Taller de tapetes y velas - Recorrido por centro histórico - Comida,Up to 10 people,"Descubre la riqueza cultural, natural y ancestral de Teotitlán del Valle a través de experiencias auténticas que celebran su historia, identidad, gastronomía, artesanías y cosmovisión,",,,,,,,,9512236001 / 9512416443,nazaatours@gmail.com,https://www.facebook.com/share/1EBz6ZnZLF/?mibextid=wwXIfr,https://www.instagram.com/nazaateotitlan/,PLATFORM VERSION 1 – Oaxaca,,,,,,,"Descubre la riqueza cultural, natural y ancestral de Teotitlán del Valle a través de experiencias auténticas que celebran su historia, identidad, gastronomía, artesanías y cosmovisión,","Descubre la riqueza cultural, natural y ancestral de Teotitlán del Valle a través de experiencias auténticas que celebran su historia, identidad, gastronomía, artesanías y cosmovisión,"
OAX-023,Real Minero,Oaxaca,Santa Catarina Minas,Santa Catarina Minas,Mexico,16.779469,-96.617689,,Nature | Handicrafts | Gastronomy,Saberes Tradicionales,Graciela Ángeles Carreño,"Recorrido por el jardín etnobotánico de Proyecto LAM, enfocado en el rescate, conservación y propagación de agaves; visita al palenque de Real Minero para conocer el proceso de elaboración de destilados; y degustación de 4 mezcales en un ejercicio sensorial.",Up to 25 people,"Descubre un proyecto de turismo comunitario liderado por mujeres que promueve la conservación de la biodiversidad y el patrimonio cultural. Recorre un jardín interpretativo con especies de agave y un palenque tradicional, donde conocerás la producción artesanal con destilación en ollas de barro.",,,,,,,,9515206139 / 9511292071 / 5588064601,info@realminero.com.mx,https://www.facebook.com/realminerooficial,https://www.instagram.com/realminerooficial/,PLATFORM VERSION 1 – Oaxaca,,,,,,,Apoya un proyecto turístico comunitario de mujeres que preserva la biodiversidad. Recorre un jardín de agaves y un palenque tradicional para aprender sobre la destilación artesanal de mezcal en auténticas ollas de barro.,Apoya un proyecto turístico comunitario de mujeres que preserva la biodiversidad. Recorre un jardín de agaves y un palenque tradicional para aprender sobre la destilación artesanal de mezcal en auténticas ollas de barro.
OAX-024,San Sebastian de las Grutas,Oaxaca,,,Mexico,,,,Nature | Hiking | Gastronomy,Naturaleza,René Juan García García,,,,,,,,,,,9515835482 / 9518478038,,https://www.facebook.com/profile.php?id=61578825543767,https://www.instagram.com/san_sebastian_de_las_grutas_1?fbclid=IwY2xjawTLjF5leHRuA2FlbQIxMABicmlkETF3R0Q0V1l0cEtnSTBMNzgzc3J0YwZhcHBfaWQQMjIyMDM5MTc4ODIwMDg5MgABHh5arldthJ-_E7rXGVApYj67V5FpjDnGJKGOMxl8ogPyjuoSQzbHJQtVA9DJ_aem_HBlRkInMMFnjkX7KnZlVQg,PLATFORM VERSION 1 – Oaxaca,,,,,,,"Explora San Sebastián de las Grutas: haz senderismo hacia el río subterráneo, formaciones rocosas y tumbas prehispánicas. Descansa seguro en cabañas o campamento y deléitate con la tradicional sopa de guías.","Explora San Sebastián de las Grutas: haz senderismo hacia el río subterráneo, formaciones rocosas y tumbas prehispánicas. Descansa seguro en cabañas o campamento y deléitate con la tradicional sopa de guías."
OAX-025,Thanamiel,Oaxaca,Villa de Tututepec,"Chacahua, La grua",Mexico,15.969265,-97.685638,,Nature | Handicrafts,Naturaleza,"Justino Cervantes Bolaños, Heriberto Guadalupe Dominguez Gasga","Guia, paseo en lancha redondo, chaleco salvavidas, equipo de protección para apiario, 1 litro de agua y relleno, cata - degustación de 5 tipos de mieles, 1 fruta, souvenir",Up to 10 people,"Vive una inmersión fascinante en la naturaleza costera. Recorre manglares mientras aprendes sobre su vital importancia biológica y cultural. En el apiario ""El Corazón"", descubre el asombroso mundo de las abejas, manipula una colmena con equipo especializado y culmina tu experiencia con una exquisita cata de mieles artesanales.",,,,,,,,9541089042 / 9541006762,thanamiel@gmail.com,https://www.facebook.com/profile.php?id=100076323005001&locale=nn_NO#,https://www.instagram.com/thanamiel?igsh=MWJqZWZpY2p3MHp1MA==,PLATFORM VERSION 1 – Oaxaca,,,,,,,"Explora manglares descubriendo su importancia biológica. En el apiario ""El Corazón"", sumérgete en el mundo de las abejas, manipula colmenas con equipo especializado y culmina tu aventura con una exquisita cata de mieles artesanales.","Explora manglares descubriendo su importancia biológica. En el apiario ""El Corazón"", sumérgete en el mundo de las abejas, manipula colmenas con equipo especializado y culmina tu aventura con una exquisita cata de mieles artesanales."
OAX-026,Tututepec Mágico,Oaxaca,Villa de Tututepec de Melchor Ocampo,El Zapotalito y San Pedro Tututepec,Mexico,15.987460,-97.550110,,History and archaeology | Nature,Escenarios históricos,Vicente Piza Romero,"Guías locales; experiencia cultural en Cerro Yucu Saa; visita a museo y murales (palacio municipal); tour de bioluminiscencia y manglar; una noche de hospedaje (cabaña 2 camas); tour de kayak al amanecer; 3 alimentos (comida, cena del día 1 y desayuno del día 2).",Up to 10 people,"Descubre la esencia mixteca en un viaje inolvidable. Explora museos y murales en Tututepec, y adéntrate en las Lagunas de Chacahua. Vive la magia de la bioluminiscencia al atardecer, recorre manglares en kayak al amanecer y conecta con la naturaleza entre cocodrilos, aves y paisajes costeros.",,,,,,,,9541672385 / 9541466618,chacahua.aventura@gmail.com,https://www.facebook.com/AventurayEcoturismoLagunasdeChacahua/,https://www.instagram.com/aventurayecoturismo?,PLATFORM VERSION 1 – Oaxaca,,,,,,,"Explora murales en Tututepec y adéntrate en Chacahua. Vive la bioluminiscencia al atardecer, recorre manglares en kayak al amanecer y conecta con la naturaleza entre cocodrilos, aves y espectaculares paisajes costeros mixtecos.","Explora murales en Tututepec y adéntrate en Chacahua. Vive la bioluminiscencia al atardecer, recorre manglares en kayak al amanecer y conecta con la naturaleza entre cocodrilos, aves y espectaculares paisajes costeros mixtecos."
OAX-027,Manialtepec Natural,Oaxaca,Villa de Tututepec,San José Manialtepec,Mexico,15.974350,-97.243880,,Nature | Hiking | Handicrafts | Gastronomy,Comunidad y vida cotidiana,Itsel Guadalupe Villavicencio González,Cabalgata Taller de quesos Comida Entradas a aguas termales y a la comunidad,Up to 15 people,"Vive una jornada inolvidable entre tradición y naturaleza. Aprende el arte de elaborar quesos artesanales y disfruta una emocionante cabalgata por senderos que te llevan al nacimiento de aguas termales. Concluye tu experiencia relajándote en sus cálidas aguas, observando la flora local y degustando la exquisita gastronomía de la región.",,,,,,,,9618983019 / 9541674526,ecoturismomanialtepec@gmail.com,https://www.facebook.com/p/Servicios-Ecoturisticos-de-Manialtepec-100063529991694/,https://www.instagram.com/ecoturismo_manialtepec/,PLATFORM VERSION 1 – Oaxaca,,,,,,,Elabora quesos artesanales y disfruta una cabalgata hacia hermosas aguas termales. Concluye tu experiencia relajándote en sus cálidas aguas mientras observas la flora local y degustas la exquisita gastronomía tradicional de la región.,Elabora quesos artesanales y disfruta una cabalgata hacia hermosas aguas termales. Concluye tu experiencia relajándote en sus cálidas aguas mientras observas la flora local y degustas la exquisita gastronomía tradicional de la región.
OAX-028,Latidos de Naturaleza y Comunidad,Oaxaca,"Villa de Tututepec de Melchor, San Pedro Mixtepec, Santa María Tonameca, San Pedro Pochutla y Santa María Huatulco","El Zapotalico, San José Manialtepec, Ba Jos de Chila, la Ventanilla, Arroyo Xúchitl, San Miguel del Puerto,; Santa Cruz Huatulco, la Jabalina, Copalita",Mexico,15.956820,-97.241220,,Nature | Hiking | Gastronomy,Naturaleza,Irving Ulises Barrera Miranda,"- 10 noches de hospedaje (cabaña y hotel de 3 estrellas) - Transportación terrestre durante toda la ruta - Coordinador bilingüe durante toda la ruta - Pick up y drop off al aeropuerto - 19 Alimentos entre desayuno, comidas y cenas. - 11 experiencias de turismo comunitario (énfasis en turismo de naturaleza) - Guías locales acreditados - Equipo de seguridad en las actividades que se requiera",Up to 10 people,"Embárcate en la ""Ruta Costa Magia"", un viaje inolvidable por la Costa de Oaxaca. Desde Puerto Escondido hasta Huatulco, vive una inmersión auténtica participando en monitoreo de tortugas, safaris en lagunas, senderismo selvático y talleres tradicionales.",,,,,,,,9541135809,info@costamagia.com,https://www.facebook.com/costamagia,https://www.instagram.com/costamagia/,PLATFORM VERSION 1 – Oaxaca,,,,,,,"Embárcate en la ""Ruta Costa Magia"" desde Puerto Escondido hasta Huatulco. Vive una inmersión oaxaqueña auténtica con monitoreo de tortugas marinas, safaris en lagunas, senderismo selvático y talleres de tradiciones locales.","Embárcate en la ""Ruta Costa Magia"" desde Puerto Escondido hasta Huatulco. Vive una inmersión oaxaqueña auténtica con monitoreo de tortugas marinas, safaris en lagunas, senderismo selvático y talleres de tradiciones locales."
OAX-029,Tortugas de Vivemar,Oaxaca,"San Pedro Mixtepec, Santiago Cuixtla, Villa de Tututepec de Melchor Ocampo",Bajos de Chila,Mexico,15.917430,-97.120061,,Nature | Gastronomy,Naturaleza,Hugo Mar Ibañez Juárez,-Cena -Guia -Renta de cuatrimonoto para el recorrido -Monitoreo,Up to 18 people,"Vive una experiencia transformadora con Vivemar, organización líder en la conservación de tortugas marinas. Disfruta una cena local antes de iniciar un recorrido nocturno por 27 kilómetros de playa. Participa en el monitoreo de desoves, observa la Vía Láctea y libera crías al mar.",,,,,,,,9541145568 / 9545441330 / 9541269558,vivemar.sc@gmail.com,https://www.facebook.com/vivemar.tortugasmarinas,https://www.instagram.com/vivemar_ong/?hl=es,PLATFORM VERSION 1 – Oaxaca,,,,,,,"Conserva tortugas marinas con Vivemar. Disfruta cena local y un recorrido nocturno por la playa. Participa activamente en el monitoreo de desoves, observa la imponente Vía Láctea y libera tiernas crías directamente al mar.","Conserva tortugas marinas con Vivemar. Disfruta cena local y un recorrido nocturno por la playa. Participa activamente en el monitoreo de desoves, observa la imponente Vía Láctea y libera tiernas crías directamente al mar."
OAX-030,Manglares de la Ventanilla,Oaxaca,Santa María Tonameca,La ventanilla,Mexico,15.670070,-96.575000,,Nature | Gastronomy,Naturaleza,Eulalio Cortez Reyes,Hospedaje; experiencia de cocodrilo; liberación de tortugas; alimentos; guía de turista.,Up to 20 people,"Sumérgete en la riqueza natural de la costa oaxaqueña. Explora los manglares y maravíllate observando cocodrilos, venados, tortugas y aves exóticas en su hábitat. Disfruta una deliciosa comida tradicional de la región y culmina tu jornada participando en la emotiva liberación de tortugas al mar.",,,,,,,,9581060891 / 9585833287,contacto@laventanilla.com,https://www.facebook.com/laventanilla/?locale=es_LA,https://www.instagram.com/laventanilla?,PLATFORM VERSION 1 – Oaxaca,,,,,,,"Explora los manglares de la costa oaxaqueña y observa cocodrilos, venados, tortugas y aves exóticas en su hábitat. Disfruta una comida tradicional y culmina la jornada participando en una emotiva liberación de tortugas al mar.","Explora los manglares de la costa oaxaqueña y observa cocodrilos, venados, tortugas y aves exóticas en su hábitat. Disfruta una comida tradicional y culmina la jornada participando en una emotiva liberación de tortugas al mar."
OAX-031,Tortugas y Conservacion Comunitaria,Oaxaca,Santa María Huatulco,Cacaluta (nivel 3) Acceso; La Bocana (nivel 1) Acceso; Punta Arena (nivel 2) Acceso,Mexico,15.735245,-96.158969,,Nature | Hiking | Gastronomy,Naturaleza,Juan Trujano Dolores,"Guía de turista, recorrido, transporte, brazalete de acceso, agua, equipo, café, snacks, guía bilingüe en caso de que se requiera.",Up to 20 people,"Vive una aventura inolvidable en las costas de Oaxaca. Partiendo de Huatulco, recorre un sendero mágico bajo la luz de la luna hasta una playa virgen. Conviértete en un protector de tortugas marinas, aprendiendo sobre su ciclo de vida mientras participas en una emocionante jornada nocturna de monitoreo y conservación.",,,,,,,,9581065308,ctortugashuatulco@gmail.com,https://www.facebook.com/profile.php?id=100081096086065#,https://www.instagram.com/tortuguero_huatulco_pe/,PLATFORM VERSION 1 – Oaxaca,,,,,,,"Desde Huatulco, camina bajo la luna por un sendero hacia una playa virgen. Conviértete en protector de tortugas marinas aprendiendo su ciclo de vida y participando en una emocionante jornada nocturna de monitoreo ambiental.","Desde Huatulco, camina bajo la luna por un sendero hacia una playa virgen. Conviértete en protector de tortugas marinas aprendiendo su ciclo de vida y participando en una emocionante jornada nocturna de monitoreo ambiental."
PUE-001,Senderos de Xicotepec,Puebla,Xicotepec,Ixtepec,Mexico,20.288942,-97.954115,,Nature | Hiking,Naturaleza,Alejandro Hernández Marcial,Recorrido por senderos.,Up to 15 people,"Recorre y disfruta la exuberante naturaleza a través de una impresionante red de 110 kilómetros de caminos de montaña, donde con cada paso contribuirás activamente a la conservación ambiental de la región y al bienestar de las comunidades locales en una aventura abierta para todos.",,,,,,,,7641032345,hermalex123@gmail.com,https://www.facebook.com/senderosdexicotepec?locale=es_LA,https://www.instagram.com/senderosdexicotepec/?hl=es,PLATFORM VERSION 1 – Puebla,,,,,,,"Explora 110 km de senderos montañosos en la naturaleza. En esta aventura accesible para todos, cada paso apoyará la conservación ambiental y el bienestar de las comunidades locales.","Explora 110 km de senderos montañosos en la naturaleza. En esta aventura accesible para todos, cada paso apoyará la conservación ambiental y el bienestar de las comunidades locales."
PUE-002,Finca Cafetalera,Puebla,Huauchinango,Huauchinango,Mexico,20.200951,-98.052229,,Hiking | Gastronomy,Gastronomía y actividades,Adelfo Primitivo Ávila Mejía,"Estacionamiento, guía turístico especializado, recorrido, uso de instalaciones, alimentos",Up to 40 people,"Adéntrate en la Bioruta del Café de Puebla en Huauchinango y disfruta la experiencia “del campo a la taza”. Recorre una finca cafetalera, disfruta rutas de senderismo, hospédate en cabañas y, durante el verano, maravíllate con el avistamiento de luciérnagas.",,,,,,,,7761016155,adelfoprimitivo@gmail.com,https://www.facebook.com/buenavistabeds,https://www.instagram.com/ecoturismobuenavista?utm_source=ig_web_button_share_sheet&igsh=ZDNlZDc0MzIxNw==,PLATFORM VERSION 1 – Puebla,,,,,,,"Recorre la Bioruta del Café en Huauchinango ""del campo a la taza"". Visita una finca cafetalera, haz senderismo, descansa en cabañas y maravíllate con las luciérnagas en verano.","Recorre la Bioruta del Café en Huauchinango ""del campo a la taza"". Visita una finca cafetalera, haz senderismo, descansa en cabañas y maravíllate con las luciérnagas en verano."
PUE-003,Kakiwin Tutunaku,Puebla,Huehuetla,Huehuetla,Mexico,20.097850,-97.628127,,Nature | Handicrafts | Gastronomy,Gastronomía y actividades,Zenaida García Vegas,"Hospedaje, alimentos y talleres",Up to 40 people,"Vive una experiencia que acerca a la vida de la mujer totonaca mediante el alojamiento en cabañas, la gastronomía tradicional, la naturaleza y talleres de artesanías. Conecta con la cultura y las tradiciones de la comunidad en un entorno auténtico y acogedor.",,,,,,,,2331013461,kakiwintotonaku6@gmail.com,https://www.facebook.com/kakiwin.tutunaku,https://www.instagram.com/kakiwin_tutunaku_oficial?utm_source=ig_web_button_share_sheet&igsh=ZDNlZDc0MzIxNw==,PLATFORM VERSION 1 – Puebla,,,,,,,"Aprende sobre la vida de la mujer totonaca mediante el alojamiento en cabañas, la gastronomía tradicional, la naturaleza y talleres de artesanías. Conecta con la cultura y las tradiciones de la comunidad en un entorno auténtico y acogedor.","Aprende sobre la vida de la mujer totonaca mediante el alojamiento en cabañas, la gastronomía tradicional, la naturaleza y talleres de artesanías. Conecta con la cultura y las tradiciones de la comunidad en un entorno auténtico y acogedor."
PUE-004,Esencia Rural,Puebla,Cuetzalan del Progreso,Ayotzinapan,Mexico,20.055908,-97.534647,,Nature | Handicrafts | Gastronomy,Talleres,Miguel Alaya Rosario,"El recorrido en biorutas, materiales para las experiencias",Up to 70 people,"Descubre el café como protagonista de un bosque comestible rodeado de flora medicinal, ornamental y maderable. Complementa la experiencia con la Ruta de las Abejas Nativas sin Aguijón, el Piloncillo Artesanal, talleres de cocina de humo y alojamiento rural en contacto con la naturaleza.",,,,,,,,2331158080,malaya14140101@gmail.com,https://www.facebook.com/cuetzalanecoturismorural?locale=es_LA,https://www.instagram.com/ecoturismo_esencia_rural?utm_source=ig_web_button_share_sheet&igsh=ZDNlZDc0MzIxNw==,PLATFORM VERSION 1 – Puebla,,,,,,,"Descubre el café en un bosque comestible medicinal. Disfruta la Ruta de Abejas Nativas, piloncillo artesanal, talleres de cocina de humo y un relajante alojamiento rural en la naturaleza.","Descubre el café en un bosque comestible medicinal. Disfruta la Ruta de Abejas Nativas, piloncillo artesanal, talleres de cocina de humo y un relajante alojamiento rural en la naturaleza."
PUE-005,Talmatinih Tahpianih,Puebla,Zoquiapan,El Arenal,Mexico,20.012868,-97.582870,,Nature | Gastronomy,Saberes Tradicionales,Maricela Mariano Rodríguez y Eloisa Hernández Rodríguez,Recorrido a los atractivos.,Up to 120 people,"Descubre la comunidad de El Arenal a través de recorridos guiados, experiencias gastronómicas y visitas a sus cascadas. Conecta con las tradiciones locales participando en rituales ancestrales y disfruta de una experiencia organizada por habitantes de la comunidad.",,,,,,,,2331133811 / 2331204015,talmatinih.tahpianih@gmail.com,https://www.facebook.com/cuidadores.talmatinih,https://www.instagram.com/cuidadores.talmatinih?utm_source=ig_web_button_share_sheet&igsh=ZDNlZDc0MzIxNw==,PLATFORM VERSION 1 – Puebla,,,,,,,"Descubre El Arenal con guías comunitarios. Disfruta increíbles cascadas, deliciosa gastronomía y conecta con tradiciones locales participando en auténticos rituales ancestrales con sus habitantes.","Descubre El Arenal con guías comunitarios. Disfruta increíbles cascadas, deliciosa gastronomía y conecta con tradiciones locales participando en auténticos rituales ancestrales con sus habitantes."
PUE-006,Jardín Botánico Xoxoxtic,Puebla,Cuetzalan,Acaxiloco,Mexico,20.040607,-97.509861,,History and archaeology | Nature,Naturaleza,Marcos Vinicio Gómez Cervantes,"Entrada al jardín, tiempo libre y un recorrido guiado.",Up to 20 people,Recorre un museo vivo que resguarda colecciones de flora y fauna de Cuetzalan del Progreso. Descubre la riqueza de sus paisajes y comprende la importancia de conservar y compartir la biodiversidad a través de una experiencia educativa y en contacto con la naturaleza.,,,,,,,,2331017592 / 5575595897,umaxoxoctic@gmail.com,https://www.facebook.com/jbxoxoctic?locale=es_LA,https://www.instagram.com/jardin.xoxoctic/,PLATFORM VERSION 1 – Puebla,,,,,,,Recorre un museo vivo de flora y fauna en Cuetzalan. Descubre hermosos paisajes y aprende a conservar la biodiversidad mediante una experiencia educativa en pleno contacto con la naturaleza.,Recorre un museo vivo de flora y fauna en Cuetzalan. Descubre hermosos paisajes y aprende a conservar la biodiversidad mediante una experiencia educativa en pleno contacto con la naturaleza.
PUE-007,Tosepan Kalli,Puebla,Cuetzalan y Zautla,"Nahuiogpan, Tonalix Tzinacapan, Pinahuistan Yohualichan, Reyeshogpan, Cuapan Cuahutapanaloyan, Coutamazaco Tzicuilan, pertenecientes al municipio de Cuetzalan y San Miguel de las Ollas, Perteneciente al municipio de Zautla.",Mexico,20.030633,-97.527652,,Nature | Handicrafts | Gastronomy,Comunidad y vida cotidiana,Antonio Heredia Vázquez,"Entrada a los atractivos turísticos, practicas comunitarias,transporte local,alimentos, servicio de guías, alimentos y hospedaje.",Up to 96 people,"Vive una inmersión en las comunidades nahuas de la Sierra Nororiental de Puebla y conoce su organización cooperativa, ecotecnias y el Koujtakiloyan. Comparte con familias anfitrionas experiencias como la cosecha de miel, canela, piloncillo, chocolate o barro, y disfruta de su gastronomía tradicional.",,,,,,,,2333310925 / 2311010521 / 2311014565,reservaciones@tosepankali.com,https://www.facebook.com/TosepanKali,https://www.instagram.com/tosepankali?utm_source=ig_web_button_share_sheet&igsh=ZDNlZDc0MzIxNw==,PLATFORM VERSION 1 – Puebla,,,,,,,"Sumérgete en las comunidades nahuas de la Sierra de Puebla. Conoce sus ecotecnias, comparte la cosecha de miel, piloncillo o canela con familias anfitrionas y disfruta su rica gastronomía.","Sumérgete en las comunidades nahuas de la Sierra de Puebla. Conoce sus ecotecnias, comparte la cosecha de miel, piloncillo o canela con familias anfitrionas y disfruta su rica gastronomía."
PUE-008,Hotel Taselotzin,Puebla,Cuetzalan del Progreso,Zacapoaxtla,Mexico,20.014247,-97.522567,,Gastronomy,Comunidad y vida cotidiana,Rufina Edith Villa Hernández,Únicamente la estancia en la habitación y áreas comunes,Up to 40 people,"Descubre Cuetzalan desde un hotel gestionado por mujeres nahuas que preservan su identidad cultural. Disfruta de hospedaje, gastronomía regional, masajes, temazcal y talleres que acercan a las tradiciones locales, mientras contribuyes al desarrollo sostenible de la comunidad.",,,,,,,,2333310480,taselotzin@gmail.com,https://www.facebook.com/hoteltaselotzin?locale=es_LA,https://www.instagram.com/hoteltaselotzin/,PLATFORM VERSION 1 – Puebla,,,,,,,"Descubre Cuetzalan en un hotel de mujeres nahuas. Disfruta hospedaje, gastronomía, temazcal, masajes y talleres tradicionales, contribuyendo al desarrollo y preservando su identidad cultural.","Descubre Cuetzalan en un hotel de mujeres nahuas. Disfruta hospedaje, gastronomía, temazcal, masajes y talleres tradicionales, contribuyendo al desarrollo y preservando su identidad cultural."
PUE-009,Embarcadero Takiskiany,Puebla,Tlatlauquitepec,Coatectzin Oriente,Mexico,19.965671,-97.449076,,Nature | Handicrafts,Naturaleza,Félix Encarnación Efigenio,"Traslado, equipo de seguridad, la guía, el equipamiento para realizar el recorrido",Up to 500 people,"Disfruta un recorrido en lancha artesanal para observar la flora y fauna durante todo el año. En temporada de lluvias vive el avistamiento nocturno de luciérnagas y, durante Día de Muertos, recorre los paisajes en una experiencia nocturna única.",,,,,,,,2331257261,lancheroslasoledad@gmail.com,https://www.facebook.com/profile.php?id=100063611089259&locale=es_LA,https://www.instagram.com/lancheroslasoledadgmail.com9?utm_source=ig_web_button_share_sheet&igsh=ZDNlZDc0MzIxNw==,PLATFORM VERSION 1 – Puebla,,,,,,,Observa flora y fauna todo el año en lancha artesanal. Vive el avistamiento nocturno de luciérnagas en lluvias y disfruta una experiencia nocturna única en Día de Muertos.,Observa flora y fauna todo el año en lancha artesanal. Vive el avistamiento nocturno de luciérnagas en lluvias y disfruta una experiencia nocturna única en Día de Muertos.
PUE-010,Entre Montañas,Puebla,Teziutlán,San Juan Acateno,Mexico,19.881961,-97.366831,,History and archaeology | Nature | Gastronomy,Comunidad y vida cotidiana,Jaime González López,"Entrada, acceso a WC y guía turístico",Up to 120 people,"Adéntrate en San Juan Acateno y vive una experiencia biocultural indígena entre las nubes, cosechando berries y café orgánicos en el bosque de niebla, donde la naturaleza se fusiona con la gastronomía tradicional, la danza de los Quetzales y la historia de las ruinas mineras de La Ventilla.",,,,,,,,2311569986 / 9673476887,jaimeglezl@mail.com,https://www.facebook.com/share/1PPweZMYp8/?mibextid=wwXIfr,https://www.instagram.com/entrenubes_teziutlan?utm_source=ig_web_button_share_sheet&igsh=ZDNlZDc0MzIxNw==,PLATFORM VERSION 1 – Puebla,,,,,,,"Vive una experiencia biocultural indígena en San Juan Acateno. Cosecha café y berries en el bosque de niebla, y disfruta gastronomía tradicional, danza de los Quetzales y ruinas mineras.","Vive una experiencia biocultural indígena en San Juan Acateno. Cosecha café y berries en el bosque de niebla, y disfruta gastronomía tradicional, danza de los Quetzales y ruinas mineras."
PUE-011,Tsajtsitipetl,Puebla,Zacatlán,"San Miguel Tenango, Zacatlán",Mexico,19.907157,-97.939249,,Nature | Handicrafts | Gastronomy,Comunidad y vida cotidiana,Marcelina Gonzales Hernandez,"Recorrido, el material para los talleres y los rituales",Up to 15 people,"Adéntrate en nuestra comunidad indígena y vive recorridos turísticos guiados por nuestras propias manos, donde saborearás la gastronomía tradicional cosechada directamente de nuestra labor como agricultores y descubrirás la herencia cultural plasmada en la fabricación y venta de nuestras artesanías auténticas.",,,,,,,,7971194355,marcegonzalezmago06@gmail.com,https://www.facebook.com/profile.php?id=61565464097052,,PLATFORM VERSION 1 – Puebla,,,,,,,Visita nuestra comunidad indígena con guías locales. Saborea gastronomía tradicional directo de nuestras cosechas y descubre nuestra gran herencia cultural a través de artesanías auténticas.,Visita nuestra comunidad indígena con guías locales. Saborea gastronomía tradicional directo de nuestras cosechas y descubre nuestra gran herencia cultural a través de artesanías auténticas.
PUE-012,Sabor del fuego,Puebla,Zacatlán,Zacatlán,Mexico,19.903081,-97.937842,,Handicrafts | Gastronomy,Talleres,Flor de Rocío Márquez López,"Bienvenida, los rituales, la comida, bebidas, talleres de telares",Up to 100 people,"Descubre los sabores de la cocina de humo con demostraciones de comida tradicional de temporada. Participa en talleres de gastronomía, artesanías y medicina tradicional que preservan y comparten los saberes ancestrales de la comunidad.",,,,,,,,7971452395,sabordelfuego87@gmail.com,https://www.facebook.com/profile.php?id=61574727015351,https://www.instagram.com/sabor_delfuego?utm_source=ig_web_button_share_sheet&igsh=ZDNlZDc0MzIxNw==,PLATFORM VERSION 1 – Puebla,,,,,,,"Descubre los sabores de la cocina de humo con demostraciones de comida tradicional de temporada. Participa en talleres de gastronomía, artesanías y medicina tradicional que preservan y comparten los saberes ancestrales de la comunidad.","Descubre los sabores de la cocina de humo con demostraciones de comida tradicional de temporada. Participa en talleres de gastronomía, artesanías y medicina tradicional que preservan y comparten los saberes ancestrales de la comunidad."
PUE-013,Zempoal Tekitini,Puebla,Tetela de Ocampo,Xaltatempa de Lucas,Mexico,19.888671,-97.839298,,Nature,Comunidad y vida cotidiana,Pedro Pérez Cabrera,"recorrido, sanitarios, instalaciones, estacionamiento",Up to 10 people,"Experimenta un acercamiento profundo con la naturaleza y la cultura viva de un pueblo náhuatl, donde te adentrarás en sus tradiciones ancestrales, compartirás sus saberes cotidianos y conectarás con el entorno natural a través de los ojos de la propia comunidad y su vínculo con ella.",,,,,,,,2227177089 / 7971237461,zempoaltekitiniecoturismo@gmail.com,https://www.facebook.com/profile.php?id=100008636626924&locale=es_LA,https://www.instagram.com/cascadasaconco?utm_source=ig_web_button_share_sheet&igsh=ZDNlZDc0MzIxNw==,PLATFORM VERSION 1 – Puebla,,,,,,,Vive la naturaleza y cultura de un pueblo náhuatl. Conecta con el entorno y las tradiciones ancestrales compartiendo saberes cotidianos directamente a través de los ojos de la comunidad.,Vive la naturaleza y cultura de un pueblo náhuatl. Conecta con el entorno y las tradiciones ancestrales compartiendo saberes cotidianos directamente a través de los ojos de la comunidad.
PUE-014,Ozolli Tlapatla,Puebla,Calpan,San Mateo Ozolco,Mexico,19.099777,-98.514688,,Nature | Hiking,Naturaleza,Alejandro Jiménez Meneses,"Entrada al Centro, recorrido, desayuno, comida, el guía, transporte interno.",Up to 40 people,"En Ozolco conectarás con la herencia náhuatl descubriendo la producción tradicional de alimentos y la sagrada Feria del Pulque. Además, desafiarás tus límites en su Centro Ecoturístico practicando senderismo, trail running, alpinismo o ciclismo de montaña rodeado por la majestuosidad de sus paisajes naturales.",,,,,,,,2211019363 / 2215257284,hechoenozolco@gmail.com,https://www.facebook.com/SanMateoOzolcoPueblaMexico,https://www.instagram.com/hechoenozolco?utm_source=ig_web_button_share_sheet&igsh=ZDNlZDc0MzIxNw==,PLATFORM VERSION 1 – Puebla,,,,,,,"Descubre en Ozolco la herencia náhuatl, sus alimentos tradicionales y la Feria del Pulque. Desafía tus límites con senderismo, alpinismo o ciclismo en su majestuoso entorno natural.","Descubre en Ozolco la herencia náhuatl, sus alimentos tradicionales y la Feria del Pulque. Desafía tus límites con senderismo, alpinismo o ciclismo en su majestuoso entorno natural."
PUE-015,Tlakualli,Puebla,Calpan,"San Mateo Ozolco, Calpan",Mexico,19.100674,-98.516277,,Nature | Hiking | Gastronomy,Talleres,Alberto Rincón Téllez,"Entrada al centro, los recorridos, el ritual, la cena, campamento",Up to 60 people,"Reconecta con la naturaleza en un espacio familiar rodeado por los volcanes Popocatépetl e Iztaccíhuatl. Disfruta de senderismo, cabalgatas, temazcal, talleres de nixtamalización, herbolaria y gastronomía tradicional, además de una granja, actividades artísticas y experiencias para toda la familia.",,,,,,,,2271156900 / 2226898461,pueblaelrinconcito@gmail.com,https://www.facebook.com/ElRinconcitoPuebla,https://www.instagram.com/rinconcitopue?utm_source=ig_web_button_share_sheet&igsh=ZDNlZDc0MzIxNw==,PLATFORM VERSION 1 – Puebla,,,,,,,"Reconecta en familia entre el Popocatépetl y el Iztaccíhuatl. Disfruta senderismo, cabalgatas, temazcal, gastronomía tradicional, granja y talleres de herbolaria en un entorno natural único.","Reconecta en familia entre el Popocatépetl y el Iztaccíhuatl. Disfruta senderismo, cabalgatas, temazcal, gastronomía tradicional, granja y talleres de herbolaria en un entorno natural único."
PUE-016,Grutas Acocomoca de Carreragco,Puebla,Tetela de Ocampo,Carreragco,Mexico,19.867101,-97.709181,,Nature | Gastronomy,Naturaleza,Perfecto Sánchez Posada,"casco, guía, entrada, estacionamiento, uso de baños, vestidores",Up to 7 people,"Explora las impresionantes grutas de Carreragco, un pueblo de origen náhuatl en la Sierra Norte de Puebla. Recorre sus cavernas con guías especializados, admira sus formaciones naturales, conecta con la naturaleza y disfruta de la gastronomía y licores tradicionales de la comunidad.",,,,,,,,5660917625,,https://www.facebook.com/share/1E9YGKUfkW/,,PLATFORM VERSION 1 – Puebla,,,,,,,"Explora las cavernas de Carreragco en la Sierra Norte de Puebla. Admira formaciones naturales con guías expertos, conecta con la naturaleza y degusta licores y gastronomía tradicional.","Explora las cavernas de Carreragco en la Sierra Norte de Puebla. Admira formaciones naturales con guías expertos, conecta con la naturaleza y degusta licores y gastronomía tradicional."
PUE-017,Visita una colmena,Puebla,Huejotzingo,"Santa María Atexcac, Huejotzingo",Mexico,19.136595,-98.496642,,Nature,Talleres,Reynaldo Mestre Rojas,"cata de miel, comida",Up to 60 people,"Explora el fascinante mundo de las abejas con acceso a un apiario y equipo de apicultor. Conoce el manejo de la colmena, la producción de miel y sus derivados, y descubre la importancia de conservar y proteger a estos polinizadores esenciales.",,,,,,,,5574542581,imperialmelifera@gmail.com,https://www.facebook.com/imperialmelifera?locale=es_LA,https://www.instagram.com/imperialmelifera/,PLATFORM VERSION 1 – Puebla,,,,,,,"Explora el mundo de las abejas en un apiario equipado. Aprende a manejar colmenas, conoce cómo se produce la miel y descubre por qué es vital proteger a estos polinizadores.","Explora el mundo de las abejas en un apiario equipado. Aprende a manejar colmenas, conoce cómo se produce la miel y descubre por qué es vital proteger a estos polinizadores."
PUE-018,Teaaciztli,Puebla,Calpan,San Andrés Calpan,Mexico,19.110975,-98.437707,,Nature | Hiking | Gastronomy,Gastronomía y actividades,Epifanio García,"Recorrido, desayuno, comida, guía de turistas, estacionamiento, sanitarios",Up to 28 people,"Vive una experiencia gastronómica y cultural conectando con la naturaleza a través de senderismo temático, campamentos y baños de bosque, donde saborearás la gastronomía local de temporada, participarás en la reforestación de plantas y árboles, y vivirás un emotivo encuentro con mariposas desde su nacimiento hasta su liberación.",,,,,,,,2229996956,irmaychino@outlook.com,https://www.facebook.com/profile.php?id=100054490283410,https://www.instagram.com/teaaciztli.eco?utm_source=ig_web_button_share_sheet&igsh=ZDNlZDc0MzIxNw==,PLATFORM VERSION 1 – Puebla,,,,,,,"Disfruta gastronomía local, senderismo y campamentos. Reforesta árboles, toma baños de bosque y vive un emotivo encuentro con mariposas, desde su nacimiento hasta su liberación natural.","Disfruta gastronomía local, senderismo y campamentos. Reforesta árboles, toma baños de bosque y vive un emotivo encuentro con mariposas, desde su nacimiento hasta su liberación natural."
PUE-019,Humito del Volcán,Puebla,Nealtican,Colonia Guadalupe Hidalgo,Mexico,19.065757,-98.426907,,Nature | Hiking | Gastronomy,Saberes Tradicionales,Gloria Pérez,"400 son los servicios y los 2,500 incluye la experiencia vivencia (senderismo, temazcal y degustación).",Up to 20 people,"Conecta con la medicina tradicional mediante experiencias de gastronomía ancestral, temazcal terapéutico, sanaciones energéticas, senderismo para identificar plantas medicinales y rituales a la Madre Tierra. Además de vivir la experiencia, podrás aprender los procesos y saberes que dan vida a cada práctica.",,,,,,,,2225506096,gloriayao2019@gmail.com,https://www.facebook.com/share/18uTggx385/,,PLATFORM VERSION 1 – Puebla,,,,,,,"Conecta con la medicina tradicional y aprende sus saberes. Disfruta gastronomía ancestral, temazcal terapéutico, sanaciones, rituales a la Madre Tierra y senderismo botánico.","Conecta con la medicina tradicional y aprende sus saberes. Disfruta gastronomía ancestral, temazcal terapéutico, sanaciones, rituales a la Madre Tierra y senderismo botánico."
PUE-020,Ruta de Exconventos,Puebla,"Tepeaca, Tecali, Cuautinchan, Acatzingo, Quecholac, Tecamachalco",Tepeaca: cabecera y Santiago Acatlán; Tecali; Cuautinchán; Acatzingo; Quecholac: cabecera y Palmarito; Tecamachalco,Mexico,18.966624,-97.905525,,History and archaeology | Nature | Handicrafts | Gastronomy,Escenarios históricos,Judith Amelia Beristain,"Los 25 pesos, sólo incluye las explicaciones y servicio de Guía. De ahí, se determina con las necesidades del visitante y se va sumando entre traslados, entradas a los sitios, descuento por grupos, etc.",Up to 30 people,"Explora el Valle Central de Puebla recorriendo Tepeaca, Tecali, Tecamachalco, Quecholac, Cuauhtinchán y Acatzingo. Descubre santuarios, museos, vestigios mesoamericanos, arquitectura del siglo XVI, arte contemporáneo, gastronomía y artesanías locales en recorridos adaptados a tu tiempo.",,,,,,,,2232751995,coffeetours.puebla@gmail.com,https://www.facebook.com/share/1CzsauBHN8/,https://www.instagram.com/agenciadeviajes_coffeetours/,PLATFORM VERSION 1 – Puebla,,,,,,,"Explora el Valle Central de Puebla (Tepeaca, Tecali y más). Descubre santuarios, museos, vestigios mesoamericanos, arquitectura del siglo XVI, gastronomía y artesanías en recorridos a tu medida.","Explora el Valle Central de Puebla (Tepeaca, Tecali y más). Descubre santuarios, museos, vestigios mesoamericanos, arquitectura del siglo XVI, gastronomía y artesanías en recorridos a tu medida."
PUE-021,Descubre Chalchicomula,Puebla,Chalchicomula de Sesma,San Francisco Cuautlancingo (El Barrio) y San Isidrio Canoas Altas,Mexico,18.987971,-97.448310,,Nature | Hiking,Comunidad y vida cotidiana,José Francisco Rodríguez Bautista,"Recorrido, guía, transporte, equipo, comida, guía, botiquín, revista médico, ingreso al Parque.",Up to 60 people,"Conecta con la grandeza del Citlaltépetl mediante caminatas guiadas, ofrendas ceremoniales y recorridos por sitios de valor cultural. Descubre los saberes ancestrales de la comunidad, vive la montaña con guías locales y disfruta experiencias de aventura adaptadas a distintos niveles.",,,,,,,,2451123973 / 2451042248,galante_2040@hotmail.com,https://www.facebook.com/aventuradealturachalchicoluma?rdid=G0BLqEROzFx4xNs5&share_url=https%3A%2F%2Fwww.facebook.com%2Fshare%2F1KpvMiMe3A%2F#,https://www.facebook.com/profile.php?id=61590702275410&rdid=CvxmclkXsUDp0qVw&share_url=https%3A%2F%2Fwww.facebook.com%2Fshare%2F18umbQw5a7%2F#,PLATFORM VERSION 1 – Puebla,,,,,,,"Conecta con el Citlaltépetl en caminatas guiadas, ofrendas y sitios culturales. Vive la montaña con guías locales, descubre saberes ancestrales y disfruta aventuras para todo nivel.","Conecta con el Citlaltépetl en caminatas guiadas, ofrendas y sitios culturales. Vive la montaña con guías locales, descubre saberes ancestrales y disfruta aventuras para todo nivel."
PUE-022,Zem Lavandas,Puebla,Tepexi de Rodríguez,Tepexi de Rodríguez,Mexico,18.530153,-97.908833,,Nature | Handicrafts | Gastronomy,Talleres,Erika Niño Bautista,,Up to 20 people,"Conecta con la Madre Tierra mediante talleres de artesanías, catas de mezcal, experiencias en la naturaleza, rituales y ceremonias ancestrales. Una experiencia que promueve la conciencia ambiental y el respeto por los saberes y tradiciones de nuestros antepasados.",,,,,,,,2241065854,erikaninoba@gmail.com,https://www.facebook.com/zem.lavandas?locale=es_LA,https://www.instagram.com/zem_lavandas?utm_source=ig_web_button_share_sheet&igsh=ZDNlZDc0MzIxNw==,PLATFORM VERSION 1 – Puebla,,,,,,,"Conecta con la Madre Tierra en la naturaleza con talleres, catas de mezcal y rituales ancestrales. Fomenta la conciencia ambiental y el profundo respeto por nuestras tradiciones.","Conecta con la Madre Tierra en la naturaleza con talleres, catas de mezcal y rituales ancestrales. Fomenta la conciencia ambiental y el profundo respeto por nuestras tradiciones."
PUE-023,Mujeres con Sabor a Nguiva,Puebla,Tepexi de Rodríguez,San Felipe Otlaltepec,Mexico,18.403394,-97.907456,,Nature | Gastronomy,Gastronomía y actividades,Feliciana Gómez Jiménez,"Observación de procedimiento de alimentos, plato fuerte, guarnición, tortillas y agua",Up to 30 people,"Descubre la gastronomía ancestral junto a Mujeres con Sabor Nguiva y participa en la elaboración de platillos emblemáticos preparados en fogones tradicionales. Una experiencia que preserva, comparte y celebra los saberes culinarios heredados de generación en generación.",,,,,,,,2241070769,feligamez2025@gmail.com,https://www.facebook.com/profile.php?id=61579981796359&locale=es_LA,,PLATFORM VERSION 1 – Puebla,,,,,,,Descubre la gastronomía ancestral con Mujeres con Sabor Nguiva. Elabora platillos emblemáticos en fogones tradicionales y celebra los saberes culinarios heredados de generación en generación.,Descubre la gastronomía ancestral con Mujeres con Sabor Nguiva. Elabora platillos emblemáticos en fogones tradicionales y celebra los saberes culinarios heredados de generación en generación.
PUE-024,San Juan Raya,Puebla,Zapotitlán,San Juan Raya,Mexico,18.313831,-97.617308,,History and archaeology | Nature,Naturaleza,Benito Cruz Sánchez,"La ruta más común o corta, uso de instalaciones, estacionamiento",Up to 100 people,"Vive una experiencia de ecoturismo que te invita a conocer, sentir y valorar el patrimonio biocultural de la comunidad, conectando con su historia, naturaleza y tradiciones para contribuir a la preservación de este legado para las futuras generaciones.",,,,,,,,2381852378,sanjuanraya9@gmail.com,https://www.facebook.com/profile.php?id=100057658320571&locale=es_LA,https://www.instagram.com/sanjuanrayaoficial?igsh=bWJ6bHBhbTBoeWo4,PLATFORM VERSION 1 – Puebla,,,,,,,"Ecoturismo que conecta con la historia, naturaleza y tradiciones locales. Descubre, siente y valora el patrimonio biocultural de la comunidad ayudando a preservar su gran legado.","Ecoturismo que conecta con la historia, naturaleza y tradiciones locales. Descubre, siente y valora el patrimonio biocultural de la comunidad ayudando a preservar su gran legado."
PUE-025,Tenoxtitepe,Puebla,Zacatlán,Santiago Tepeixco,Mexico,20.029671,-97.958752,,Nature,Naturaleza,Angélica Arady Zavala Carballo,,Up to 40 people,,,,,,,,,5519532534 / 2221624593,tenoxtitepe.turismoregenerativo@gmail.com,,,PLATFORM VERSION 1 – Puebla,,,,,,,"Tenoxtitepe es una hermosa iniciativa de turismo regenerativo que se encuentra en la junta auxiliar de Santiago Tepeixco. Este proyecto destaca por su gran compromiso con la conservación ambiental, bioconstrucción, empleando materiales naturales.","Tenoxtitepe es una hermosa iniciativa de turismo regenerativo que se encuentra en la junta auxiliar de Santiago Tepeixco. Este proyecto destaca por su gran compromiso con la conservación ambiental, bioconstrucción, empleando materiales naturales."
MMM-016,Visit to the Cave of the Hanging Snakes,Quintana Roo,Felipe Carrillo Puerto,Kantemó,Mexico,19.4258,-88.4528,Caste War Route,Nature | Gastronomy,Nature,"Centro Ecoturístico Beej Ka’ax Ha, Kantemó","Guided cave tour, observation of bats and hanging snakes, and interpretation of the ecosystem.",Small groups.,"The night-time visit begins with a bicycle ride through the forest to the Cave of the Hanging Snakes. With local guides, visitors observe how non-venomous blotched rat snakes wait for different bat species as they leave the cave. The tour also reveals aquatic fauna adapted to darkness and fossils visible on the cavern walls.",Not applicable.,Not applicable.,The bat and snake species that can be observed.,Community members who participate in the project.,,"Knowledge of the forest, its species and its caves.",The use of locally produced organic ingredients.,997 977 4920,bejkaxha@yahoo.com.mx,Cueva de las Serpientes Colgantes de Kantemó,,"Maya World Mexico Tourism Experiences Catalogue, UNESCO / Maya World Mexico Alliance, 2025",CC BY-SA 3.0 IGO,,,,,,"The night-time visit begins with a bicycle ride through the forest to the Cave of the Hanging Snakes. With local guides, visitors observe how non-venomous blotched rat snakes wait for different bat species as they leave the cave. The tour also reveals aquatic fauna adapted to darkness and fossils visible on the cavern walls.","Guided cave tour, observation of bats and hanging snakes, and interpretation of the ecosystem."
MMM-017,Forest and Chicle: Yu’um K’áax Trail,Quintana Roo,Felipe Carrillo Puerto,Chunhuhub,Mexico,19.6861,-88.2833,Caste War Route,Hiking | History and archaeology,Nature,"Uka’ax Manatí, S.C. de R.L","Forest trail, demonstration of traditional chicle harvesting and interpretation of local flora and fauna.",Small groups.,"Immerse yourself in the heart of the Maya forest. Begin the day with the sounds of the forest and the aromas of local ingredients, and end it beneath a star-filled sky in a setting designed for rest in harmony with nature.",Products made by the community.,Traditional chicle harvesting and traditional cooking.,Regional organic resources and species such as the sapodilla tree used to produce chicle.,Community members who participate in the project.,Handicrafts.,Knowledge of the forest and the revival of chicle production.,The use of locally produced organic ingredients.,983 112 9044,reservas.selvabonita@gmail.com,Kiichpam Kaax-Selva Bonita,,"Maya World Mexico Tourism Experiences Catalogue, UNESCO / Maya World Mexico Alliance, 2025",CC BY-SA 3.0 IGO,,,,,,"Immerse yourself in the heart of the Maya forest. Begin the day with the sounds of the forest and the aromas of local ingredients, and end it beneath a star-filled sky in a setting designed for rest in harmony with nature.","Forest trail, demonstration of traditional chicle harvesting and interpretation of local flora and fauna."
MMM-018,Traditional Embroidery Workshop,Quintana Roo,Felipe Carrillo Puerto,X-pichil,Mexico,19.7522,-88.2628,Caste War Route,Nature | Handicrafts | History and archaeology,Handicrafts – embroidery,Artesanías Lol-Chuy,Community tour and hands-on traditional embroidery workshop with demonstrations of techniques and textile products.,Small groups.,Discover a creative and cultural experience in a traditional embroidery workshop led by expert artisans from the community of X-Pichil. Their embroidery designs are inspired by snake skin patterns and Maya geometric motifs that give a distinctive identity to women from the Maya region of Quintana Roo and set their work apart from designs found in other states.,Products made by the artisans.,Embroidery techniques.,Organic materials from the region.,Community members who participate in the project.,Handicrafts.,Knowledge of traditional embroidery.,The use of locally produced organic ingredients.,9831029376,lolchuy.chukoob@gmail.com,Lol-Chuy,,"Maya World Mexico Tourism Experiences Catalogue, UNESCO / Maya World Mexico Alliance, 2025",CC BY-SA 3.0 IGO,,,,,,Discover a creative and cultural experience in a traditional embroidery workshop led by expert artisans from the community of X-Pichil. Their embroidery designs are inspired by snake skin patterns and Maya geometric motifs that give a distinctive identity to women from the Maya region of Quintana Roo and set their work apart from designs found in other states.,Community tour and hands-on traditional embroidery workshop with demonstrations of techniques and textile products.
MMM-019,Swimming in the Chunyaxché Lagoon Channels,Quintana Roo,Felipe Carrillo Puerto,Chunyaxche,Mexico,20.0667,-87.7167,Caste War Route,Nature,Nature,"Muyil Conjunto de Aluxes, S.P.R. de R.I","Boat tour through the Chunyaxché channels, wildlife observation and tasting of traditional food.",Small groups.,"In the Sian Ka’an Biosphere Reserve, this experience crosses Chunyaxché Lagoon and an ancient channel built by the Maya. Accompanied by a local guide, visitors pass through different ecosystems, observe biodiversity and float in a clear freshwater channel. The route then continues towards the Boca Paila estuary, where wildlife such as manatees may be seen, and ends with a Maya meal at the Muyil community centre.",Not applicable.,Traditional cooking.,Chunyaxché Lagoon and the diverse plant and animal species that inhabit it.,Community members who participate in the project.,Traditional food.,Knowledge of Chunyaxché Lagoon and the diverse plant and animal species that live there.,The use of locally produced organic ingredients and care for the natural environment.,984 114 0750,tourssiankaan@gmail.com,,,"Maya World Mexico Tourism Experiences Catalogue, UNESCO / Maya World Mexico Alliance, 2025",CC BY-SA 3.0 IGO,,,,,https://www.siankaantours.com.mx/,"In the Sian Ka’an Biosphere Reserve, this experience crosses Chunyaxché Lagoon and an ancient channel built by the Maya. Accompanied by a local guide, visitors pass through different ecosystems, observe biodiversity and float in a clear freshwater channel. The route then continues towards the Boca Paila estuary, where wildlife such as manatees may be seen, and ends with a Maya meal at the Muyil community centre.","Boat tour through the Chunyaxché channels, wildlife observation and tasting of traditional food."
MMM-020,U Belilek Experience,Quintana Roo,Felipe Carrillo Puerto,Tihosuco,Mexico,20.2439,-88.1706,Caste War Route,History and archaeology,Cultural tours,"U Belilek Kaxtik Kuxtal, S.C. de R.L. de C.V","Maya welcoming ceremony, visit to the Caste War Museum and church, cultural workshops, music and dance.",Small groups.,"Immerse yourself in the legacy of Maya ancestors and learn about the most important Maya social movement in the state from members of the living Maya culture of Tihosuco. The experience begins with a Maya welcoming ceremony, followed by a tour of the Caste War Museum. Visitors also explore the Church of the Child Jesus, an imposing colonial building and one of the community’s most distinctive landmarks.",Local churches and products made by the community.,Regional recipes and ceremonies.,Organic resources from the region.,Community members who participate in the project.,Traditional cuisine and handicrafts.,The preparation of traditional food.,The use of locally produced organic ingredients.,983 700 8561,ubelilekmkt@gmail.com,U Belilek,,"Maya World Mexico Tourism Experiences Catalogue, UNESCO / Maya World Mexico Alliance, 2025",CC BY-SA 3.0 IGO,,,,,,"Immerse yourself in the legacy of Maya ancestors and learn about the most important Maya social movement in the state from members of the living Maya culture of Tihosuco. The experience begins with a Maya welcoming ceremony, followed by a tour of the Caste War Museum. Visitors also explore the Church of the Child Jesus, an imposing colonial building and one of the community’s most distinctive landmarks.","Maya welcoming ceremony, visit to the Caste War Museum and church, cultural workshops, music and dance."
MMM-021,Xóot Ich Kool: Let’s Go to the Milpa,Quintana Roo,Felipe Carrillo Puerto,Comunidad Señor,Mexico,19.9208,-87.8981,Caste War Route,Gastronomy | History and archaeology,Maya gastronomy and community experiences,"Xyaat Palma Camedoria, S.C. de R.L. de C.V","Visit to the milpa, agricultural and culinary activities, henequen craftmaking and time with Maya families.",Small groups.,"This experience introduces visitors to the traditional activities of a Maya community through the stories of its elders and residents. It begins with a primicia ceremony and continues with the identification of seeds and fruits from the milpa according to the season. It also includes a demonstration of henequen fibre extraction and a visit to a xunán kab stingless-bee apiary, where the bee’s cultural, medicinal and everyday importance is explained.",The community and henequen handicrafts.,Regional recipes and rituals.,Organic resources from the region.,Family members who participate in the project.,Traditional food and handicrafts.,The preparation of traditional food.,The use of locally produced organic ingredients.,+52 (983) 106 7624,reservacionesxyaat@gmail.com,Xyaat,,"Maya World Mexico Tourism Experiences Catalogue, UNESCO / Maya World Mexico Alliance, 2025",CC BY-SA 3.0 IGO,,,,,https://www.viajaturismocomunitario.com/xyaat-ecoturismo-comunitario-maya,"This experience introduces visitors to the traditional activities of a Maya community through the stories of its elders and residents. It begins with a primicia ceremony and continues with the identification of seeds and fruits from the milpa according to the season. It also includes a demonstration of henequen fibre extraction and a visit to a xunán kab stingless-bee apiary, where the bee’s cultural, medicinal and everyday importance is explained.","Visit to the milpa, agricultural and culinary activities, henequen craftmaking and time with Maya families."
MMM-022,Vida Yokot’an: Heirs to Ancestral Flavours,Tabasco,Nacajuca,Nacajuca,Mexico,18.1628,-93.0706,Maya Highlands,Gastronomy | History and archaeology,Gastronomy,Restaurante Herederos del Sazón Ancestral Yokot’an,"Cultural journey through Yokot’an cuisine, explanation of ingredients and ancestral recipes, and gastronomic tasting.",Small groups.,"Vida Yokot’an presents the relationship between Chontal culture, the Tabasco landscape and traditional cooking. The experience introduces the architecture and materials of a local house, as well as the utensils, ingredients and techniques used in food preparation. Guided by Doña Panchita, a recognised traditional cook, participants help prepare a tasting and learn about the cultural meaning of Yokot’an dishes.","The restaurant is built with materials from its natural surroundings, helping preserve its cultural authenticity.","The hosts share the history of ancestral Chontal Maya cuisine, including the ingredients and preparation methods used in the dishes. The gastronomic tasting, featuring ingredients from Tabasco, is the central element of the experience.",Located in the Yokot’an area of the municipality of Nacajuca.,Four people from the venue participate in the experience.,Most products are local and are grown by the organisation itself.,Knowledge of local gastronomy.,The use of locally produced organic ingredients.,9934750018,elchontalyokotan@gmail.com,Restaurante El Chontal,@sazon_ancestral.yokotan,"Maya World Mexico Tourism Experiences Catalogue, UNESCO / Maya World Mexico Alliance, 2025",CC BY-SA 3.0 IGO,,,,,,"Vida Yokot’an presents the relationship between Chontal culture, the Tabasco landscape and traditional cooking. The experience introduces the architecture and materials of a local house, as well as the utensils, ingredients and techniques used in food preparation. Guided by Doña Panchita, a recognised traditional cook, participants help prepare a tasting and learn about the cultural meaning of Yokot’an dishes.","Cultural journey through Yokot’an cuisine, explanation of ingredients and ancestral recipes, and gastronomic tasting."
MMM-023,Knowledge and Flavours: From Cacao to Chocolate,Tabasco,Comalcalco,Comalcalco,Mexico,18.2733,-93.2072,Maya Highlands,Gastronomy,Gastronomy,Leonel Sastre,"Agrotourism visit to cacao plantations, workshops, tastings and a demonstration of the chocolate-making process.","Small groups of up to 12 people, with advance booking.","This experience allows visitors to learn and carry out the artisanal process from cacao bean to chocolate. After touring the workshop and selecting the beans, participants roast, shell and grind the cacao to make their own chocolate piece. The activity includes tastings of cacao, chorote, regional sweets and other traditional Tabasco beverages.",The chocolate-making process observed during the tour.,The revival of the agricultural traditions of ancient Chontal Maya communities.,The experience takes place in cacao plantations near the community of Tecolutilla.,Two people participate directly and four indirectly.,Chocolate and cacao paste.,Knowledge of artisanal chocolate-making and traditional gastronomy.,A sustainable culture based on purchasing locally made products.,933 124 4517,embajadorasdelcacao@gmail.com,,,"Maya World Mexico Tourism Experiences Catalogue, UNESCO / Maya World Mexico Alliance, 2025",CC BY-SA 3.0 IGO,,,,,https://campesinadelcacao.com,"This experience allows visitors to learn and carry out the artisanal process from cacao bean to chocolate. After touring the workshop and selecting the beans, participants roast, shell and grind the cacao to make their own chocolate piece. The activity includes tastings of cacao, chorote, regional sweets and other traditional Tabasco beverages.","Agrotourism visit to cacao plantations, workshops, tastings and a demonstration of the chocolate-making process."
MMM-024,"Kacté: Soul, Hide and Leather",Tabasco,Centro,Villahermosa,Mexico,17.9892,-92.9475,Maya Highlands,Handicrafts | Gastronomy,Handicrafts,José de Jesús Moreno,"Leatherworking and huarache-making workshop, explanation of the craft and tasting of pozol.",Maximum of 6 people.,"The Moreno family welcomes visitors to a workshop devoted to saddlery and leathercraft. The experience presents the history of the trade, the differences between hides and leathers, and the tools used to transform them. Each participant designs and makes a bracelet or small leather keepsake with guided techniques.",Local raw materials used to make the handicrafts.,The preservation of the leatherworking tradition.,Not applicable.,Two support staff members.,Pozol.,The use of locally made handicrafts.,The transfer of knowledge.,9932768929,pepemorenohuaracheria@hotmail.com,Pepe Moreno Talabarteria y Marroquineria Artesanal,,"Maya World Mexico Tourism Experiences Catalogue, UNESCO / Maya World Mexico Alliance, 2025",CC BY-SA 3.0 IGO,,,,,,"The Moreno family welcomes visitors to a workshop devoted to saddlery and leathercraft. The experience presents the history of the trade, the differences between hides and leathers, and the tools used to transform them. Each participant designs and makes a bracelet or small leather keepsake with guided techniques.","Leatherworking and huarache-making workshop, explanation of the craft and tasting of pozol."
MMM-025,Bukajin “From the Wetlands to Muste”,Tabasco,Centla,Centla,Mexico,18.3794,-92.5983,Maya Highlands,Gastronomy,Nature,"Alcibíades de la Cruz, Restaurante Palapa Familiar El Puente","Boat tour through the Pantanos de Centla wetlands, landscape observation and tasting of local cuisine.",Maximum of 8 people.,"This experience combines Chontal cooking with a community tour in Quintín Arauz. Participants prepare sea bass in muste sauce and, while the dish cooks, travel through the town in a pochimóvil to learn about its history, church and elements of the Yokot’an language. Back at the restaurant, they enjoy the dish with handmade tortillas and local beverages such as coconut water or maize coffee.",Historic buildings.,The revival of traditional cooking.,Pantanos de Centla Biosphere Reserve.,Six people participate directly.,Pozol and dishes made with muste.,The transfer of Chontal Maya cultural knowledge and the revival of traditions.,Local consumption.,913 107 7728,delacruzarsides@gmail.com,Palapa familiar “El puente”,,"Maya World Mexico Tourism Experiences Catalogue, UNESCO / Maya World Mexico Alliance, 2025",CC BY-SA 3.0 IGO,,,,,,"This experience combines Chontal cooking with a community tour in Quintín Arauz. Participants prepare sea bass in muste sauce and, while the dish cooks, travel through the town in a pochimóvil to learn about its history, church and elements of the Yokot’an language. Back at the restaurant, they enjoy the dish with handmade tortillas and local beverages such as coconut water or maize coffee.","Boat tour through the Pantanos de Centla wetlands, landscape observation and tasting of local cuisine."
MMM-026,Baking Adventure,Tabasco,Jonuta,Centla,Mexico,18.0833,-92.1,Maya Highlands,Nature | Hiking | Gastronomy,Gastronomy,Cristian Caparroso,"Artisanal bread workshop, preparation of an individual piece, traditional breakfast, chocolate and the bread made during the activity.",Maximum of 6 people.,"Immerse yourself in an authentic experience where you will learn, create and taste artisanal bread made from recipes passed down over time. From the moment you arrive, host Cristina’s warmth makes you feel part of the baking family. The day begins with a refreshing pozol drink while you learn the history of the bakery and its importance in local gastronomy.","Navigation Museum in the former Frontera Maritime Customs House, El Conquistador restaurant and Frontera market.",The revival of traditional bread production using artisanal techniques.,Pantanos de Centla Biosphere Reserve.,Three people.,Artisanal bread.,The preservation of cultural resources.,The experience itself and the purchase of locally made products.,9131001158,delacruzarsides@gmail.com,Jonuteek,@panaderia_rosatrejo_uyototpajw,"Maya World Mexico Tourism Experiences Catalogue, UNESCO / Maya World Mexico Alliance, 2025",CC BY-SA 3.0 IGO,,,,,,"Immerse yourself in an authentic experience where you will learn, create and taste artisanal bread made from recipes passed down over time. From the moment you arrive, host Cristina’s warmth makes you feel part of the baking family. The day begins with a refreshing pozol drink while you learn the history of the bakery and its importance in local gastronomy.","Artisanal bread workshop, preparation of an individual piece, traditional breakfast, chocolate and the bread made during the activity."
MMM-027,Pishul Gastronomy,Tabasco,Tacotalpa,Tapijulapa,Mexico,17.4522,-92.7728,Maya Highlands,Gastronomy,Gastronomy,"Jaqueline Pérez, Restaurante El Sabor de la Sierra","Gastronomic experience and tasting of pishul, traditional snacks, fresh fruit drinks and local ingredients.",The experience is offered to small groups to ensure quality and personal attention.,"Pishul Gastronomy offers an immersion in the cuisine of Tapijulapa through one of its signature dishes. Doña Jaqui and her family welcome visitors, explain the history of pishul and introduce its ingredients and preparation techniques. The tasting is accompanied by traditional snacks and fresh drinks made with seasonal fruit, in a family setting that highlights the culinary memory of the Tabasco highlands.",Traditional utensils and spaces used to prepare and serve the dishes.,The transmission of culinary knowledge to younger generations through the gastronomic experience.,Responsible use of local ingredients and promotion of native products.,"Host family, local suppliers and visitors.","Pishul, traditional snacks, fresh fruit drinks and other native ingredients.",Appreciation of gastronomic heritage.,The consumption of local products and fair trade.,993 155 4107,sabordelasierra_tapijulapa@hotmail.com,El Sabor de la Sierra,,"Maya World Mexico Tourism Experiences Catalogue, UNESCO / Maya World Mexico Alliance, 2025",CC BY-SA 3.0 IGO,,,,,,"Pishul Gastronomy offers an immersion in the cuisine of Tapijulapa through one of its signature dishes. Doña Jaqui and her family welcome visitors, explain the history of pishul and introduce its ingredients and preparation techniques. The tasting is accompanied by traditional snacks and fresh drinks made with seasonal fruit, in a family setting that highlights the culinary memory of the Tabasco highlands.","Gastronomic experience and tasting of pishul, traditional snacks, fresh fruit drinks and local ingredients."
MMM-028,From Cacao to Chocolate Route,Tabasco,Comalcalco,Comalcalco,Mexico,18.2733,-93.2072,Maya Highlands,Handicrafts | Gastronomy,Gastronomy,Manuel Alejandro de la Cruz,"Tour of cacao haciendas, plantations and museums, tastings, chocolate-making and a cacao ceremony.",Visits are offered to small groups to ensure a more personalised experience.,"The From Cacao to Chocolate Route connects haciendas in Tabasco to present the history, cultivation and transformation of cacao. At Hacienda Jesús María, visitors explore nurseries and plantations, learn about spaces associated with daily life and make artisanal chocolate. At Hacienda La Luz, the experience includes the museum and factory, with tastings of chocolate and pozol.","The haciendas, historic tools used in cacao production and local gastronomy.",Culinary traditions and ancestral cacao rituals.,Cacao plantations maintained through ecological practices.,"Local guides, cacao producers, traditional cooks and artisans.","Artisanal chocolate, pozol, cacao wine and other locally made products.",Education about sustainable practices and local cacao production.,"The participation of local communities in tourism, ensuring direct benefits from the activity.",993 106 9545,dexperieciamx@gmail.com,Dexperiencia,,"Maya World Mexico Tourism Experiences Catalogue, UNESCO / Maya World Mexico Alliance, 2025",CC BY-SA 3.0 IGO,,,,,,"The From Cacao to Chocolate Route connects haciendas in Tabasco to present the history, cultivation and transformation of cacao. At Hacienda Jesús María, visitors explore nurseries and plantations, learn about spaces associated with daily life and make artisanal chocolate. At Hacienda La Luz, the experience includes the museum and factory, with tastings of chocolate and pozol.","Tour of cacao haciendas, plantations and museums, tastings, chocolate-making and a cacao ceremony."
MMM-029,Manatee Watching,Tabasco,Centla,Jonuta,Mexico,18.3794,-92.5983,Maya Highlands,Nature | Hiking | Gastronomy,Nature,Jonuteek,"Guided manatee watching, environmental interpretation and controlled feeding of wildlife.",Groups of 20 people.,"This experience allows visitors to observe manatees and learn about their habitat in the channels and rivers of Jonuta with local guides. During the tour, guides explain the species’ behaviour, diet and conservation needs, as well as the biodiversity associated with Los Pájaros Lagoon. The visit may be complemented with recreational spaces and regional cuisine prepared with products from nearby bodies of water.",Traditional houses in the community of Los Pájaros.,"Community knowledge related to the protection of manatees, migratory birds and other at-risk species.","Lagoon, channels and aquatic ecosystems of the Los Pájaros community.","Local guides, volunteers, community members, researchers and students involved in conservation.","Typical regional dishes, especially cuisine based on products from nearby bodies of water.","Participation in environmental education, volunteering and the care of wildlife and plants.","The protection of manatees and migratory birds through conservation, research and community participation.",52 322 148 2412,jonuteek@gmail.com,Jonuteek,,"Maya World Mexico Tourism Experiences Catalogue, UNESCO / Maya World Mexico Alliance, 2025",CC BY-SA 3.0 IGO,,,,,,"This experience allows visitors to observe manatees and learn about their habitat in the channels and rivers of Jonuta with local guides. During the tour, guides explain the species’ behaviour, diet and conservation needs, as well as the biodiversity associated with Los Pájaros Lagoon. The visit may be complemented with recreational spaces and regional cuisine prepared with products from nearby bodies of water.","Guided manatee watching, environmental interpretation and controlled feeding of wildlife."
MMM-030,Dive into the Ch’ulam Ja Adventure,Tabasco,Centla,Centla,Mexico,18.3794,-92.5983,Maya Highlands,Gastronomy,Gastronomy,Asunción Hernández,"Boat tour through the Pantanos de Centla wetlands, wildlife observation, traditional fishing and regional food.",Maximum of 20 people.,"The experience begins at El Negro Chon restaurant with an introduction to the history and culture of the Pantanos de Centla wetlands. After a safety briefing, visitors navigate the wetland channels to San Pedrito Lagoon while a guide explains the ecological importance of the area. At the lagoon, they take part in the traditional gathering of chocolata clams and, on returning, enjoy minilla empanadas, a seasonal drink and clams roasted over a hearth.",Navigation Museum in the former Frontera Maritime Customs House.,Traditional waterside cuisine using ingredients native to the region.,Pantanos de Centla Biosphere Reserve.,Five people.,White ceviche.,The conservation of natural resources.,The transfer of knowledge about natural resources.,913 102 4945,negrochon@hotmail.com,,@restaurante_elnegrochon,"Maya World Mexico Tourism Experiences Catalogue, UNESCO / Maya World Mexico Alliance, 2025",CC BY-SA 3.0 IGO,,,,,,"The experience begins at El Negro Chon restaurant with an introduction to the history and culture of the Pantanos de Centla wetlands. After a safety briefing, visitors navigate the wetland channels to San Pedrito Lagoon while a guide explains the ecological importance of the area. At the lagoon, they take part in the traditional gathering of chocolata clams and, on returning, enjoy minilla empanadas, a seasonal drink and clams roasted over a hearth.","Boat tour through the Pantanos de Centla wetlands, wildlife observation, traditional fishing and regional food."
MMM-031,Kakaw Ceremony,Tabasco,Comalcalco,Comalcalco,Mexico,18.2733,-93.2072,Maya Highlands,Gastronomy,Gastronomy,Verónica Candelero,"Visit to cacao plantations, cultural ceremony, historical interpretation and tasting of cacao seeds, pozol and chocolate.",Maximum of 12 people.,"The host introduces visitors to the history and cultural significance of cacao before travelling to the plantations. There, a ceremony connects the seed with the spirituality and memory of Indigenous peoples. The tour explains cacao’s origins, uses and associated traditions, and concludes with a tasting of seeds, pozol and artisanal chocolate.",Comalcalco archaeological site.,The cacao ceremony and its process.,Cacao plantations.,Three people.,Artisanal bread.,The revival of cultural heritage associated with the cacao seed.,The consumption of local products.,9933725257,chocolatescacaste@gmail.com,Cacaste “Los sabores de Tabasco al mundo”,,"Maya World Mexico Tourism Experiences Catalogue, UNESCO / Maya World Mexico Alliance, 2025",CC BY-SA 3.0 IGO,,,,,,"The host introduces visitors to the history and cultural significance of cacao before travelling to the plantations. There, a ceremony connects the seed with the spirituality and memory of Indigenous peoples. The tour explains cacao’s origins, uses and associated traditions, and concludes with a tasting of seeds, pozol and artisanal chocolate.","Visit to cacao plantations, cultural ceremony, historical interpretation and tasting of cacao seeds, pozol and chocolate."
TLA-001,Magueyera Saniz,Tlaxcala,Calpulalpan,San Felipe Sultepec,Mexico,19.587066,-98.618430,,History and archaeology | Nature | Gastronomy,Talleres,Isela Aurea Islas Montiel,"Recorrido en la magueyera, recorrido en producción de miel de maguey, recorrido en tinacal-destileria, comidas y bebidas",Up to 30 people,"Adéntrate en el territorio del maguey y descubre su rica historia milenaria. Recorre la magueyera, aprende técnicas ancestrales, usa palabras en náhuatl y saborea el aguamiel fresco. Conoce la elaboración de miel de maguey y visita el tinacal para degustar pulque y destilados únicos, culminando con una deliciosa comida tradicional.",,,,,,,,7491049593,sanizmaguey@gmail.com,https://www.facebook.com/sanizmaguey/?locale=es_LA,https://www.instagram.com/sanizmaguey/,PLATFORM VERSION 1 – Tlaxcala,,,,,,,"Explora el territorio del maguey, aprende técnicas milenarias y saborea aguamiel fresco. Descubre cómo se hace su miel, visita el tinacal para degustar pulque y destilados, y culmina con comida tradicional.","Explora el territorio del maguey, aprende técnicas milenarias y saborea aguamiel fresco. Descubre cómo se hace su miel, visita el tinacal para degustar pulque y destilados, y culmina con comida tradicional."
TLA-002,Maizapan,Tlaxcala,Tlaxco y Atlangatepec,"Buenavista, Tepeyahualco, Lagunilla, Matamoros y Tezoyo",Mexico,19.569840,-98.272640,,Nature | Handicrafts | Gastronomy,Talleres,Hector Fuentes Ronquillo,"*Desayuno en el campo en temática de maíz que incluye lo siguiente: -dos tamales -atole de maíz azul libre acceso -café de maíz libre acceso -una gelatina de maíz morado -un tlaxcal relleno de requesón -tres polvorones pequeños de maíz azul -un pan tostado con mermelada de nopal . *Realización de una ceremonia prehispánica en agradecimiento a la madre tierra. *Explicación del maíz desde el enfoque biocultural y técnico. *Demostración de cómo se ciega y se pizca el maíz. *Actividades recreativas que se pondrán en práctica como la Rayuela, canicas, lotería y resortera. *Traslado al taller elabora tu mazapán -Aprenderá paso a paso cómo se elabora el mazapán de maíz azul con tus propias manos lo elaborarás guiado por el productor y creador del dulce y que comparte sus conocimientos con sencillez y cariño y al finalizar podrás llevarte tu mazapán como recuerdo de una experiencia llena de sabor y significado. *Visita guiada a la barca de la fe -Durante el recorrido se comparte el origen se narra cómo surgió la iniciativa y visión que motivó la construcción, uno de los momentos más emotivos de la visita es conocer como los propios pobladores participaron en su construcción al igual que cada detalle del templo refleja el amor, la dedicación y el compromiso de quienes creyeron en este proyecto. *Historia y degustación de mazapán -La degustación de los productos del maíz azul es un viaje sensorial que finalmente probarás el dulce sabor del maíz azul convertido en tradición viva. Cada bocado tiene textura suave, aroma tostado y un sabor que conecta con nuestras raíces. Es el equilibrio perfecto entre campo, familia y comunidad. Maizapán no solo alimenta el paladar, alimenta el alma. Es amor sembrado, tradición molida y herencia compartida. *Alimentos en temática de maíz La comida elaborada por manos de cocinera tradicional es mucho más que un servicio gastronómico, es una experiencia cultural viva que conecta historia, territorio y memoria. La cocina se convierte en un acto de amor a la Tierra y a los sabores heredados, la cocinera comparte no solo recetas, sino relatos, técnicas ancestrales y significado cultural. Los alimentos incluye lo siguiente:",Up to 25 people,"Vive el agroturismo en Tlaxcala y conecta con la tierra a través del maíz azul. Disfruta un desayuno tradicional y una ceremonia prehispánica en el maizal. Aprende a elaborar tu propio mazapán artesanal, maravíllate con La Barca de la Fe y saborea una exquisita comida ancestral.",,,,,,,,2411693081 / 2411015290,maizapan1977@gmail.com,https://www.facebook.com/maizapandetlaxcala/,https://www.instagram.com/maizapan_oficial/,PLATFORM VERSION 1 – Tlaxcala,,,,,,,"Vive el agroturismo en Tlaxcala con el maíz azul. Disfruta un desayuno, una ceremonia prehispánica y elabora tu propio mazapán. Maravíllate visitando La Barca de la Fe y culmina saboreando una exquisita comida ancestral.","Vive el agroturismo en Tlaxcala con el maíz azul. Disfruta un desayuno, una ceremonia prehispánica y elabora tu propio mazapán. Maravíllate visitando La Barca de la Fe y culmina saboreando una exquisita comida ancestral."
TLA-003,"Axolotl, ¿Héroe o Villano?",Tlaxcala,Calpulalpan.,La Soledad.,Mexico,19.335201,-98.628029,,Nature | Gastronomy,Saberes Tradicionales,Elia Martínez Cajero,"Itinerario Axolotl: estacionamiento, baños, transporte en remolque, guía turístico, seguro del viajero, taller de lombricomposta y materiales, espectáculo de la leyenda del Quinto Sol y, eventualmente la comida si se contrató. Itinerio Luciérnaga: estacionamiento, baños, transporte en remolque, guía turístico, seguro del viajero, hospedaje, comidas (cena y desayuno) y taller teórico-práctico del pulque.",Up to 84 people,"Sumérgete en un bosque mágico donde la leyenda del Quinto Sol y el místico ajolote te enseñan sobre autoregeneración y bienestar. Participa en un taller de composta, interactúa con el maíz y el maguey, saborea la gastronomía tradicional y maravíllate con el avistamiento de luciérnagas.",,,,,,,,5511924922 / 7491039350,centrolas4e@gmail.com,https://www.facebook.com/Cuatroeluciernaga/,https://www.instagram.com/centrolas4e/,PLATFORM VERSION 1 – Tlaxcala,,,,,,,"Vive un bosque mágico con la leyenda del Quinto Sol y el ajolote. Disfruta un taller de composta, interactúa con maíz y maguey, saborea la gastronomía local y maravíllate con el avistamiento de luciérnagas.","Vive un bosque mágico con la leyenda del Quinto Sol y el ajolote. Disfruta un taller de composta, interactúa con maíz y maguey, saborea la gastronomía local y maravíllate con el avistamiento de luciérnagas."
TLA-004,Saberes y Sabores de mi Pueblo,Tlaxcala,Nanacamilpa y Calpulalapan,Nanacamilpa y Calpulalapan,Mexico,19.497916,-98.570045,,History and archaeology | Nature | Gastronomy,Escenarios históricos,Yadira Olvera Linarte,". *Servicios y elementos cubiertos por el pago de la experiencia: Entradas y accesos a: - Santuario de las Luciérnagas (en temporada) - Zona Arqueológica de Tecoaque y museo de sitio - Bosque de Nanacamilpa - Centro histórico de Nanacamilpa, museo de sitio y degustación de helado o agua fresca o bebida caliente) - Pago por zonas ejidales y áreas protegidas - Información, orientación y guía en cada uno de los lugares de las rutas pagadas - Alimentos en ""El Ranchito"" (desayuno y comida) - Una noche de hospedaje en Hacienda San Cayetano",Up to 40 people,"Vive una experiencia única en Tlaxcala conectando historia y bienestar. Explora la Zona Arqueológica de Tecoaque y el centro histórico de Nanacamilpa. Disfruta un hospedaje excepcional en la Hacienda San Cayetano, deleítate con un desayuno tradicional en el bosque y relájate con un renovador baño forestal.",,,,,,,,4492781795,nohemibrindis3@gmail.com,https://www.facebook.com/p/Cuatro-Ra%C3%ADces-Rutas-y-Sabores-61574667981150/,https://www.instagram.com/yadiravianeyolvera/,PLATFORM VERSION 1 – Tlaxcala,,,,,,,"Conecta historia y bienestar en Tlaxcala. Explora Tecoaque y Nanacamilpa, hospédate en Hacienda San Cayetano, saborea un desayuno en el bosque y relájate con un renovador baño forestal.","Conecta historia y bienestar en Tlaxcala. Explora Tecoaque y Nanacamilpa, hospédate en Hacienda San Cayetano, saborea un desayuno en el bosque y relájate con un renovador baño forestal."
TLA-005,Luciernagas en Nanacamilpa,Tlaxcala,Nanacamilpa,"Francisco I. Madero, San Felipe Hidalgo, Nanacamilpa y Tepuente",Mexico,19.492486,-98.563156,,Gastronomy,Gastronomía y actividades,Ana Laura Huerta Ortiz y Fabiola Huerta Ortiz,DETALLADO ARRIVA PREGUNTA139,Up to 68 people,"Vive la magia de Nanacamilpa con esta experiencia inolvidable. Saborea la gastronomía local con xoletongo y tequexquite, y disfruta de una auténtica degustación de pulque. Al anochecer, maravíllate con el espectacular avistamiento de luciérnagas en Rancho Huertas. Finaliza tu aventura descansando plácidamente y descubriendo las fascinantes crónicas del parque.",,,,,,,,5554542806 / 2481618840,santuario.luciernagas.rh1@gmail.com,https://www.facebook.com/santuariohuertas/,https://www.instagram.com/ranchohuertas/,PLATFORM VERSION 1 – Tlaxcala,,,,,,,"Vive Nanacamilpa degustando xoletongo, tequexquite y auténtico pulque. Maravíllate al anochecer avistando luciérnagas en Rancho Huertas, descubre fascinantes crónicas locales y descansa plácidamente en una experiencia mágica e inolvidable.","Vive Nanacamilpa degustando xoletongo, tequexquite y auténtico pulque. Maravíllate al anochecer avistando luciérnagas en Rancho Huertas, descubre fascinantes crónicas locales y descansa plácidamente en una experiencia mágica e inolvidable."
TLA-006,Nanayork,Tlaxcala,Nanacamilpa y Calpulalpan,"Tepuente Mpio de Nanacamilpa, Santa Isabel Mixtitlan y San Felipe Sultepec Municipio de Calpulalpan.",Mexico,19.496130,-98.533090,,History and archaeology | Gastronomy,Gastronomía y actividades,Marcos Erick Morales Muñoz,"INTRODUCCION CULTURAL $ 250.00 RECORRIDO INTERPRETATIVO, DEGUISTACIÓN GUIADA DE AGUA MIEL Y PULQUE Y EXPLICACIÓN DEL METEPANTLE EXPERIENCIA PRODUCTIVA $ 950.00 RECORRIDO INTERPRETATIVO, DEGUISTACIÓN GUIADA DE AGUA MIEL Y PULQUE Y EXPLICACIÓN DEL METEPANTLE, COMIDA DE COCINA TRADICIONAL, CAPA DE MAGUEY. INMERSIÓN TÉCNICA $ 1650 RECORRIDO INTERPRETATIVO, DEGUISTACIÓN GUIADA DE AGUA MIEL Y PULQUE Y EXPLICACIÓN DEL METEPANTLE, COMIDA DE COCINA TRADICIONAL, CAPA DE MAGUEY. PROCESOS DE DESTILACION Y DEGUSTACIÓN , EXPLICACIÓN ACADEMICA DEL METEPANTLE , DEGUSTACIÓN DE LA CAPA DE MAGUEY.",Up to 30 people,"Descubre Nanayork, una inmersión en el Corredor Biocultural Santa Isabel–Tepuente. Conecta el pasado arqueológico de Tecoaque con la vitalidad agrícola actual mediante el sistema del metepantle. Participa en la extracción de aguamiel, aprende sobre el proceso del pulque y disfruta una integración gastronómica auténtica en este aula territorial viva.",,,,,,,,2461069978 / 5519808117 / 2411710265,nanayorktourism@gmail.com,https://www.facebook.com/people/Colectiva-Nanayork/61588567222421/,https://www.instagram.com/nanayork_tourism/,PLATFORM VERSION 1 – Tlaxcala,,,,,,,"Descubre el Corredor Biocultural Santa Isabel–Tepuente. Une el pasado de Tecoaque y la agricultura actual, extrae aguamiel, aprende del pulque y disfruta gastronomía auténtica en esta inmersión viva.","Descubre el Corredor Biocultural Santa Isabel–Tepuente. Une el pasado de Tecoaque y la agricultura actual, extrae aguamiel, aprende del pulque y disfruta gastronomía auténtica en esta inmersión viva."
TLA-007,Huerto La Quinta,Tlaxcala,Españita,San Agustín.,Mexico,19.460257,-98.509173,,Nature | Handicrafts,Naturaleza,Malinalli Jiménez Suárez y Ali Chumacero López,"1. Alimentos de cortesía 2. Guías de turistas 3. Actividades lúdicas (plantar árboles, podar, cosechas, ofrendas, etc) 4. Interacción con especies arbóreas 5. Consumo de frutales 6. Baño forestal 7. Almuerzo campirano 8. Paseo en canoa",Up to 25 people,"Descubre el Huerto Agroturístico La Quinta en Tlaxcala y conecta con la tierra. Degusta un desayuno artesanal y aprende sobre producción agroecológica cosechando tejocotes y manzanas. Escucha el corazón de los árboles, relájate con un baño forestal, rema en canoa y saborea un almuerzo campirano.",,,,,,,,2461493972 / 5667597636,huertolaquinta@gmail.com,https://www.facebook.com/MalinalliJS/,https://www.instagram.com/huerta.laquinta/,PLATFORM VERSION 1 – Tlaxcala,,,,,,,"Conecta con la tierra en el Huerto La Quinta de Tlaxcala. Disfruta un desayuno artesanal, cosecha tejocotes, y aprende agroecología. Escucha a los árboles en un baño forestal, rema en canoa y deléitate con un almuerzo campirano.","Conecta con la tierra en el Huerto La Quinta de Tlaxcala. Disfruta un desayuno artesanal, cosecha tejocotes, y aprende agroecología. Escucha a los árboles en un baño forestal, rema en canoa y deléitate con un almuerzo campirano."
TLA-008,Viaje al Mundo del Maguey,Tlaxcala,Españita,Álvaro Obregón,Mexico,19.464228,-98.473678,,Nature | Gastronomy,Comunidad y vida cotidiana,Adriana Ortiz Nolasco,- Guía local del día - Consumo de fruta de temporada durante el recorrido - Consumo de pulque y aguamiel durante el recorrido - Recorrido del baño de bosque - Desayuno - Comida,Up to 30 people,"Vive una experiencia transformadora conectando con la naturaleza y el maguey. Disfruta un desayuno agroecológico y descubre ecotecnias en ""Los Domos"". Aprende a extraer aguamiel, relájate con un baño de bosque y meditación. Explora los secretos del tinacal, cocina platillos tradicionales y reconecta tu espíritu con esta herencia ancestral sustentable.",,,,,,,,2461354075,ortiznolascoadriana@gmail.com,https://www.facebook.com/ProductosOrganicosDelMagueyal/?locale=es_LA,https://www.instagram.com/herencia_delmagueyal/,PLATFORM VERSION 1 – Tlaxcala,,,,,,,"Conecta con la naturaleza en ""Los Domos"". Disfruta un desayuno agroecológico, extrae aguamiel y relájate con meditación y baño de bosque. Descubre el tinacal, cocina platillos tradicionales y vive esta herencia sustentable.","Conecta con la naturaleza en ""Los Domos"". Disfruta un desayuno agroecológico, extrae aguamiel y relájate con meditación y baño de bosque. Descubre el tinacal, cocina platillos tradicionales y vive esta herencia sustentable."
TLA-009,El Camino Grande,Tlaxcala,"San Idelfonso Hueyotlipan, Panotla y Tlaxco","Hueyotlipan, San Mateo Huexoyucan y San Andres Buenavista",Mexico,,,,History and archaeology | Nature | Handicrafts | Gastronomy,Escenarios históricos,Doris Elena Macías García,Servicio de guía Acceso a minas de tiza Acceso a barac de la fe,Up to 50 people,"Conecta con la historia y la naturaleza de Hueyotlipan en este viaje. Explora su exconvento franciscano, murales y la icónica Barca de la Fe. Adéntrate en las impresionantes minas de tiza, visita un apiario y deleita tu paladar con deliciosos quesos artesanales, helados, maizapán y gastronomía local.",,,,,,,,2228134331 / 2215968147,koolturistico@gmail.com,https://www.facebook.com/p/Culturistico-Hueyotlipan-100071339749830/?locale=es_LA,https://www.instagram.com/culturistico_hueyotlipan/,PLATFORM VERSION 1 – Tlaxcala,,,,,,,"Explora Hueyotlipan: su exconvento, murales y La Barca de la Fe. Adéntrate en minas de tiza, visita un apiario y deleita tu paladar con quesos artesanales, helados, mazapán y deliciosa gastronomía local.","Explora Hueyotlipan: su exconvento, murales y La Barca de la Fe. Adéntrate en minas de tiza, visita un apiario y deleita tu paladar con quesos artesanales, helados, mazapán y deliciosa gastronomía local."
TLA-010,Respirando Rutas,Tlaxcala,Tetla de la Solidaridad | San Antonio Cuaxomulco | San Jose Teacalco,Ocotitla | San Bartolome Matlalohcan | Primera Seccion Cuaxomulco | Segunda Sección Teacalco,Mexico,19.455105,-98.096194,,Nature | Hiking | Gastronomy,Comunidad y vida cotidiana,Alicia Torres Trujillo,"1. Experiencia Respirando Rutas incluye: Estacionamiento, préstamo de bastón de senderismo, meditación guiada, uso de botiquín de primeros auxilios, guía. 2. Experiencia Respirando Rutas en comunidad con Tepeyololco: Estacionamiento, préstamo de bastón de senderismo, meditación guiada, uso de botiquín de primeros auxilios, guía, servicio de temazcal comunitario, masaje relajante, comida en comedor, hospedaje en cabaña, cena en comedor y desayuno en comedor.",Up to 30 people,"Renueva tu espíritu caminando por los hermosos senderos de Tlaxcala. Acompañado por saberes comunitarios, conectarás con los cuatro elementos mediante rituales ancestrales para liberar emociones. Alcanza la cima, maravíllate con los imponentes gigantes dormidos como la Matlalcueyétl, y culmina esta sanadora experiencia degustando la auténtica gastronomía local.",,,,,,,,2414208514,respirandorutas2022@gmail.com,https://www.facebook.com/respirandorutas,https://www.instagram.com/respirandorutas/,PLATFORM VERSION 1 – Tlaxcala,,,,,,,"Renueva tu espíritu en los senderos de Tlaxcala. Conecta con los elementos en rituales liberadores, maravíllate en la cima con gigantes dormidos como la Matlalcueyétl y culmina la sanación degustando auténtica gastronomía local.","Renueva tu espíritu en los senderos de Tlaxcala. Conecta con los elementos en rituales liberadores, maravíllate en la cima con gigantes dormidos como la Matlalcueyétl y culmina la sanación degustando auténtica gastronomía local."
TLA-011,La Ruta de la Miel Terrenate,Tlaxcala,Terrenate y Huamantla,Localidad 1. Guadalupe Victoria (Terrenate) | Localidad 2. Terrenate Centro | Localidad 3. Huamantla Centro,Mexico,19.439052,-97.937962,,History and archaeology | Nature | Gastronomy,Naturaleza,Marisol Fuentes Hernández y Mauricio Hernández López,Ingreso a la Hacienda Uso de sanitarios públicos Desayuno 1 Comidas Recorrido por cultivos de fresa (de acuerdo a la temporada) Charla introductoria al mundo de las abejas y la apicultura Equipo de apicultor Visita al santuario de las abejas Meditación con abejas Degustación de mieles y productos derivados Visita al interior de la Hacienda,Up to 65 people,Vive la Ruta de la Miel en la histórica Hacienda San Juan Bautista Tepeyahualco. Conecta con la naturaleza recorriendo hermosos cultivos de fresas y adéntrate al santuario de abejas para meditar profundamente. Saborea distintas mieles y finaliza este transformador viaje degustando auténtica gastronomía tradicional elaborada por cocineras de Guadalupe Victoria.,,,,,,,,5536580299,ruta.tierravictoria@gmail.com,https://www.facebook.com/LaRutadelaMiel/?locale=es_LA,https://www.instagram.com/larutadelamiel/,PLATFORM VERSION 1 – Tlaxcala,,,,,,,"Vive la Ruta de la Miel en Hacienda San Juan Bautista. Recorre cultivos de fresa, medita en el santuario de abejas, cata mieles y finaliza degustando rica gastronomía local de Guadalupe Victoria.","Vive la Ruta de la Miel en Hacienda San Juan Bautista. Recorre cultivos de fresa, medita en el santuario de abejas, cata mieles y finaliza degustando rica gastronomía local de Guadalupe Victoria."
TLA-012,Del Metepantle al Tinacal,Tlaxcala,Altzayanca,San José Buenavista,Mexico,,,,Nature | Gastronomy,Saberes Tradicionales,José Geronimo Rosainz Arroyo,Experiencia Alimentos y bebidas,Up to 50 people,Descubre la magia del maguey en una fascinante experiencia de naturaleza. Recorre hermosas magueyeras y aprende a extraer aguamiel con instrumentos ancestrales. Visita el tinacal para conocer los secretos del pulque y la destilación del mezcal. Culmina tu día disfrutando una deliciosa comida tradicional y una exquisita degustación de curados.,,,,,,,,2471061427 / 2474758029,sauces.gero@gmail.com,https://www.facebook.com/grupomayamel/#,,PLATFORM VERSION 1 – Tlaxcala,,,,,,,"Explora magueyeras y aprende a extraer aguamiel con herramientas ancestrales. Visita el tinacal, descubre los secretos del pulque y destilación del mezcal, y culmina saboreando comida tradicional con una degustación de curados.","Explora magueyeras y aprende a extraer aguamiel con herramientas ancestrales. Visita el tinacal, descubre los secretos del pulque y destilación del mezcal, y culmina saboreando comida tradicional con una degustación de curados."
TLA-013,Museo Comunitario de Atltzayanca,Tlaxcala,,,Mexico,,,,History and archaeology | Nature,Escenarios históricos,Óscar Huacuja,,,"Descubre el Museo Comunitario de Atltzayanca, un pequeño espacio que resguarda una gran historia. Conecta con el patrimonio, las raíces y la identidad tlaxcalteca explorando sus fascinantes exhibiciones locales en un viaje inolvidable.",,,,,,,,2761060961,,https://www.facebook.com/museocomunitario.deatltzayanca/,,PLATFORM VERSION 1 – Tlaxcala,,,,,,,"Descubre el Museo Comunitario de Atltzayanca, un pequeño espacio que resguarda una gran historia. Conecta con el patrimonio, las raíces y la identidad tlaxcalteca explorando sus fascinantes exhibiciones locales en un viaje inolvidable.","Descubre el Museo Comunitario de Atltzayanca, un pequeño espacio que resguarda una gran historia. Conecta con el patrimonio, las raíces y la identidad tlaxcalteca explorando sus fascinantes exhibiciones locales en un viaje inolvidable."
TLA-014,Huertas San Isidro,Tlaxcala,Altzayanca,Concepción Hidalgo,Mexico,19.395712,-97.824100,,Nature | Gastronomy,Saberes Tradicionales,Candelaria Morales Silban,"La experiencia ""Raices de Atltazayanca, Sabores del campo de Huertas San Isidro"" incluye: * el trabajo de 2 guías * la entrada a Casa Atlzayanca * El recorrido: senderismo Interpretativo y biocultural en la huerta (incluido la plática ""la alquimia del injerto"") * Un frasco de néctar de durazno * Degustación de fruto * Participación en Taller de mole de durazno (insumos y degustación) * Comida (sopa de la casa, arroz, tortillas hechas a mano, mole de durazno con guajolote o pollo criollos) * Infusión * Degustación de pulque *Acceso a sanitarios * Estacionamiento",Up to 25 people,"Descubre ""Raíces de Atltzayanca"" en Huertas San Isidro, un santuario de tradición y agricultura orgánica. Aprende la alquimia del injerto, participa en la cosecha de duraznos y maravíllate con la medicina ancestral. Culmina esta inmersión preparando un exquisito mole de durazno en fogón tradicional.",,,,,,,,2471076797 / 2761043119,argelio18morales@gmail.com,https://www.facebook.com/Huertassanisidro/?locale=es_LA,https://www.instagram.com/huertas_san_isidro/,PLATFORM VERSION 1 – Tlaxcala,,,,,,,"Descubre ""Raíces de Atltzayanca"" en Huertas San Isidro. Aprende la alquimia del injerto, cosecha duraznos y maravíllate con la medicina ancestral. Culmina preparando un exquisito mole de durazno en fogón tradicional.","Descubre ""Raíces de Atltzayanca"" en Huertas San Isidro. Aprende la alquimia del injerto, cosecha duraznos y maravíllate con la medicina ancestral. Culmina preparando un exquisito mole de durazno en fogón tradicional."
TLA-015,Territorio del Coyote,Tlaxcala,Yauhquemehcan,"San Francisco Tlacuilohcan, Santa María Atlihuetzian",Mexico,19.392590,-98.201380,,Nature | Handicrafts,Naturaleza,Tonatzin Osorio Herrera,"Guía, alimentos, insumos de talleres",Up to 35 people,"Explora el místico bosque de Tlacuilohcan, un refugio donde la naturaleza se entrelaza con leyendas ancestrales. Conoce el emblemático ""Árbol de las Brujas"", recorre la impresionante barranca de los huesos gigantes, elabora artesanías personalizadas y disfruta de un exquisito desayuno tradicional con conejo.",,,,,,,,5654918316 / 2411225386 / 2462217373,ecoturismotlahuilohcan@gmail.com,https://www.facebook.com/ecoturismotlacuilohcan?locale=es_LA,https://www.instagram.com/ecoturismotlacuilohcan?utm_source=ig_web_button_,PLATFORM VERSION 1 – Tlaxcala,,,,,,,"Explora el místico bosque de Tlacuilohcan y sus leyendas. Visita el ""Árbol de las Brujas"", recorre la barranca de huesos gigantes, elabora artesanías y disfruta un rico desayuno tradicional con conejo.","Explora el místico bosque de Tlacuilohcan y sus leyendas. Visita el ""Árbol de las Brujas"", recorre la barranca de huesos gigantes, elabora artesanías y disfruta un rico desayuno tradicional con conejo."
TLA-016,Tenex: Manos de Libertad,Tlaxcala,Ixtacuixtla de Mariano Matamoros,La Trinidad Tenexyecac,Mexico,19.333624,-98.319540,,History and archaeology | Hiking | Handicrafts | Gastronomy,Talleres,Bernardo Juarez Rodriguez,"el pago incluye: guía turístico, comida, snack , taller (también incluye las herramientas utilizadas durante) , artesanía elaborada durante el taller .",Up to 20 people,"Vive la experiencia ""Tenex, manos de libertad"" en Trinidad Tenexyecac, Tlaxcala. Recorre senderos cargados de historia, medita bajo un árbol sagrado y conoce el origen del barro. Disfruta una comida tradicional y, en un taller de alfarería, modela tu propia pieza mientras conectas con la libertad y el alma alfarera.",,,,,,,,2461438953 / 2461566453,bernartesan@hotmail.com,https://www.facebook.com/p/Tenex-Manos-de-Libertad-100075942277365/,https://www.instagram.com/manos_de_libertad/,PLATFORM VERSION 1 – Tlaxcala,,,,,,,"Vive ""Tenex, manos de libertad"" en Tlaxcala. Recorre senderos, medita bajo un árbol sagrado y descubre el barro. Disfruta comida tradicional y modela tu propia pieza en un taller que conecta almas alfareras.","Vive ""Tenex, manos de libertad"" en Tlaxcala. Recorre senderos, medita bajo un árbol sagrado y descubre el barro. Disfruta comida tradicional y modela tu propia pieza en un taller que conecta almas alfareras."
TLA-017,El Tlachiqueo de las Alturas,Tlaxcala,Panotla,San Francisco Temetzontla,Mexico,19.341385,-98.280370,,Hiking | Gastronomy,Talleres,Jessica Vázquez Reyna,• Guía de turistas acreditada • Barra energética de amaranto • Desayuno local elaborado con maíz (2 tlacoyos 2 quesadillas y agua) • Recorrido magueyero • Visita a 3 espacios de producción de pulque • Degustación de aguamiel en 1 espacio • Degustación de pulque natural en los 3 espacios visitados • Degustación de pulque curado en 1 espacio • Comida (2 tiempos con elaborada con algún elemento tradicional),Up to 30 people,"Descubre Temetzontla, Tlaxcala, y conviértete en tlachiquero por un día. Rodeado de magueyes, recorre senderos ancestrales para extraer aguamiel directamente de la planta. Conoce a los productores locales, deléitate con gastronomía comunitaria y saborea el auténtico pulque natural y curado.",,,,,,,,2462212639,polinizadoracultural.tlax@gmail.com,https://www.facebook.com/PulquesLaPoli,https://www.instagram.com/polinizadoracultural/,PLATFORM VERSION 1 – Tlaxcala,,,,,,,"Sé tlachiquero por un día en Temetzontla, Tlaxcala. Recorre senderos entre magueyes para extraer aguamiel, conoce a los productores locales, degusta la gastronomía comunitaria y saborea el auténtico pulque natural o curado.","Sé tlachiquero por un día en Temetzontla, Tlaxcala. Recorre senderos entre magueyes para extraer aguamiel, conoce a los productores locales, degusta la gastronomía comunitaria y saborea el auténtico pulque natural o curado."
TLA-018,Cabañas Techichilco,Tlaxcala,Totolac,"Los Reyes Quiahuixtlan, Santiago Tepectipac y San Juan Totolac.",Mexico,19.338090,-98.249782,,History and archaeology | Nature | Hiking | Gastronomy,Saberes Tradicionales,Katia Olaya Jimenez Zempoalteca,"Guía turístico, comidas, artesanías elaboradas, entradas a museos comunitarios, transporte, hospedaje, estacionamiento, pago a zonas a ´áreas naturales protegidas.",Up to 100 people,"Vive una inmersión total en Totolac, Tlaxcala, conecta con la historia de los señoríos tlaxcaltecas, participa en talleres de nixtamalización y pan de fiesta, y sana en un temazcal tradicional. Recorre senderos ancestrales y fortalece tu conciencia ambiental en un entorno de hospitalidad auténtica.",,,,,,,,2464946119 / 2463602194,cabanas.techichilco@gmail.com,https://www.facebook.com/Techichilco/,https://www.instagram.com/cabanastechichilco/,PLATFORM VERSION 1 – Tlaxcala,,,,,,,"Explora Totolac y la historia tlaxcalteca. Recorre senderos ancestrales, participa en talleres de nixtamalización y pan de fiesta, sana en un temazcal tradicional y fortalece tu conciencia ambiental con hospitalidad auténtica.","Explora Totolac y la historia tlaxcalteca. Recorre senderos ancestrales, participa en talleres de nixtamalización y pan de fiesta, sana en un temazcal tradicional y fortalece tu conciencia ambiental con hospitalidad auténtica."
TLA-019,Pulque Tour,Tlaxcala,Nanacamilpa y Calpulalpan,"Sultepec, Mazapa, y Tepuente",Mexico,,,,History and archaeology | Gastronomy,Gastronomía y actividades,Victor Bastida López.,"1. Servicios de Guías Guía especializado en Turismo Biocultural: Acompañamiento por un intérprete del patrimonio o guías locales capacitados que narra la historia arqueológica, agraria y mística. Anfitriones Locales: Pagos a los tlachiqueros y dueños de tinacales por el tiempo dedicado a la enseñanza y demostración de sus saberes. 2. Entradas y Accesos a Sitios Patrimoniales Zona Arqueológica de Zultépec-Tecoaque: Gestión de acceso al sitio y recorrido por su Museo de Sitio. Acceso a Haciendas (Mazapa o San Cayetano): Cuota de entrada y permiso de fotografía en las instalaciones de las ex- haciendas pulqueras. Contribución a Áreas Ejidales: Pagos por el derecho de paso en los senderos y magueyeras que pertenecen a los ejidatarios de la comunidad de Tepuente. (temporada de luciérmagas) 3. Talleres y Materiales (Recuerdos Físicos) Taller de de educación ambiental adopta un maguey con tu nombre. Kit de Bienvenida (Opcional según paquete): incluye un jarrito de barro artesanal para las degustaciones. 4. Experiencia Gastronómica Completa Desayuno Campirano o Ritual de Bienvenida: Café de olla, pan de pulque o antojitos locales. Comida Tradicional en Tepuente: Menú completo servido por las cocineras tradicionales, que incluye: Platillo fuerte a base de maguey (mixiote, carne al pulque o ximbó). Complementos de la milpa (sopa de milpa, frijoles de la olla, salsas de molcajete). Agua de fruta natural o bebida local. Degustación Ilimitada (Cata): Aguamiel fresco de la mañana, pulque natural ""de punta"" y curados de temporada en los tinacales de Tepuente. 5. Conservación y Seguro Cuota de Conservación: Un porcentaje del pago se destina a la reforestación de magueyes (el programa ""Adopta un Maguey"") y mantenimiento de suelos. Seguro de Viajero: Cobertura de gastos médicos básicos durante el recorrido.",Up to 170 people,"Embárcate en un viaje hacia las raíces de México con Oactli Tours. Conecta con el maguey, ""árbol de las maravillas"", viviendo la experiencia del tlachiquero y degustando aguamiel puro. Visita la zona arqueológica de Tecoaque, apoya la economía local y reivindica el pulque como la auténtica ""Bebida de los Dioses"".",,,,,,,,2462229669 / 2461284386 / 7491117918,experienciasoactli@gmail.com,https://www.facebook.com/ToursOactli/?locale=es_LA,https://www.instagram.com/oactlitours/,PLATFORM VERSION 1 – Tlaxcala,,,,,,,"Viaja a las raíces con Oactli Tours. Conecta con el maguey, sé tlachiquero y degusta aguamiel puro. Visita la zona arqueológica de Tecoaque y disfruta del pulque, la auténtica ""Bebida de los Dioses"".","Viaja a las raíces con Oactli Tours. Conecta con el maguey, sé tlachiquero y degusta aguamiel puro. Visita la zona arqueológica de Tecoaque y disfruta del pulque, la auténtica ""Bebida de los Dioses""."
TLA-020,Secretos del Sarape de Contla,Tlaxcala,Contla de Juan Cuamatzi,San Miguel Xaltipan,Mexico,19.321715,-98.170260,,History and archaeology | Nature | Handicrafts | Gastronomy,Talleres,Pedro Netzahualcoyotl Nava,1. Talleres 2. Comida 3. Guía interpretativa,Up to 15 people,"Descubre la ""Ruta Secretos del Sarape"" en Contla. En el taller Netzahualcoyotl, sumérgete en la historia de esta icónica prenda. Conecta con la naturaleza tiñendo fibras con grana cochinilla y añil, y plasma tus emociones tejiendo en un telar de pedal. Termina esta mágica experiencia compartiendo una exquisita comida tradicional.",,,,,,,,2464401274 / 2461888880,pitnavanetza@gmail.com,https://www.facebook.com/piter.netzahualcoyotlnava/,https://www.instagram.com/netzahualcoyotlnavapiter/,PLATFORM VERSION 1 – Tlaxcala,,,,,,,"Vive la ""Ruta Secretos del Sarape"" en Contla. Aprende su historia, tiñe fibras con grana cochinilla y añil, y teje en un telar de pedal. Termina esta mágica experiencia con una deliciosa comida tradicional.","Vive la ""Ruta Secretos del Sarape"" en Contla. Aprende su historia, tiñe fibras con grana cochinilla y añil, y teje en un telar de pedal. Termina esta mágica experiencia con una deliciosa comida tradicional."
TLA-021,El Camino del Tlachiquero,Tlaxcala,San José Teacalco,San José Teacalco,Mexico,19.334030,-98.080710,,Gastronomy,Gastronomía y actividades,Gustavo Hernández López,Ceremonia tradicional de bienvenida Introducción al significado cultural del maguey y el oficio del tlachiquero Experiencia “Mi Cuate” Adopta y planta tu maguey Siembra simbólica de maguey Elección de nombre Fotografía conmemorativa Explicación sobre el crecimiento y cuidado del maguey Desayuno Tradicional Alimentos elaborados a base de maíz Bebidas tradicionales Espacio de convivencia Traslado a Pulques Cuaxilotl Encuentro con Tlachiquero (40 años de experiencia) Recorrido en magueyera Demostración de raspado Extracción de aguamiel Degustación directa Traslado a Tinacal Los Ortega Encuentro con el Tlachiquero más joven de la región Historia de inicio en el oficio Experiencia práctica de raspado Degustación de pulque Traslado a Cabañas Yolican Malinche Recorrido en Metepantle con Don Pepe Gómez Sistema tradicional de cultivo Biodiversidad del maguey Importancia ecológica y agrícola Tinacal de Nachito Cata y relato de vida,Up to 50 people,"Vive el ""Camino del Tlachiquero"", una aventura biocultural que conecta cuerpo, tierra y memoria en Tlaxcala. Planta tu propio maguey, participa en el proceso de extracción de aguamiel y aprende de maestros tlachiqueros. Recorre tinacales, degusta el pulque tradicional y apoya directamente a las familias guardianas de esta milenaria tradición.",,,,,,,,2411331096 / 2431223953,yalitours08@gmail.com,https://www.facebook.com/people/Yali-Tours/61555663891898/?locale=fo_FO#,https://www.instagram.com/yali_tours/,PLATFORM VERSION 1 – Tlaxcala,,,,,,,"Vive el ""Camino del Tlachiquero"" en Tlaxcala. Planta un maguey, extrae aguamiel y aprende de expertos. Recorre tinacales, degusta pulque tradicional y apoya a las familias que cuidan esta tradición milenaria.","Vive el ""Camino del Tlachiquero"" en Tlaxcala. Planta un maguey, extrae aguamiel y aprende de expertos. Recorre tinacales, degusta pulque tradicional y apoya a las familias que cuidan esta tradición milenaria."
TLA-022,Metate y Molcajete,Tlaxcala,Huamantla,Huamantla,Mexico,19.308278,-97.959229,,History and archaeology | Gastronomy,Saberes Tradicionales,Moises Trinidad Altamirano Hernández,1. alimentos 2. experiencia en campo con 3 elotes 3. experiencia en la elaboración del metate y el molcajete 4. curado del molcajete 5. regalo para ganador del concurso 6. fruta de temporada 3 piezas,Up to 35 people,"Vive la experiencia Metlatl y conecta con las raíces de México. Recorre el campo para descubrir la milpa y el maíz nativo. Con martillo y cincel, aprende a tallar y curar un molcajete ancestral. Finalmente, muele tu propia masa y degusta un exquisito manjar tradicional con auténtico sabor tlaxcalteca.",,,,,,,,2471290855 / 2471312703,miisalta12@gmail.com,https://www.facebook.com/metlalt/?locale=es_LA,https://www.instagram.com/metlatl/,PLATFORM VERSION 1 – Tlaxcala,,,,,,,"Vive la experiencia Metlatl y sus raíces. Recorre la milpa de maíz nativo, aprende a tallar un molcajete ancestral con cincel, muele tu propia masa y degusta un manjar tradicional con auténtico sabor tlaxcalteca.","Vive la experiencia Metlatl y sus raíces. Recorre la milpa de maíz nativo, aprende a tallar un molcajete ancestral con cincel, muele tu propia masa y degusta un manjar tradicional con auténtico sabor tlaxcalteca."
TLA-023,Creando tu Minialfombra,Tlaxcala,Huamantla,Colonia centro,Mexico,19.306003,-97.924746,,History and archaeology | Handicrafts,Talleres,José Francisco Montiel Palacios,Cubre solo la experiencia,Up to 80 people,"Vive una experiencia cultural incluyente y familiar creando arte efímero. Guiado por expertos artesanos alfombristas, conocerás la fascinante historia, técnicas y herramientas de esta hermosa tradición. Aprende el proceso de teñido y elabora tu propia alfombra de aserrín y arenas multicolores.",,,,,,,,2474724774 / 2471140002,alfombrastapetesyexperiencias@gmail.com,https://www.facebook.com/alfombrastapetesyportadas/?locale=es_LA,https://www.instagram.com/alfombrastapetesyexperiencias/,PLATFORM VERSION 1 – Tlaxcala,,,,,,,"Disfruta creando arte efímero en familia con expertos alfombristas. Descubre la historia y técnicas de esta tradición, aprende el proceso de teñido y elabora tu propia e increíble alfombra de aserrín y arenas multicolores.","Disfruta creando arte efímero en familia con expertos alfombristas. Descubre la historia y técnicas de esta tradición, aprende el proceso de teñido y elabora tu propia e increíble alfombra de aserrín y arenas multicolores."
TLA-024,"Zaragoza, Te Queremos Conocer",Tlaxcala,Huamantla,Ignacio Zaragoza y colonia Emiliano Zapata,Mexico,19.296225,-97.917148,,History and archaeology | Gastronomy,Saberes Tradicionales,Marilú Martínez Flores,1. Bebida de cortesía 2. Bocadillo 3. Recorrido por huerto 4. Degustación en el fogón (cinco recetas),Up to 25 people,"Descubre el sagrado legado de las abuelas en San Francisco Soltepec. Conecta con la tierra recorriendo un hermoso huerto medicinal bajo la Matlalcueyétl. Despierta tus sentidos con aromaterapia, aprende los secretos de la herbolaria elaborando productos naturales y saborea la historia degustando exquisitas recetas ancestrales preparadas en un auténtico fogón.",,,,,,,,2462433898 / 2461576041 / 2411265590,herbolariaycocinajardindelasfl@gmail.com,https://www.facebook.com/profile.php?id=61551374920297&rdid=fFX92BJ68DbudLmZ&share_url=https%3A%2F%2Fwww.facebook.com%2Fshare%2F1BLmPZWHAc%2F#,https://www.instagram.com/fjardindelas/,PLATFORM VERSION 1 – Tlaxcala,,,,,,,"Conecta con la tierra en un huerto medicinal de San Francisco Soltepec. Despierta sentidos con aromaterapia, aprende herbolaria creando productos naturales y degusta recetas ancestrales cocinadas al fogón, legado de las abuelas.","Conecta con la tierra en un huerto medicinal de San Francisco Soltepec. Despierta sentidos con aromaterapia, aprende herbolaria creando productos naturales y degusta recetas ancestrales cocinadas al fogón, legado de las abuelas."
TLA-025,Maices Nativos de Colores,Tlaxcala,Ixtenco,Ixtenco,Mexico,19.255645,-97.894864,,Handicrafts | Gastronomy,Talleres,Cornelio Hernández Rojas,1. Recorrido en campo 2. Talleres 3. Comida 4. Explicación del guía y de artesanas y artesanos.,Up to 60 people,"Descubre la memoria biocultural de nuestra región en una experiencia única. Inicia con un desayuno campestre y recorre sembradíos para conocer la visión campesina y el cultivo del maíz nativo. Participa en talleres de telares, bordado o cocina tradicional. Culmina saboreando nuestra auténtica gastronomía ancestral.",,,,,,,,2471190417,teresasolo534@gmail.com,https://www.facebook.com/p/Casa-X%C3%BAa-100066325643952/,https://www.instagram.com/casa_xua/,PLATFORM VERSION 1 – Tlaxcala,,,,,,,"Descubre nuestra memoria biocultural. Tras un desayuno campestre, recorre sembradíos para aprender sobre maíz nativo. Participa en talleres de telar, bordado o cocina y culmina saboreando nuestra auténtica gastronomía ancestral.","Descubre nuestra memoria biocultural. Tras un desayuno campestre, recorre sembradíos para aprender sobre maíz nativo. Participa en talleres de telar, bordado o cocina y culmina saboreando nuestra auténtica gastronomía ancestral."
TLA-026,Aventura Vivencial Otomí,Tlaxcala,Ixtenco,Ixtenco,Mexico,19.251429,-97.894935,,History and archaeology | Handicrafts | Gastronomy,Gastronomía y actividades,Jose Abel Aguilar Martinez,1. INCLUYE: -GUIA DURANTE SU EXPERIENCIA –INGREDIENTES PARA LA ELABORACION DE ALIMENTOS –DEGUSTACION DE COMIDIA TRADICIONAL –HERRAMIENTAS PARA LA ELABORACION DE ARTESANIA –ARTESANIA REALIZADA POR EL VIA JERO –GUIANZA Y ACOMPAÑAMIENTO POR COCINERAS TRADIONALES Y ARTESANOS.,Up to 15 people,"Sumérgete en la magia otomí durante esta experiencia de 5 horas. Recorre el centro histórico, aprende secretos gastronómicos con una cocinera tradicional y participa en la elaboración de platillos endémicos. Concluye creando tu propio cuadro de semillas nativas junto a un artesano local.",,,,,,,,2471076449 / 2471046976,aventuratourtlx@gmail.com,https://www.facebook.com/share/1BNHn5wayh/,https://www.instagram.com/touraventura1?utm_source=ig_web_button_share_sheet&igsh=ZDNlZDc0MzIxNw==,PLATFORM VERSION 1 – Tlaxcala,,,,,,,"Sumérgete en la magia otomí. Recorre el centro histórico, aprende secretos de cocina tradicional y elabora platillos endémicos. Culmina la experiencia creando tu propio cuadro de semillas nativas con un artesano local.","Sumérgete en la magia otomí. Recorre el centro histórico, aprende secretos de cocina tradicional y elabora platillos endémicos. Culmina la experiencia creando tu propio cuadro de semillas nativas con un artesano local."
TLA-027,"Maiz, Tierra y Fuego",Tlaxcala,Ixtenco,Ixtenco,Mexico,19.246071,-97.894816,,Nature | Handicrafts | Gastronomy,Saberes Tradicionales,Ana Lilia Hernández Rodríguez,1. Recorrido guiado en la parcela ejidal del cultivo del maíz 2. Degustación de tlacoyos y agua de maíz 3. Recorrido en el centro de Ixtenco (Parroquia de San Juan y museo comunitario) 4. Taller de cuadros de semilla 5. Taller de bordado de pepenado 6. Menú de cocina tradicional 7. Guía de grupo 8. Seguro (Asistencia al viajero),Up to 40 people,"Descubre Ixtenco, el último bastión otomí, a través de la ruta ""Maíz, Tierra y Fuego"". Camina por la milpa sagrada, conoce el invaluable Banco de Semillas y admira la parroquia del siglo XVII. Aprende el bordado de pepenado, crea hermoso arte con semillas y saborea la exquisita cocina ancestral Yuhmu.",,,,,,,,2461283997 / 2471383839 / 2464937423,info@escalaconsultores.com,,https://www.instagram.com/escalaexperienciasmx/,PLATFORM VERSION 1 – Tlaxcala,,,,,,,"Descubre Ixtenco, bastión otomí, en la ruta ""Maíz, Tierra y Fuego"". Recorre la milpa, visita el Banco de Semillas y su parroquia. Aprende bordado de pepenado, crea arte con semillas y prueba la cocina ancestral Yuhmu.","Descubre Ixtenco, bastión otomí, en la ruta ""Maíz, Tierra y Fuego"". Recorre la milpa, visita el Banco de Semillas y su parroquia. Aprende bordado de pepenado, crea arte con semillas y prueba la cocina ancestral Yuhmu."
TLA-028,Entre Semillas y Raíces Cuaula,Tlaxcala,,,Mexico,,,,Nature | Gastronomy,Gastronomía y actividades,Manuela Ortega Vega,,,"Este proyecto nace directamente de la comunidad como una iniciativa de integración de turismo rural, comunitario y biocultural, enfocada en la salvaguarda, protección y respeto del patrimonio material, inmaterial y la vida espiritual de nuestra tierra.",,,,,,,,5574857017 / 5538040910,,,,PLATFORM VERSION 1 – Tlaxcala,,,,,,,"Este proyecto nace directamente de la comunidad como una iniciativa de integración de turismo rural, comunitario y biocultural, enfocada en la salvaguarda, protección y respeto del patrimonio material, inmaterial y la vida espiritual de nuestra tierra.","Este proyecto nace directamente de la comunidad como una iniciativa de integración de turismo rural, comunitario y biocultural, enfocada en la salvaguarda, protección y respeto del patrimonio material, inmaterial y la vida espiritual de nuestra tierra."
TLA-029,Experiencia Agroturística del Nogal,Tlaxcala,Teolocholco,"Sección Primera, Sección Segunda, Acxotla del Monte, Cuaxinca, Sección Quinta, todas pertenecientes al municipio de | Teolocholco.",Mexico,19.246665,-98.190375,,,,Hamlet Robles Sánchez,"- Guías expertos (locales) que coordinan cada estación. - Materiales para talleres (tela, hilo, tintes, etc.). - Degustación de productos de la localidad (lácteos, conservas y preparados a base de nuez) - Pieza elaborada por el visitante (tela teñida o bordada). - Acceso a todas las estaciones programadas. - Comida (entrada, plato fuerte, agua y postre) - Acceso a servicios (sanitarios, estacionamiento) - Traslados entre estaciones",Up to 18 people,,,,,,,,,2227690482,a.c.tlalohcan@gmail.com,,,PLATFORM VERSION 1 – Tlaxcala,,,,,,,,
TLA-030,"Cultura, Salud y Bienestar",Tlaxcala,Tetla de la Solidaridad,Tetla de la Solidaridad,Mexico,19.455590,-98.093447,,,,Edwin Cruz Romero,"Entrada, comidas, hospedaje, temazcal, senderismo, ceremonia.",Up to 15 people,,,,,,,,,2411176511,tepeyololcoce@gmail.com,,,PLATFORM VERSION 1 – Tlaxcala,,,,,,,,
TLA-031,Del Maíz a la Tortilla,Tlaxcala,Chiautempan,San Pedro Tlalcuapan,Mexico,,,,Gastronomy,,Ismael Bello Cervantes,"Desayuno (tamales, atole de maíz y pan de dulce) Degustación de aguamiel y pulque Taller de maíz (actividad en campo, molienda) Comida Guianza e interpretación Acceso a servicios (sanitarios)",Up to 30 people,,,,,,,,,5540120802,eribelbello5@gmail.com,,,PLATFORM VERSION 1 – Tlaxcala,,,,,,,,
VER-001,Centro de las Artes Indígenas,Veracruz,,,Mexico,,,,Nature | Gastronomy,Saberes Tradicionales,José de Jesús García Bautista,,,"Sumérgete en la cultura totonaca en el Centro de las Artes Indígenas. Vive una experiencia auténtica a través de talleres en casas-escuela, rituales y gastronomía tradicional. Este modelo de turismo comunitario pone a la comunidad como protagonista, garantizando un intercambio respetuoso y directo con portadores vivos del conocimiento ancestral totonaco.",,,,,,,,7822277690,,https://www.facebook.com/CentrodelasArtesIndigenas/?locale=es_LA,https://www.instagram.com/caicentrodelasartesindigenas?utm_source=ig_web_button_share_sheet&igsh=ZDNlZDc0MzIxNw==,PLATFORM VERSION 1 – Veracruz,,,,,,,"Sumérgete en la cultura totonaca en el Centro de las Artes Indígenas. Vive talleres en casas-escuela, rituales y gastronomía. Apoya un turismo que fomenta un intercambio directo y respetuoso con los portadores del conocimiento ancestral.","Sumérgete en la cultura totonaca en el Centro de las Artes Indígenas. Vive talleres en casas-escuela, rituales y gastronomía. Apoya un turismo que fomenta un intercambio directo y respetuoso con los portadores del conocimiento ancestral."
VER-002,Los Nichos,Veracruz,Papantla,San Lorenzo Tajín,Mexico,20.431890,-97.363350,,Nature | Gastronomy,Saberes Tradicionales,Enrique Pérez Méndez,,Up to 20 people,"Sumérgete en la esencia del Totonacapan un refugio sagrado rodeado de naturaleza. Disfruta de una experiencia integral con cabañas, camping y una gastronomía ancestral inigualable. Renueva cuerpo y espíritu en nuestro temazcal y área de masajes, mientras conectas profundamente con una cultura viva que preserva sus tradiciones y raíces milenarias.",,,,,,,,7841366031 / 7841083947,ecoturistico_nichos@hotmail.com,https://www.facebook.com/LosNichos1/,https://www.instagram.com/ce_los_nichos_1?utm_source=ig_web_button_share_sheet&igsh=ZDNlZDc0MzIxNw==,PLATFORM VERSION 1 – Veracruz,,,,,,,"Sumérgete en el Totonacapan, un refugio natural sagrado. Disfruta cabañas, camping y gastronomía ancestral. Renueva cuerpo y espíritu en el temazcal y masajes, conectando con una cultura viva que preserva sus raíces milenarias.","Sumérgete en el Totonacapan, un refugio natural sagrado. Disfruta cabañas, camping y gastronomía ancestral. Renueva cuerpo y espíritu en el temazcal y masajes, conectando con una cultura viva que preserva sus raíces milenarias."
VER-003,El Tlacuache llegando a Casa,Veracruz,Poza Rica - Papantla,EL Remolino,Mexico,20.399003,-97.230821,,Nature | Hiking | Gastronomy,Naturaleza,Adriana de Jesus Rodriguez San Martin,"Recorrido, Liberación de fauna, reconocimiento de la flora, visita al mirador",Up to 30 people,"Sumérgete en la cultura totonaca de Papantla en esta experiencia de conservación única. Realiza senderismo interpretativo mientras conoces la flora nativa y participas en la reubicación de fauna silvestre. Concientízate sobre la importancia de proteger nuestro entorno, conectando la vida rural y urbana en una jornada inolvidable de respeto ambiental.",,,,,,,,7821453151 / 7822146547,jardindemociones@gmail.com,https://www.facebook.com/profile.php?id=100080391826868&locale=es_LA,https://www.instagram.com/colectivo_xtan/,PLATFORM VERSION 1 – Veracruz,,,,,,,"Vive la cultura totonaca en Papantla. Haz senderismo interpretativo, conoce la flora y reubica fauna silvestre. Concientízate sobre la protección del entorno y conecta con la vida rural en una jornada de respeto ambiental.","Vive la cultura totonaca en Papantla. Haz senderismo interpretativo, conoce la flora y reubica fauna silvestre. Concientízate sobre la protección del entorno y conecta con la vida rural en una jornada de respeto ambiental."
VER-004,Ciénagas del Fuerte,Veracruz,,,Mexico,,,,Nature | Hiking,Naturaleza,Guillermo Marin Zarate,,,"Explora las Ciénagas del Fuerte, una impresionante selva inundable protegida por pescadores locales. Navega en lanchas de remo a través de túneles de manglares centenarios, observa aves exóticas y conecta con la naturaleza en senderos interpretativos. Disfruta de un refugio de paz con tirolesas, nado y una auténtica inmersión inolvidable.",,,,,,,,2321286425 / 2321200284,,https://www.facebook.com/share/1KqiKQLioo/,,PLATFORM VERSION 1 – Veracruz,,,,,,,"Explora las Ciénagas del Fuerte. Navega lanchas de remo por túneles de manglares centenarios, observa aves y recorre senderos. Disfruta este refugio protegido por pescadores, que ofrece tirolesas, nado y una inmersión inolvidable de paz.","Explora las Ciénagas del Fuerte. Navega lanchas de remo por túneles de manglares centenarios, observa aves y recorre senderos. Disfruta este refugio protegido por pescadores, que ofrece tirolesas, nado y una inmersión inolvidable de paz."
VER-005,Manos Dulces Naolinco,Veracruz,Naolinco,Coatzintla- San Miguel Coapan. San Miguel Aguazuelos - Naolinco,Mexico,19.646694,-96.941300,,History and archaeology | Handicrafts | Gastronomy,Gastronomía y actividades,Abigail Landa Fermin Ramirez,"Anfitrión y guía(s) Piezas de tortilla de maíz elaboradas en el taller Pieza de alfarería elaborada en el taller Pieza de dulce elaborada en el taller Traslados (chofer, unidad, gasolina, seguro) Entrada a la iglesia, museo y casa del Beato.",Up to 40 people,"Descubre la riqueza cultural de Naolinco y sus alrededores. Aprende los secretos ancestrales del maíz en San Pablo Coapan, domina el barro en San Miguel Aguasuelos y maravíllate con la talabartería local. Explora templos históricos, degusta dulces artesanales y sumérgete en la esencia de pueblos.",,,,,,,,2281234803 / 2281579490,nahualesmx@gmail.com,https://www.facebook.com/nahuales.mexico/?locale=es_LA,https://www.instagram.com/nahualesmx/,PLATFORM VERSION 1 – Veracruz,,,,,,,"Descubre Naolinco y sus alrededores. Aprende secretos del maíz en San Pablo Coapan, domina el barro en San Miguel Aguasuelos y admira la talabartería. Explora templos históricos, degusta dulces artesanales y sumérgete en la esencia local.","Descubre Naolinco y sus alrededores. Aprende secretos del maíz en San Pablo Coapan, domina el barro en San Miguel Aguasuelos y admira la talabartería. Explora templos históricos, degusta dulces artesanales y sumérgete en la esencia local."
VER-006,Fiesta de la Cosecha del Café,Veracruz,Naolinco,San Pablo Coapan,Mexico,19.651732,-96.905601,,Handicrafts | Gastronomy,Gastronomía y actividades,Rosa Maria Garcia Garcia y Herminio Garcia Garcia,"Cafe y pan de bienvenida, ingreso a la finca, recolecta de café, desayuno en finca, fotografías en finca, explicación en beneficio, cata de café y comida tradicional regional.",Up to 40 people,"Vive la ""Fiesta de la Cosecha del Café"", una inmersión total en el mundo del café de especialidad. Participa en la pizca selectiva, desayuna en el cafetal y descubre el proceso artesanal tras cada taza. Concluye con una cata sensorial y la tradicional comida ""La Viuda"".",,,,,,,,2288408669 / 2289884142 / 2281400787,fincaelamol@gmail.com.mx,https://www.facebook.com/quintaelhaya?locale=es_LA,https://www.instagram.com/quintaelhaya/,PLATFORM VERSION 1 – Veracruz,,,,,,,"Vive la ""Fiesta de la Cosecha del Café"". Participa en la pizca selectiva, desayuna en el cafetal y descubre su proceso artesanal. Concluye esta inmersión con una cata sensorial y la comida tradicional ""La Viuda"".","Vive la ""Fiesta de la Cosecha del Café"". Participa en la pizca selectiva, desayuna en el cafetal y descubre su proceso artesanal. Concluye esta inmersión con una cata sensorial y la comida tradicional ""La Viuda""."
VER-007,Raíces Vivas de Xico Viejo,Veracruz,,,Mexico,,,,Nature | Hiking | Handicrafts | Gastronomy,Saberes Tradicionales,Raúl Cervantes Gonzalez,,,"Descubre Xico Viejo, un tesoro prehispánico en las faldas del Cofre de Perote. Conecta participando en talleres de pan de leña, mole, tortillas y queso artesanal. Combina esta inmersión cultural con aventura: senderismo, tirolesas y cascadas. Una experiencia sensorial que celebra la vida cotidiana y el sabor montañés.",,,,,,,,2281132970 / 7821690442,,https://www.facebook.com/Tenkuiexperiences/,https://www.instagram.com/tenkui_experiences,PLATFORM VERSION 1 – Veracruz,,,,,,,"Descubre Xico Viejo en el Cofre de Perote. Participa en talleres de pan, mole y queso artesanal. Combina esta cultura con aventura: senderismo, tirolesas y cascadas. Una experiencia que celebra la vida cotidiana y el sabor montañés.","Descubre Xico Viejo en el Cofre de Perote. Participa en talleres de pan, mole y queso artesanal. Combina esta cultura con aventura: senderismo, tirolesas y cascadas. Una experiencia que celebra la vida cotidiana y el sabor montañés."
VER-008,La Colmena,Veracruz,,,Mexico,,,,History and archaeology | Gastronomy,Talleres,José Juan Pale Lara,,,"Conviértete en guardián de los polinizadores en una inmersión apícola inolvidable. Explora nuestro museo, observa colonias nativas y europeas, y degusta miel recién extraída. Participa en talleres, disfruta gastronomía temática y relájate en nuestras cabañas. ¡Una experiencia sensorial que conecta tu espíritu con el fascinante mundo de las abejas!",,,,,,,,2284198421 / 2282286328,,https://www.facebook.com/profile.php?id=61567876274290,https://www.instagram.com/abeja_palajos/,PLATFORM VERSION 1 – Veracruz,,,,,,,"Sé un guardián de polinizadores. Explora nuestro museo, observa colonias nativas, degusta miel fresca y participa en talleres. Disfruta gastronomía temática y cabañas en una experiencia sensorial que te conecta con el mundo de las abejas.","Sé un guardián de polinizadores. Explora nuestro museo, observa colonias nativas, degusta miel fresca y participa en talleres. Disfruta gastronomía temática y cabañas en una experiencia sensorial que te conecta con el mundo de las abejas."
VER-009,Red de Senderos de Café,Veracruz,,Ixcatla Alta Luz del Castillo San José Tenejapa,Mexico,19.076155,-96.918342,,History and archaeology | Nature | Hiking | Gastronomy,Gastronomía y actividades,Rita Méndez Delín,"Cubre únicamente lo que ofrece la ETC. Recorrido, degustación de café, guía turístico comunitario, los alimentos.",Up to 30 people,"Explora un paraíso conservado por siglos, recorriendo barrancas, cuevas y el río Jamapa entre árboles milenarios. Sumérgete en la historia revolucionaria y vive el proceso completo del café de especialidad. Concluye con una exquisita gastronomía local y talleres que celebran la identidad comunitaria y el respeto profundo por la tierra.",,,,,,,,2711059845 / 2731247439,coordinacionkolpingveracruz@hotmail.com,https://www.facebook.com/profile.php?id=61553996906833&rdid=n2XPwFy7XhcDgECx&share_url=https%3A%2F%2Fwww.facebook.com%2Fshare%2F1HEDqpbhvi%2F#,,PLATFORM VERSION 1 – Veracruz,,,,,,,"Explora barrancas, cuevas y el río Jamapa. Conoce la historia revolucionaria y el proceso del café de especialidad. Concluye con deliciosa gastronomía local y talleres que celebran la identidad y el respeto por la tierra.","Explora barrancas, cuevas y el río Jamapa. Conoce la historia revolucionaria y el proceso del café de especialidad. Concluye con deliciosa gastronomía local y talleres que celebran la identidad y el respeto por la tierra."
VER-010,La Ruta del Café Tepatlaxco,Veracruz,Tepatlaxco,Palo Gacho la Palma Cabecera Mpal Ejido Sonora el Pedragal el Triunfo Tercera Manzana Buenavista San Jose Tenejapa Col Guadalupe Cañada Azul Alta Luz del Castillo las Aguilas,Mexico,19.079746,-96.852700,,Nature | Hiking | Gastronomy,Gastronomía y actividades,Adan Nieva Murillo,GUIAS DE TURISTA ALIMENTOS (DESAYUNO) HOSPEDA JE ENTRADA A ALGUNOS SITIOS TALLERES DESGUSTACION DE CAFE,Up to 30 people,"Explora Tepatlaxco en una ruta inmersiva que une cultura y naturaleza. Descubre manantiales, senderos entre cafetales y miradores panorámicos mientras degustas exquisitos sabores regionales. Participa en talleres de tostado y conoce la riqueza ecológica de esta tierra.",,,,,,,,2711201926 / 2711967207,larutadelcafetepatlaxco@gmail.com,https://www.facebook.com/p/La-Ruta-del-Cafe-Tepatlaxco-61554226700993/,https://www.instagram.com/larutadelcafetepatlaxco/?hl=es,PLATFORM VERSION 1 – Veracruz,,,,,,,"Explora Tepatlaxco en una ruta que une cultura y naturaleza. Descubre manantiales, cafetales y miradores mientras degustas sabores regionales. Participa en talleres de tostado y maravíllate con la riqueza ecológica de esta tierra.","Explora Tepatlaxco en una ruta que une cultura y naturaleza. Descubre manantiales, cafetales y miradores mientras degustas sabores regionales. Participa en talleres de tostado y maravíllate con la riqueza ecológica de esta tierra."
VER-011,Ruta del Café,Veracruz,Córdoba,Sabana Larga,Mexico,18.979220,-96.976939,,Gastronomy,Gastronomía y actividades,José Dionicio Osorio Aparicio,Platica Recorrido por el beneficio húmedo y seco Alimentos Transporte Guía turístico comunitario Bebidas,Up to 80 people,"Vive la experiencia sensorial completa del café en Córdoba. A bordo del café-bus, recorre fincas, participa en su proceso agronómico y muele tu propio grano en el bici-molino. Finaliza con una exquisita comida tradicional de la zona y descubre la magia detrás de cada taza en un viaje inolvidable.",,,,,,,,2712110444 / 2717025683,cdmrori25@gmail.com,https://www.facebook.com/Cafedemirancho/?locale=es_LA,https://www.instagram.com/cafe_de_mi_rancho/?hl=es,PLATFORM VERSION 1 – Veracruz,,,,,,,"Vive la ruta del café en Córdoba a bordo del café-bus. Recorre fincas, conoce su agronomía y muele granos en el bici-molino. Culmina con comida tradicional y descubre la magia de cada taza en este viaje inolvidable.","Vive la ruta del café en Córdoba a bordo del café-bus. Recorre fincas, conoce su agronomía y muele granos en el bici-molino. Culmina con comida tradicional y descubre la magia de cada taza en este viaje inolvidable."
VER-012,Las Altas Montañas de Veracruz,Veracruz,"Mariano Escobedo, Ver.","San isidro El Berro, Ejido el Rodeo",Mexico,18.924210,-97.207689,,Nature | Hiking | Gastronomy,Naturaleza,Mariana Balderas,El guía Desayuno ligero La comida El taller ecológico forestal Baños y Estacionamiento,Up to 40 people,"Embárcate en una caminata guiada hacia el mirador ""Portezuelos"", donde disfrutarás paisajes de montaña inolvidables. Conecta con la naturaleza en un taller de viverismo forestal y deléitate con una auténtica comida tradicional servida en el corazón del bosque.",,,,,,,,2723148223 / 2721826151 / 2723347372,centroecoturisticosanisidro@gmail.com,https://www.facebook.com/people/Sendero-Escenico/pfbid0FgfCRoNaa8UE5fGtnGCkPTifwmWkXLK3JWXBCC8fzfgGba2i3pKCd1fCNSc5MYUxl/?rdid=IYEzOEFCBuD45prA&share_url=https%253A%252F%252Fwww.facebook.com%252Fshare%252F1BtTRY1iGj%252F,https://www.instagram.com/senderoescenico?utm_source=ig_web_button_share_sheet&igsh=ZDNlZDc0MzIxNw==,PLATFORM VERSION 1 – Veracruz,,,,,,,"Emprende una caminata guiada al mirador ""Portezuelos"" y disfruta de paisajes montañosos. Participa en un taller de viverismo forestal y deléitate con una auténtica comida tradicional servida en el corazón del bosque.","Emprende una caminata guiada al mirador ""Portezuelos"" y disfruta de paisajes montañosos. Participa en un taller de viverismo forestal y deléitate con una auténtica comida tradicional servida en el corazón del bosque."
VER-013,Pico de Orizaba,Veracruz,La Perla,"San Miguel Pilancón, Potrero Nuevo y Chilapa",Mexico,18.988639,-97.228109,,Nature | Hiking | Handicrafts,Comunidad y vida cotidiana,Máximo Adalberto Vázquez Bautista,"Comidas, desayunos y cenas, aguas, café, hospedaje, guías, transportes internos, fogatas, senderos, degustaciones, talleres.",Up to 10 people,"Vive una inmersión inolvidable en las faldas del Pico de Orizaba. Durante tres días, recorre senderos aztecas, aprende labores agrícolas y admira amaneceres sobre las nubes desde el hospedaje más alto de Norteamérica. Disfruta quesos artesanales, avistamientos estelares y de las comunidades que conviven en armonía con la alta montaña.",,,,,,,,2721640813,contacto.villas.puertadelcielo@gmail.com,https://www.facebook.com/villas.puerta.del.cielo,https://www.instagram.com/vpuertadelcielo/?hl=es,PLATFORM VERSION 1 – Veracruz,,,,,,,"Vive una inmersión en el Pico de Orizaba. Recorre senderos aztecas, admira amaneceres sobre nubes desde el hospedaje más alto de Norteamérica. Disfruta quesos artesanales, labores agrícolas y cielo estrellado en armonía con la montaña.","Vive una inmersión en el Pico de Orizaba. Recorre senderos aztecas, admira amaneceres sobre nubes desde el hospedaje más alto de Norteamérica. Disfruta quesos artesanales, labores agrícolas y cielo estrellado en armonía con la montaña."
VER-014,Finca Kitos,Veracruz,Cordoba,San Rafael Calería,Mexico,18.933261,-96.949105,,History and archaeology | Nature | Handicrafts | Gastronomy,Gastronomía y actividades,Damna Reyes Hernandez,"RECECPION EN LA PARTE INCIAL DE RANCHO, RECORRIDO EL SITIO HISTORICO DE LA FAMILIA, PASEO EN LA FINCA DE CAFÉ CHARLA DE BENEFICIO HUMEDO Y SECO, DEGUSTACION, INTRODUCCION A LA CATA, PAN ARTESANAL, E HIDRATACIÓN",Up to 20 people,"Sumérgete en una experiencia de patrimonio biocultural donde la historia, el territorio y la memoria colectiva convergen. Recorre cafetales y sitios históricos, aprende sobre el proceso del café de especialidad y disfruta de una exclusiva cata, acompañada de pan artesanal y frutos de temporada.",,,,,,,,2722150205,kitos.cafe@gmail.com,https://www.facebook.com/kitoscafe?locale=es_LA,https://www.instagram.com/kitoscafe/,PLATFORM VERSION 1 – Veracruz,,,,,,,"Sumérgete en una experiencia de patrimonio biocultural. Recorre cafetales y sitios históricos, aprende el proceso del café de especialidad y disfruta una exclusiva cata acompañada de delicioso pan artesanal y frutos de temporada.","Sumérgete en una experiencia de patrimonio biocultural. Recorre cafetales y sitios históricos, aprende el proceso del café de especialidad y disfruta una exclusiva cata acompañada de delicioso pan artesanal y frutos de temporada."
VER-015,Sabores y Saberes de la Tierra,Veracruz,Fortín,Mata Larga,Mexico,18.868367,-96.987316,,Nature | Hiking | Gastronomy,Saberes Tradicionales,Nemesio Leonardo Sánchez Mendoza y Frida Luz Sánchez Rosales,Propinas 5 HORAS (SIN HOSPEDA JE) - Temazcal - Cena 24 HORAS (CON HOSPEDA JE) - Comida - Hospedaje - Temazcal - Cena - Desayuno,Up to 15 people,"Reconecta cuerpo y espíritu en ""Sabores y Saberes de la Tierra"", una experiencia de bienestar en las Altas Montañas de Veracruz. Vive un temazcal purificador, aprende herbolaria tradicional y degusta una cocina orgánica inolvidable. Sumérgete en la cosmovisión rural mediante caminatas medicinales y ceremonias ancestrales en un entorno sagrado.",,,,,,,,2721222095 / 2711268280 / 2711837363,eljardindelasalud3@gmail.com,https://www.facebook.com/ElJardinDeLaSaludFortin/?locale=es_LA,https://www.instagram.com/eljardindelasaludfortin/,PLATFORM VERSION 1 – Veracruz,,,,,,,"Reconecta en ""Sabores y Saberes de la Tierra"". Vive un temazcal purificador, aprende herbolaria tradicional y degusta cocina orgánica. Disfruta caminatas medicinales y ceremonias en un entorno sagrado que celebra la cosmovisión rural.","Reconecta en ""Sabores y Saberes de la Tierra"". Vive un temazcal purificador, aprende herbolaria tradicional y degusta cocina orgánica. Disfruta caminatas medicinales y ceremonias en un entorno sagrado que celebra la cosmovisión rural."
VER-016,Rancho San Felipe,Veracruz,Córdoba,San Felipe,Mexico,18.875128,-96.888882,,History and archaeology | Hiking | Gastronomy,Gastronomía y actividades,Adrián Virgilio de Gasperin Samipieri,"Guía, acceso al museo, sendero, UMA, jardines, viveros de follajes, suculentas, cactáceas, orquídeas, sendero de la finca de café, animales de granja, hortalizas, microbeneficio húmedo, laboratorio de café.",Up to 50 people,"Descubre la tradición cafetalera de la Cafetalera San Felipe, activa desde 1924. Explora su museo de maquinaria antigua, recorre senderos y conoce su Unidad de Manejo Ambiental, donde la biodiversidad y la agricultura sustentable se encuentran. Finaliza con una degustación sensorial y productos locales en una experiencia educativa única.",,,,,,,,2711228456 / 2717166109 / 2292569056,uma@cafesanfelipe.com,https://www.facebook.com/cafesanfelipemx?locale=es_LA,https://www.instagram.com/cafesanfelipe/,PLATFORM VERSION 1 – Veracruz,,,,,,,"Descubre la Cafetalera San Felipe. Explora su museo de maquinaria, recorre senderos y su Unidad de Manejo Ambiental, uniendo biodiversidad y agricultura sustentable. Finaliza con una rica degustación sensorial y productos locales.","Descubre la Cafetalera San Felipe. Explora su museo de maquinaria, recorre senderos y su Unidad de Manejo Ambiental, uniendo biodiversidad y agricultura sustentable. Finaliza con una rica degustación sensorial y productos locales."
VER-017,Cuna del Café,Veracruz,"Amatlán de los Reyes, Ver.",En la localidad La patrona en el municipio de Amatlán de los Reyes,Mexico,18.812921,-96.932098,,History and archaeology | Gastronomy,Gastronomía y actividades,Erick Medécigo Tress,La bebida de bienvenida El recorrido La degustación de café y miel Bebida refrescante Dulces Típicos,Up to 70 people,"Vive un viaje histórico en una ex hacienda del siglo XVII, hogar de la primera finca cafetalera de México. Explora exposiciones de arte, desentraña leyendas locales y recorre sus viveros. Concluye con una exquisita degustación de café, miel y dulces tradicionales, mientras descubres la magia y tradición de Veracruz.",,,,,,,,2711148153,fincaexhaciendaguadalupe@gmail.com,https://www.facebook.com/fincaexhaciendaguadalupe/,https://www.instagram.com/hacienda_guadalupe/,PLATFORM VERSION 1 – Veracruz,,,,,,,"Vive la historia en una ex hacienda del siglo XVII, la primera finca cafetalera de México. Explora arte, leyendas y viveros. Concluye con una degustación de café, miel y dulces, descubriendo la mágica tradición de Veracruz.","Vive la historia en una ex hacienda del siglo XVII, la primera finca cafetalera de México. Explora arte, leyendas y viveros. Concluye con una degustación de café, miel y dulces, descubriendo la mágica tradición de Veracruz."
VER-018,Baño de Bosque de Niebla,Veracruz,El Naranjal,Tequecholapa Cuartel Segundo,Mexico,18.799799,-96.952124,,History and archaeology | Nature | Hiking,Naturaleza,Roberto Mora Gallardo – Amira E. Mora Vargas – Juana Vargas Veronica – Veronica Mora Vargas,"Guías de biodiversidad, uso y recorrido de instalaciones, desyuno, hospedaje, recorrido en sendero",Up to 15 people,"Conecta con la naturaleza en nuestra UMA, un refugio dedicado a la biodiversidad y el saber ancestral. Explora senderos interpretativos, el museo de historia natural y el herpetario. Disfruta de un desayuno tradicional y elige entre hospedarte en cabañas o acampar en este paraíso diseñado para la conservación ambiental.",,,,,,,,2711274693 / 2711224618,vertever@yahoo.com.mx,https://www.facebook.com/people/Desarrollo-Comunitario-y-Vida-Silvestre/100079251593599/?locale=es_LA,https://www.instagram.com/uma_eat?igsh=enBnbHRuNjRhaHl2,PLATFORM VERSION 1 – Veracruz,,,,,,,"Conecta con la naturaleza en nuestra UMA. Explora senderos, el museo de historia natural y el herpetario. Disfruta un desayuno tradicional y elige hospedarte en cabañas o acampar en este paraíso dedicado a la conservación ambiental.","Conecta con la naturaleza en nuestra UMA. Explora senderos, el museo de historia natural y el herpetario. Disfruta un desayuno tradicional y elige hospedarte en cabañas o acampar en este paraíso dedicado a la conservación ambiental."
VER-019,En lo más alto de la Montaña,Veracruz,Tequila,Zacatlamanca,Mexico,18.715026,-97.060361,,History and archaeology | Nature | Hiking | Gastronomy,Naturaleza,Yolanda Guevara Gonzalez,"DESCANSO EN HAMACAS, SERVICIO DE MIRADOR, AREA DE PALAPA, RECORRER SENDEROS",Up to 200 people,"Descubre la riqueza nahua recorriendo senderos históricos entre cafetales, manantiales y cuevas. Aprende sobre biodiversidad y medicina ancestral mientras exploras ríos y antiguas haciendas. Concluye tu aventura disfrutando de la auténtica gastronomía local del colectivo Siwalcentli.",,,,,,,,2722297244,colli_64@hotmail.com,https://www.facebook.com/profile.php?id=100064846894407,https://www.instagram.com/centro_turistico_tekilatlakpan/,PLATFORM VERSION 1 – Veracruz,,,,,,,"Descubre la riqueza nahua recorriendo senderos históricos, cafetales, manantiales y cuevas. Aprende de biodiversidad y medicina ancestral al explorar ríos y haciendas y disfruta la auténtica gastronomía local del colectivo Siwalcentli.","Descubre la riqueza nahua recorriendo senderos históricos, cafetales, manantiales y cuevas. Aprende de biodiversidad y medicina ancestral al explorar ríos y haciendas y disfruta la auténtica gastronomía local del colectivo Siwalcentli."
VER-020,Atlahuilco,Veracruz,Atlahuilco,- Zacamilola - Huitziquiapa - Xiptla - Atetecoxco - Alahuilco Centro - Atizok - Ticonca - Atlehuaya - Vista Hermosa,Mexico,18.697045,-97.090675,,Nature | Handicrafts | Gastronomy,Comunidad y vida cotidiana,Justo Ixmatlahua Colohua,- Alfarera con mujeres de la comunidad - Telar de cintura - Artesanías con lana - Cuevas y paisajes naturales - Gastronomía típica (desayuno y comida) - Área de acampar ( tu pones tu casa y cobijas),Up to 20 people,"Vive una inmersión inolvidable en nueve comunidades nahuas de Atlahuilco. Aprende técnicas ancestrales de alfarería y telar de cintura, explora cuevas sagradas con leyendas milenarias, y sana con medicina tradicional. Convivirás con familias anfitrionas, degustando gastronomía auténtica mientras apoyas la preservación de su invaluable patrimonio biocultural.",,,,,,,,2781106290 / 2204871647 / 2721683105,jessykcaixm@gmail.com,https://www.facebook.com/profile.php?id=100083299144560&mibextid=wwXIfr&rdid=X4JRCAW6VtmSeX2y&share_url=https%3A%2F%2Fwww.facebook.com%2Fshare%2F199P3vexeo%2F%3Fmibextid%3DwwXIfr#,,PLATFORM VERSION 1 – Veracruz,,,,,,,"Vive una inmersión en comunidades nahuas de Atlahuilco. Aprende alfarería y telar, explora cuevas sagradas y la medicina tradicional. Convive con familias locales y degusta su gastronomía apoyando la preservación del patrimonio biocultural.","Vive una inmersión en comunidades nahuas de Atlahuilco. Aprende alfarería y telar, explora cuevas sagradas y la medicina tradicional. Convive con familias locales y degusta su gastronomía apoyando la preservación del patrimonio biocultural."
VER-021,Los Manglares de Sontecomapan,Veracruz,,,Mexico,,,,Nature | Gastronomy,Naturaleza,Ofelia Sixtega Tepox,,,"Descubre Sontecomapan en la Reserva de la Biosfera Los Tuxtlas. Vive una aventura auténtica navegando entre manglares, recorriendo selvas tropicales y disfrutando de playas vírgenes. Conoce la vida de los pescadores locales, su compromiso con la conservación y deléitate con su exquisita gastronomía regional.",,,,,,,,2941400083,,https://www.facebook.com/profile.php?id=100068925061802&locale=es_LA,,PLATFORM VERSION 1 – Veracruz,,,,,,,"Descubre Sontecomapan en Los Tuxtlas. Navega entre manglares, recorre selvas tropicales y disfruta playas vírgenes. Conoce a los pescadores locales, apoya su compromiso con la conservación y deléitate con su exquisita gastronomía regional.","Descubre Sontecomapan en Los Tuxtlas. Navega entre manglares, recorre selvas tropicales y disfruta playas vírgenes. Conoce a los pescadores locales, apoya su compromiso con la conservación y deléitate con su exquisita gastronomía regional."
VER-022,Selva del Marinero,Veracruz,,,Mexico,,,,Nature | Handicrafts | Gastronomy,Naturaleza,José Luis Abrajan Velasco,,,"Recorre cristalinas pozas, cascadas y cuevas mientras te sumerges en talleres artesanales, apicultura y el cultivo de malanga. Disfruta una gastronomía local única, desde atoles hasta platillos típicos, en una experiencia que transforma la conservación en un viaje inolvidable.",,,,,,,,2941100077 / 2941001334,,https://www.facebook.com/SelvaDelMarineroTuxtlas?locale=es_LA,https://www.instagram.com/selvadelmarinero_tuxtlas/,PLATFORM VERSION 1 – Veracruz,,,,,,,"Recorre pozas cristalinas, cascadas y cuevas. Sumérgete en talleres artesanales, apicultura y cultivo de malanga. Disfruta de atoles y platillos típicos, en una experiencia que transforma la conservación en un viaje inolvidable.","Recorre pozas cristalinas, cascadas y cuevas. Sumérgete en talleres artesanales, apicultura y cultivo de malanga. Disfruta de atoles y platillos típicos, en una experiencia que transforma la conservación en un viaje inolvidable."
VER-023,Artesanas Flor de Lirio,Veracruz,Catemaco Veracruz,Ojoxapan,Mexico,18.415193,-95.018555,,Nature | Handicrafts | Gastronomy,Naturaleza,Margarita Hernandez Hernandez,"Incluye la arresania elaborada por el cliente, préstamo del molde, herramientas",Up to 10 people,"Descubre Ojoxapan, una joya a orillas del Lago de Catemaco. Acompaña a las artesanas ""Flor de Lirio"" en un recorrido por el ecosistema lagunar, aprende a transformar el lirio acuático en artesanías únicas y explora cascadas escondidas. Vive una inmersión auténtica en la cultura, gastronomía y saberes de esta comunidad.",,,,,,,,8131240843,milito459@gmail.com,https://www.facebook.com/p/Artesan%C3%ADa-Flor-de-lirio-61586772603621/,,PLATFORM VERSION 1 – Veracruz,,,,,,,"Descubre Ojoxapan en el Lago de Catemaco. Acompaña a las artesanas ""Flor de Lirio"", explora el ecosistema lagunar, cascadas escondidas y transforma el lirio en artesanías. Sumérgete en la cultura, gastronomía y saberes locales.","Descubre Ojoxapan en el Lago de Catemaco. Acompaña a las artesanas ""Flor de Lirio"", explora el ecosistema lagunar, cascadas escondidas y transforma el lirio en artesanías. Sumérgete en la cultura, gastronomía y saberes locales."
VER-024,Ceytaks,Veracruz,,,Mexico,,,,History and archaeology | Nature | Gastronomy,Naturaleza,Antonio Lázaro Pascual,,,"Descubre Ceytaks, un refugio popoluca en Veracruz donde la historia olmeca cobra vida. Explora cascadas espectaculares, tirolesas y puentes colgantes rodeado de orquídeas y monos aulladores. Deleita tu paladar con auténtico molito de pollo de rancho y platillos tradicionales de temporada.",,,,,,,,2941995221 / 2941296275,,https://www.facebook.com/p/Ceytaks-100063802549769/?locale=es_LA,https://www.instagram.com/ceytaks23/,PLATFORM VERSION 1 – Veracruz,,,,,,,"Descubre Ceytaks, refugio popoluca en Veracruz donde la historia olmeca revive. Explora cascadas, tirolesas y puentes colgantes entre orquídeas y monos aulladores. Deléitate con molito de pollo de rancho y ricos platillos de temporada.","Descubre Ceytaks, refugio popoluca en Veracruz donde la historia olmeca revive. Explora cascadas, tirolesas y puentes colgantes entre orquídeas y monos aulladores. Deléitate con molito de pollo de rancho y ricos platillos de temporada."
VER-025,Descubriendo Jomxuk,Veracruz,,,Mexico,,,,Nature | Hiking | Gastronomy,Saberes Tradicionales,Aciano Ramírez Morales,,,"Reconecta con tu esencia en el Centro Ecoturístico Jomxuk, un refugio popoluca en la Sierra de Santa Marta. Vive el ritual del Dios del Maíz, recorre el ""Sendero del Silencio"" y habita la naturaleza en total plenitud. Disfruta de una estancia que honra la sabiduría ancestral y la medicina tradicional.",,,,,,,,9241107937,,https://www.facebook.com/p/Ecoturismo-Jomxuk-61554260242277/?locale=es_LA,https://www.instagram.com/ecoturismojomxuk/,PLATFORM VERSION 1 – Veracruz,,,,,,,"Reconecta en el Ecoturístico Jomxuk, refugio popoluca en la Sierra de Santa Marta. Vive el ritual del Dios del Maíz, explora el ""Sendero del Silencio"" y disfruta una estancia que honra la naturaleza, medicina y sabiduría ancestral.","Reconecta en el Ecoturístico Jomxuk, refugio popoluca en la Sierra de Santa Marta. Vive el ritual del Dios del Maíz, explora el ""Sendero del Silencio"" y disfruta una estancia que honra la naturaleza, medicina y sabiduría ancestral."
VER-026,Kan Tasejkan,Veracruz,,,Mexico,,,,Nature | Hiking | Gastronomy,Naturaleza,Juan Bautista Hernández,,,"Descubre Kantajsekan, el ""Lugar de Sombras"" en la Sierra de los Tuxtlas. Esta comunidad nahua te invita a una aventura sustentable entre senderos, cascadas y ríos. Disfruta tirolesas, kayak y ciclismo mientras te sumerges en su identidad, gastronomía y tradiciones ancestrales.",,,,,,,,9241078457 / 9241318579 / 9241366032,,https://www.facebook.com/kantasejkan?locale=es_LA,https://www.instagram.com/kan_tasejkan/,PLATFORM VERSION 1 – Veracruz,,,,,,,"Descubre Kantajsekan en Los Tuxtlas. Esta comunidad nahua te invita a una aventura sustentable entre senderos, cascadas y ríos. Disfruta tirolesa, kayak y ciclismo, sumergiéndote en su identidad, gastronomía y tradiciones.","Descubre Kantajsekan en Los Tuxtlas. Esta comunidad nahua te invita a una aventura sustentable entre senderos, cascadas y ríos. Disfruta tirolesa, kayak y ciclismo, sumergiéndote en su identidad, gastronomía y tradiciones."
VER-027,Campamento Tortuguero,Veracruz,,,Mexico,,,,Nature,Naturaleza,Irma Elizabeth Galván Tejeda,,,,,,,,,,,7668460667 / 7661133655,,,,PLATFORM VERSION 1 – Veracruz,,,,,,,"Disfruta en Vida Milenaria el campamento tortuguero y glamping frente al mar de Tecolutla; con actividades como la liberación de crías de tortugas, el avistamiento de la anidación y el manejo responsable de la fauna marítima.","Disfruta en Vida Milenaria el campamento tortuguero y glamping frente al mar de Tecolutla; con actividades como la liberación de crías de tortugas, el avistamiento de la anidación y el manejo responsable de la fauna marítima."
MMM-032,Aktun Usil,Yucatán,Maxcanú,Maxcanú,Mexico,20.5867,-89.9928,Puuc Route,Nature,Nature tourism,Víctor Chim Vergara y Lourdes Canché,"Interpretive tour of Aktun Usil cave, observation of Maya paintings and remains, welcoming ritual and optional traditional meal.",Small groups to support visitor control and cave conservation.,"Aktun Usil is a high-ceilinged cave whose name refers to the place where painted lines can be seen. Inside are paintings, altars, fragments of vessels, ceramics and other remains associated with Maya culture. Certified local guides lead the visit, interpret the underground landscape and share the site’s stories and legends.","Pre-Hispanic paintings on the cave walls, pre-Hispanic carvings of Maya figures and symbols in the cave’s stones, and a striking view of the Puuc region from the highest part of the site.","Maya welcoming ritual for visitors, accompanied by phrases in the Maya language and copal incense.",Reforestation of the trail to the cave with local trees and conservation of the trees and wildlife surrounding the cave entrance.,"Certified tour guides under NOM-08, maintenance staff, mototaxi drivers transporting visitors to the cave and traditional cooks.",Traditional Yucatecan food available by advance booking.,The care and conservation of the cave.,Learning about Maya culture.,9971133910; 9992141342,marinacc892@gmail.com,Aktun Usil,,"Maya World Mexico Tourism Experiences Catalogue, UNESCO / Maya World Mexico Alliance, 2025",CC BY-SA 3.0 IGO,,,,,,"Aktun Usil is a high-ceilinged cave whose name refers to the place where painted lines can be seen. Inside are paintings, altars, fragments of vessels, ceramics and other remains associated with Maya culture. Certified local guides lead the visit, interpret the underground landscape and share the site’s stories and legends.","Interpretive tour of Aktun Usil cave, observation of Maya paintings and remains, welcoming ritual and optional traditional meal."
MMM-033,Xbatun Village,Yucatán,Valladolid,Valladolid,Mexico,20.689,-88.2003,Caste War Route,Gastronomy,Local gastronomic tourism,"José Cen, Aldea Xbatun","Yucatecan Maya cooking workshop, collection of ingredients, preparation of dishes and dessert, restaurant and optional rural accommodation.",Small and medium-sized groups.,"Xbatun Village offers an ancestral cooking workshop in a setting of traditional Maya architecture. Guided by local cooks, participants collect ingredients from the household garden and prepare starters such as sikil pak, encamisado and dzotobichay, as well as pollo pibil and a cacao dessert. The experience can take place during the day or as an evening meal and includes restaurant and rural accommodation options.","The palapas used for cooking, accommodation huts, the Maya oven or pi’ib, traditional clothing and the traditional Maya cultivation system known as ca’anché.",Traditional culinary knowledge passed down through generations and the Maya language.,The organic garden that supplies some of the ingredients used in the kitchen.,"The family, whose members share responsibilities for cooking, leading the workshop, coordinating activities, handling bookings and maintaining the site.","Ancestral and Yucatecan cuisine, including sikil pak, encamisado, dzotobichay and pollo pibil.",Ancestral Maya culinary techniques.,Visitors’ active participation in cooking techniques.,985 852 6555,aldeaxbatun@gmail.com,Aldea Xbatun,@aldeaxbatun,"Maya World Mexico Tourism Experiences Catalogue, UNESCO / Maya World Mexico Alliance, 2025",CC BY-SA 3.0 IGO,,,,,,"Xbatun Village offers an ancestral cooking workshop in a setting of traditional Maya architecture. Guided by local cooks, participants collect ingredients from the household garden and prepare starters such as sikil pak, encamisado and dzotobichay, as well as pollo pibil and a cacao dessert. The experience can take place during the day or as an evening meal and includes restaurant and rural accommodation options.","Yucatecan Maya cooking workshop, collection of ingredients, preparation of dishes and dessert, restaurant and optional rural accommodation."
MMM-034,Caricoa Chocolate,Yucatán,Tekax,Tekax,Mexico,20.4094,-89.2833,Puuc Route,Handicrafts | Gastronomy | History and archaeology,Community and gastronomic tourism,"Dalia Yam, Caricoa Chocolate","Chocolate-making workshop, roasting and hand-grinding cacao, tasting and preparation of chocolate tablets to take home.","Small groups, respecting the capacity of the Maya house.","Caricoa invites visitors to learn the artisanal process used to make table chocolate and the family’s traditional recipe. Participants roast cacao on a comal, grind the ingredients by hand, prepare the paste and mould their own tablets. At the end, they can taste the product and take home the pieces made during the workshop.",The Maya house where the experience is offered.,The knowledge and preparation techniques learned and preserved by the family.,"Natural ingredients, especially cacao, the main ingredient.",Dalia and her family.,Artisanal chocolate tablets and cacao-based products.,Visits to immersive experiences.,Appreciation of this gastronomic activity.,997 100 7046,daliia.yam.acosta@gmail.com,Caricoa,@chocolate_caricoa,"Maya World Mexico Tourism Experiences Catalogue, UNESCO / Maya World Mexico Alliance, 2025",CC BY-SA 3.0 IGO,,,,,,"Caricoa invites visitors to learn the artisanal process used to make table chocolate and the family’s traditional recipe. Participants roast cacao on a comal, grind the ingredients by hand, prepare the paste and mould their own tablets. At the end, they can taste the product and take home the pieces made during the workshop.","Chocolate-making workshop, roasting and hand-grinding cacao, tasting and preparation of chocolate tablets to take home."
MMM-035,Zazil Tunich Cenote,Yucatán,Valladolid,Valladolid,Mexico,20.689,-88.2003,Caste War Route,Nature,Nature tourism,Zazil Tunich,"Guided cave tour, visit to and swimming in the cenote, trails, local cuisine and optional accommodation.",Small groups inside the cave.,"Zazil Tunich offers an underground route of approximately 200 metres descending into a cave with stalactites and stalagmites. The path passes formations known as the Maya Kiss and the alux cave before reaching a shallow-water cenote. The visit is guided and may be complemented with trails, local gastronomy and accommodation.",Visitor facilities and cabins for accommodation.,"A cultural performance inside the cave, including a Maya ceremony conducted in the Maya language.",Cave-cenote and Yucatecan forest.,Local employees in different roles.,"The cenote tourism experience, regional food, natural local beverages and a cacao-based drink.",A guided tour that presents the history of the cave.,The care of the cave and cenote.,9858085827,geded@valladolid.com.mx,Zazil Tunich,@zaziltunich,"Maya World Mexico Tourism Experiences Catalogue, UNESCO / Maya World Mexico Alliance, 2025",CC BY-SA 3.0 IGO,,,,,,"Zazil Tunich offers an underground route of approximately 200 metres descending into a cave with stalactites and stalagmites. The path passes formations known as the Maya Kiss and the alux cave before reaching a shallow-water cenote. The visit is guided and may be complemented with trails, local gastronomy and accommodation.","Guided cave tour, visit to and swimming in the cenote, trails, local cuisine and optional accommodation."
MMM-036,Ya’axché Cuisine: Ethnogastronomic Centre,Yucatán,Halachó,Halachó,Mexico,20.6622,-89.7697,Puuc Route,Gastronomy,Gastronomic and rural tourism,Ya’axché Centro Etnogastronómico,"Demonstration class on Yucatecan cooking, preparation over a hearth and in a pib, and tasting of a four-course meal.",Small groups for workshops.,"At Ya’axché, participants explore the spirituality and knowledge of Maya cuisine from western Yucatán. The class uses local ingredients and ancestral techniques, including the three-stone hearth and the underground oven or pib. The process takes place outdoors and ends with a tasting of the four-course meal prepared during the activity.","The vegetable garden, milpa, restaurant, kitchen and spaces used for the workshop.",The techniques and years of research the chef has devoted to the cuisine.,The land where crops are grown and the pib is prepared.,"Chefs, cooks, students and local residents.",Traditional ancestral Yucatecan food.,Local gastronomy.,The use of ancestral techniques.,999 322 1935,baezwilson13@gmail.com,Yaaxché Restaurante,@y.aaxche,"Maya World Mexico Tourism Experiences Catalogue, UNESCO / Maya World Mexico Alliance, 2025",CC BY-SA 3.0 IGO,,,,,,"At Ya’axché, participants explore the spirituality and knowledge of Maya cuisine from western Yucatán. The class uses local ingredients and ancestral techniques, including the three-stone hearth and the underground oven or pib. The process takes place outdoors and ends with a tasting of the four-course meal prepared during the activity.","Demonstration class on Yucatecan cooking, preparation over a hearth and in a pib, and tasting of a four-course meal."
MMM-037,Cuch Holoch,Yucatán,Halachó,Halachó,Mexico,20.6622,-89.7697,Puuc Route,Nature | Handicrafts,Community and craft tourism,Ponciano Tzuc,"Tour of the jipijapa process, visit to the plantation and weaving cave, hands-on demonstration and sale of handicrafts.",Small groups inside the cave.,"The visit to Cuch Holoch presents the complete process of making jipijapa hats. The tour includes the plant from which the fibres are obtained, the cave where the pieces are woven in humid conditions and the space where heat is used to set their final shape. Participants can practise part of the weaving process and, at the end, view and purchase hats and other crafts in natural or dyed colours.",The family home where the materials used to make hats are stored.,The jipijapa weaving technique.,The cave where the hats are woven and the land where jipijapa is cultivated.,A group of community artisans.,"Hats for women and men, fans, tortilla baskets, jewellery boxes and other items.",Visits to immersive craft experiences.,The purchase of jipijapa hats.,(997) 973 9373,,Jitpook Ponciano,,"Maya World Mexico Tourism Experiences Catalogue, UNESCO / Maya World Mexico Alliance, 2025",CC BY-SA 3.0 IGO,,,,,,"The visit to Cuch Holoch presents the complete process of making jipijapa hats. The tour includes the plant from which the fibres are obtained, the cave where the pieces are woven in humid conditions and the space where heat is used to set their final shape. Participants can practise part of the weaving process and, at the end, view and purchase hats and other crafts in natural or dyed colours.","Tour of the jipijapa process, visit to the plantation and weaving cave, hands-on demonstration and sale of handicrafts."
MMM-038,Grutas Chocantes Caves,Yucatán,Tekax,Tekax,Mexico,20.4094,-89.2833,Puuc Route,Nature,Adventure tourism,"Pedro Cervera Xool, Grutas Chocantes","Adventure tour of Grutas Chocantes with a guide, harness and safety equipment, drinking water, changing rooms and use of facilities.",Small groups to maintain control and safety.,"Grutas Chocantes offers an exploration of an underground karst landscape with stalactites, stalagmites and formations known locally as crystals. The adventure route is completed with a guide and safety equipment. On the surface, visitors may also enjoy zip-lining and rappelling at Gruta del Toro while learning about the history of expeditions carried out at the site.","On-site facilities, including the reception palapa, zip-line towers and specialised equipment.","Guide training, the history of the caves and their importance in Maya culture.",The cave and its stalactite and stalagmite formations.,Maya Indigenous members of the cooperative.,Traditional Yucatecan food and local crafts made from semi-precious stones such as jade.,The use of protective equipment when entering the cave.,Guided visits to improve safety and protection.,997 117 2756,pedroalejandrocerveraxool@outlook.es,Gruta Chocantes,@grutachocantes,"Maya World Mexico Tourism Experiences Catalogue, UNESCO / Maya World Mexico Alliance, 2025",CC BY-SA 3.0 IGO,,,,,,"Grutas Chocantes offers an exploration of an underground karst landscape with stalactites, stalagmites and formations known locally as crystals. The adventure route is completed with a guide and safety equipment. On the surface, visitors may also enjoy zip-lining and rappelling at Gruta del Toro while learning about the history of expeditions carried out at the site.","Adventure tour of Grutas Chocantes with a guide, harness and safety equipment, drinking water, changing rooms and use of facilities."
MMM-039,Lool-Há Stingless-Bee Apiary,Yucatán,Maní,Maní,Mexico,20.3917,-89.3833,Puuc Route,Stingless beekeeping,Cultural tourism,"Elizabeth Interián, Meliponario Lool-Há","Local guide, stingless-bee ceremony, visit to the apiary and honey tasting.",Small groups due to site capacity.,"At the Lool-Há Stingless-Bee Apiary, Maya women share ceremonies connected with caring for bees and seasonal flowering. The experience includes a ritual in the Maya language, a visit to the space where stingless bees are raised and an explanation of their cultural and medicinal importance. It ends with a honey tasting and an introduction to products derived from this ancestral practice.",The palapas and land where the activity takes place.,The knowledge of the women who conduct the Maya ceremony.,"Stingless bees, honey and related products.",The ten women members of the organisation.,Stingless-bee honey.,Respect for the Maya ceremony.,The care and protection of stingless bees.,997 112 7825,bojorquezelizabet1@gmail.com,Meliponario Lool-Há,,"Maya World Mexico Tourism Experiences Catalogue, UNESCO / Maya World Mexico Alliance, 2025",CC BY-SA 3.0 IGO,,,,,,"At the Lool-Há Stingless-Bee Apiary, Maya women share ceremonies connected with caring for bees and seasonal flowering. The experience includes a ritual in the Maya language, a visit to the space where stingless bees are raised and an explanation of their cultural and medicinal importance. It ends with a honey tasting and an introduction to products derived from this ancestral practice.","Local guide, stingless-bee ceremony, visit to the apiary and honey tasting."
MMM-040,Xa’ Anil Naj Maya Village,Yucatán,Santa Elena,Santa Elena,Mexico,20.2956,-89.6603,Puuc Route,Nature | Gastronomy | History and archaeology,Gastronomic and rural tourism,Aldea Maya Xa’ Anil Naj,"Food-preparation workshop, traditional beverage, tour of Santa Elena and tasting of Yucatecan cuisine.",Small groups.,"At Xa’ Anil Naj Maya Village, traditional cooks welcome visitors into a house built in the local architectural style. With their guidance, participants prepare pollo pibil in an underground oven, handmade tortillas and sikil pak using ingredients from the household garden. The activity also explains the meaning of practices associated with maize and, depending on the season, may include the ceremonial drink saká.","The Maya hut, hearth and Maya oven or pib.",Yucatecan recipes and the techniques used to prepare them.,Organic ingredients from the region.,Family members who participate in the project.,Traditional Yucatecan food.,The preparation of traditional food.,The use of locally produced organic ingredients.,997 133 5768,gladyscolli8@gmail.com,Aldea Maya Xa’ Anil Naj,,"Maya World Mexico Tourism Experiences Catalogue, UNESCO / Maya World Mexico Alliance, 2025",CC BY-SA 3.0 IGO,,,,,,"At Xa’ Anil Naj Maya Village, traditional cooks welcome visitors into a house built in the local architectural style. With their guidance, participants prepare pollo pibil in an underground oven, handmade tortillas and sikil pak using ingredients from the household garden. The activity also explains the meaning of practices associated with maize and, depending on the season, may include the ceremonial drink saká.","Food-preparation workshop, traditional beverage, tour of Santa Elena and tasting of Yucatecan cuisine."
MMM-041,Najilkat: House of Clay,Yucatán,Valladolid,Uayma,Mexico,20.7625,-88.2917,Puuc Route,Handicrafts,Handicrafts,Familia Espadas,"Guided tour of Uayma and pottery workshop, from selecting the clay to shaping and firing the pieces.",Small groups; the experience can be adapted to visitors’ needs.,"This experience introduces visitors to pottery through a family that has worked with clay for several generations. A guided visit to central Uayma presents its seventeenth-century church, followed by a workshop where artisans explain each step of pottery production, from selecting and collecting clay to firing the finished pieces. The visit must be arranged in advance with the host to confirm availability, schedules, prices and participation conditions.",Uayma’s seventeenth-century colonial church and the pottery workshop.,Traditional clay pottery techniques and the pottery tradition of the Espadas family and Juanita Dzul Cob.,,The Espadas family and local artisans.,Clay pottery.,The preservation and transmission of traditional pottery.,Hands-on learning and recognition of local artisanal work.,9841057444,najil.kat@gmail.com,https://www.facebook.com/TerrArteUayma,,"Maya World Mexico Tourism Experiences Catalogue, UNESCO / Maya World Mexico Alliance, 2025",CC BY-SA 3.0 IGO,,,,,,"This experience introduces visitors to pottery through a family that has worked with clay for several generations. A guided visit to central Uayma presents its seventeenth-century church, followed by a workshop where artisans explain each step of pottery production, from selecting and collecting clay to firing the finished pieces. The visit must be arranged in advance with the host to confirm availability, schedules, prices and participation conditions.","Guided tour of Uayma and pottery workshop, from selecting the clay to shaping and firing the pieces."
MMM-042,Kanxoc Community,Yucatán,Valladolid,Kanxoc,Mexico,20.6583,-88.1167,Caste War Route,Handicrafts,Handicrafts,Fernando May,"Tour of Kanxoc, hands-on hand- or machine-embroidery workshop, introduction to textile products and local food.","Small groups, according to the capacity of the home workshop.",Embroidery is one of Yucatán’s most distinctive heritage expressions. This experience allows visitors to learn selected hand- and machine-embroidery techniques. A local artisan provides practical instruction in traditional embroidery and the creation of textile and jewellery products.,,"Hand and machine Maya embroidery techniques, textile traditions and artisanal jewellery-making.",,Ten cooperative members participate on a regular basis.,"Traditional embroidery, textile products and artisanal jewellery.",The continuity of traditional embroidery techniques.,The participation of women artisans and the purchase of community products.,55 3650 8915,noracomunidadkanxoc@gmail.com,,,"Maya World Mexico Tourism Experiences Catalogue, UNESCO / Maya World Mexico Alliance, 2025",CC BY-SA 3.0 IGO,,,,,https://www.comunidadkanxoc.mx/,Embroidery is one of Yucatán’s most distinctive heritage expressions. This experience allows visitors to learn selected hand- and machine-embroidery techniques. A local artisan provides practical instruction in traditional embroidery and the creation of textile and jewellery products.,"Tour of Kanxoc, hands-on hand- or machine-embroidery workshop, introduction to textile products and local food."
MMM-043,U Najil Yilk’il Kaab,Yucatán,Yaxcabá,Yaxcabá,Mexico,20.5472,-88.8208,Caste War Route,Stingless beekeeping,Stingless beekeeping,Gabriela González,"Visit to the stingless-bee apiary and community garden, talk on native bees and tasting of different honeys.",,"Visitors can taste honeys produced by different native bee species and learn about their environmental and cultural importance in the Maya world through an engaging conversation with local women producers. The experience includes a visit to the stingless-bee apiary and community garden, a talk on native bees and stingless beekeeping, and tastings of honeys from different bee species and flowering seasons. The visit must be arranged in advance with the host to confirm availability, schedules, prices and participation conditions.",,Maya stingless beekeeping and knowledge of native bees and their role in the Maya worldview.,Native bee colonies and a community garden of nectar-producing plants.,A group of women stingless beekeepers.,Honeys from different native bee species and flowering seasons.,The conservation of native bees and Maya stingless beekeeping.,Environmental education and the responsible consumption of local honey.,462 245 7858,magaglezc33@gmail.com,https://www.facebook.com/unajilyilkilkaab,,"Maya World Mexico Tourism Experiences Catalogue, UNESCO / Maya World Mexico Alliance, 2025",CC BY-SA 3.0 IGO,,,,,,"Visitors can taste honeys produced by different native bee species and learn about their environmental and cultural importance in the Maya world through an engaging conversation with local women producers. The experience includes a visit to the stingless-bee apiary and community garden, a talk on native bees and stingless beekeeping, and tastings of honeys from different bee species and flowering seasons. The visit must be arranged in advance with the host to confirm availability, schedules, prices and participation conditions.","Visit to the stingless-bee apiary and community garden, talk on native bees and tasting of different honeys."
MMM-044,Yaax Tekit,Yucatán,Tekit,Tekit,Mexico,20.5569,-89.3364,Puuc Route,History and archaeology | Gastronomy | Handicrafts,"History, traditional cuisine, handicrafts",Ana Piña,"Community tour with options including a bakery, embroidery, local gastronomy, a guayabera factory and everyday life in Tekit.",,"This community tour highlights the knowledge and practices associated with Tekit’s agricultural and intangible cultural heritage. Visitors learn about daily life in a town that continues to practise sustainable traditions while changing rapidly in response to textile industrialisation. They may choose to visit a local bakery, tour an embroidery workshop, take a gastronomic tour with a local cook or visit a guayabera factory.",Guayabera factory and traditional bakery.,"Traditional gastronomy, Maya embroidery and guayabera production.",,"Bakers, embroiderers, cooks and local producers.","Artisanal bread, guayaberas and embroidery.","Appreciation of Tekit’s agricultural, textile and gastronomic practices.",The participation of community businesses and families.,999 447 8395,,,,"Maya World Mexico Tourism Experiences Catalogue, UNESCO / Maya World Mexico Alliance, 2025",CC BY-SA 3.0 IGO,,,,,https://cooxmayab.com/destinos/tekit/,"This community tour highlights the knowledge and practices associated with Tekit’s agricultural and intangible cultural heritage. Visitors learn about daily life in a town that continues to practise sustainable traditions while changing rapidly in response to textile industrialisation. They may choose to visit a local bakery, tour an embroidery workshop, take a gastronomic tour with a local cook or visit a guayabera factory.","Community tour with options including a bakery, embroidery, local gastronomy, a guayabera factory and everyday life in Tekit."
MMM-045,Pachpakal Maya Household Garden,Yucatán,Maní,Maní,Mexico,20.3917,-89.3833,Puuc Route,Gastronomy | History and archaeology,"Traditional cuisine, history",José de la Cruz,"Visit to a Maya household garden, explanation of its components, breakfast or lunch made with seasonal products and access to a local shop.",,Visitors have the opportunity to explore a Maya household garden and learn about its different components. The experience shows how knowledge from the past can be harmonised with present-day practices while respecting the environment and remaining part of everyday life. It includes a guided visit to the garden and an explanation of how its elements work together.,Traditional Maya household garden.,Agroecological knowledge associated with the Maya household garden and seasonal gastronomy.,Seasonal plants in the garden and the local milpa.,Host family and local producers.,"Handmade tortillas, sauces, regional beverages, artisanal ice cream, honey and herbal products.",The revival of the Maya household garden and its agroecological knowledge.,The consumption of local products and low-impact environmental practices.,997 128 7200,solar.maya@hotmail.com,,,"Maya World Mexico Tourism Experiences Catalogue, UNESCO / Maya World Mexico Alliance, 2025",CC BY-SA 3.0 IGO,,,,,https://acortar.link/CqbO4B,Visitors have the opportunity to explore a Maya household garden and learn about its different components. The experience shows how knowledge from the past can be harmonised with present-day practices while respecting the environment and remaining part of everyday life. It includes a guided visit to the garden and an explanation of how its elements work together.,"Visit to a Maya household garden, explanation of its components, breakfast or lunch made with seasonal products and access to a local shop."
MMM-046,Traditional Cuisine of Maní K’oóben,Yucatán,Maní,Maní,Mexico,20.3917,-89.3833,Puuc Route,Gastronomy,Traditional cuisine,Marta Pat,"Demonstration and workshop on traditional Yucatecan cooking, preparation over a hearth or in a pib, and tasting.",,"This experience takes place in a traditional Yucatecan restaurant where visitors learn and practise cooking techniques using a three-stone hearth, firewood and an underground oven or pib. Guided by Doña Marta, participants prepare dishes such as cochinita pibil, poc chuc, mucbipollo, huevos encamisados and tortillas made with nixtamalised maize. The workshop combines culinary learning, stories about daily life in Maní and a tasting of the food prepared.",,"Traditional Yucatecan gastronomy, the pib underground-oven technique and the use of nixtamalised maize.",,Traditional cooks and restaurant staff.,"Mucbipollo, cochinita pibil, poc chuc and locally grown nixtamalised maize.",The transmission of traditional recipes and cooking techniques.,"The use of local maize, the three-stone hearth and the pib oven.",999 330 7120,knulpat@gmail.com,,,"Maya World Mexico Tourism Experiences Catalogue, UNESCO / Maya World Mexico Alliance, 2025",CC BY-SA 3.0 IGO,,,,,https://koobenmani.com.mx,"This experience takes place in a traditional Yucatecan restaurant where visitors learn and practise cooking techniques using a three-stone hearth, firewood and an underground oven or pib. Guided by Doña Marta, participants prepare dishes such as cochinita pibil, poc chuc, mucbipollo, huevos encamisados and tortillas made with nixtamalised maize. The workshop combines culinary learning, stories about daily life in Maní and a tasting of the food prepared.","Demonstration and workshop on traditional Yucatecan cooking, preparation over a hearth or in a pib, and tasting."
MMM-047,Unajil Ek Balam,Yucatán,Temozón,Ekbalám,Mexico,20.8717,-88.2533,Caste War Route,History and archaeology | Handicrafts | Gastronomy,"Archaeology, handicrafts, history",Mario Tuz,"Community tour, visit to the archaeological site and milpa, hammock, embroidery and tortilla workshops, with optional accommodation or camping.",,"The Unajil Ek Balam experience offers a community tour and an intercultural encounter with residents living a few kilometres from the Ek Balam archaeological site. In addition to visiting the site, participants explore the area’s natural and cultural richness through traditional activities that remain part of community life. These include a milpa tour explaining local cultivation techniques and a community tour featuring hammock weaving, embroidery and handmade tortillas. Visitors may stay in traditional cabins or camp in an ejido reserve.",Ek Balam archaeological site.,"Hammock weaving, Maya embroidery, tortilla-making and milpa agriculture.",Ek Balam ejido reserve.,Members of the Ek Balam ejido.,"Hammocks, embroidery and tortillas.",Cultural exchange and the transmission of community knowledge.,Local consumption and the participation of ejido members and women artisans.,985 106 8738,,,,"Maya World Mexico Tourism Experiences Catalogue, UNESCO / Maya World Mexico Alliance, 2025",CC BY-SA 3.0 IGO,,,,,https://unajilekbalam.com/,"The Unajil Ek Balam experience offers a community tour and an intercultural encounter with residents living a few kilometres from the Ek Balam archaeological site. In addition to visiting the site, participants explore the area’s natural and cultural richness through traditional activities that remain part of community life. These include a milpa tour explaining local cultivation techniques and a community tour featuring hammock weaving, embroidery and handmade tortillas. Visitors may stay in traditional cabins or camp in an ejido reserve.","Community tour, visit to the archaeological site and milpa, hammock, embroidery and tortilla workshops, with optional accommodation or camping."
MMM-048,Paths of the Mayab,Yucatán,Mérida,Mérida / Yunku,Mexico,20.967,-89.6237,Puuc Route,Hiking | Gastronomy | History and archaeology,"History, nature, traditional cuisine",Emiliano Méndez,"4.5-kilometre hike, visit to former henequen fields, a hacienda and cenote, traditional meal and transport from Mérida.",,"This ecotourism hike covers 4.5 kilometres through secondary forest, passing former henequen fields and natural sites. The route visits Santo Domingo de Yunku Hacienda, where participants can enter a closed cenote and learn about the history of the site. It ends with a meal in a local home featuring traditional cuisine.",Santo Domingo de Yunku Hacienda and former henequen fields.,Traditional local gastronomy and the history of henequen production in Yucatán.,Secondary forest and a closed cenote.,"Local guides, host families and food suppliers.",Traditional Yucatecan food.,Appreciation of the communities’ henequen and natural heritage.,The use of local services and consumption of locally prepared food.,999 503 6767,info@caminodelmayab.com,,,"Maya World Mexico Tourism Experiences Catalogue, UNESCO / Maya World Mexico Alliance, 2025",CC BY-SA 3.0 IGO,,,,,https://caminodelmayab.com/,"This ecotourism hike covers 4.5 kilometres through secondary forest, passing former henequen fields and natural sites. The route visits Santo Domingo de Yunku Hacienda, where participants can enter a closed cenote and learn about the history of the site. It ends with a meal in a local home featuring traditional cuisine.","4.5-kilometre hike, visit to former henequen fields, a hacienda and cenote, traditional meal and transport from Mérida."
MMM-049,Sheartail,Yucatán,Celestún,Celestún,Mexico,20.8667,-90.3956,Puuc Route,Hiking | Nature,Nature,Román Cahuich,"Night tour through mangroves, dunes, saltworks and the former Real de Salinas hacienda with specialised guides.",,"Sheartail offers a night-time tour of Celestún’s coastal landscape with specialised guides. The route crosses mangroves, dunes and saltworks and visits the remains of the former Real de Salinas hacienda while participants listen to and interpret the sounds of nocturnal wildlife. The activity presents a different perspective on the region’s natural and historical heritage.",The former Real de Salinas hacienda.,,"Celestún mangroves, coastal dunes, saltworks and nocturnal wildlife.",Nature-tourism guides certified since 2017.,,"The conservation of mangroves, dunes and nocturnal wildlife.",Environmental education through guided tours.,999 748 8728,rcauich@gmail.com,https://www.facebook.com/sheartailexpeditions/,,"Maya World Mexico Tourism Experiences Catalogue, UNESCO / Maya World Mexico Alliance, 2025",CC BY-SA 3.0 IGO,,,,,,"Sheartail offers a night-time tour of Celestún’s coastal landscape with specialised guides. The route crosses mangroves, dunes and saltworks and visits the remains of the former Real de Salinas hacienda while participants listen to and interpret the sounds of nocturnal wildlife. The activity presents a different perspective on the region’s natural and historical heritage.","Night tour through mangroves, dunes, saltworks and the former Real de Salinas hacienda with specialised guides."
MMM-050,Discover Sisal,Yucatán,Hunucmá,Sisal,Mexico,21.1644,-90.0408,Puuc Route,Hiking | Nature,Nature,Leopoldo Puc,"Customised tours of mangroves, freshwater springs and dunes, with birdwatching, kayaking, hiking and water activities.",,"This experience explores the natural surroundings of Sisal, characterised by mangroves, freshwater springs and dunes. The tours showcase abundant wildlife, especially birds, and three mangrove species: black, red and white. Because of their capacity to capture carbon, these ecosystems provide important environmental services. The visit must be arranged in advance with the host to confirm availability, schedules, prices and participation conditions.",,,"Black, red and white mangroves, freshwater springs, coastal dunes and birds.",Community nature guides.,,"The conservation of mangroves, freshwater springs and coastal dunes.",Responsible birdwatching and nature tourism.,999 363 5014,descubresisal@gmail.com,,,"Maya World Mexico Tourism Experiences Catalogue, UNESCO / Maya World Mexico Alliance, 2025",CC BY-SA 3.0 IGO,,,,,https://descubresisal.com/,"This experience explores the natural surroundings of Sisal, characterised by mangroves, freshwater springs and dunes. The tours showcase abundant wildlife, especially birds, and three mangrove species: black, red and white. Because of their capacity to capture carbon, these ecosystems provide important environmental services. The visit must be arranged in advance with the host to confirm availability, schedules, prices and participation conditions.","Customised tours of mangroves, freshwater springs and dunes, with birdwatching, kayaking, hiking and water activities."
MMM-051,Guardians of the Dzinitun Mangroves,Yucatán,Celestún,Celestún,Mexico,20.8667,-90.3956,Puuc Route,Hiking | Nature,Nature,José Isaías Uh,"Bicycle and kayak tour through the mangroves, birdwatching and the option to swim in a freshwater spring.",,"This experience focuses on the environmental and cultural importance of Celestún’s mangroves and the area’s rich wildlife, particularly birds. Participants cycle along trails, kayak through wetlands and may swim in a freshwater spring.",,,"Celestún mangroves, Dzinitun wetlands, a freshwater spring and birdlife.",A family fishing cooperative whose members became nature guides and are certified by SEFOTUR Yucatán.,,The restoration and conservation of Celestún’s mangroves.,Environmental education and the participation of community guides.,999 645 4310,guardianesdzinintun@gmail.com,,,"Maya World Mexico Tourism Experiences Catalogue, UNESCO / Maya World Mexico Alliance, 2025",CC BY-SA 3.0 IGO,,,,,https://goo.su/rp9qs,"This experience focuses on the environmental and cultural importance of Celestún’s mangroves and the area’s rich wildlife, particularly birds. Participants cycle along trails, kayak through wetlands and may swim in a freshwater spring.","Bicycle and kayak tour through the mangroves, birdwatching and the option to swim in a freshwater spring."
MMM-052,Mundo Maya MTB,Yucatán,Mérida,Sacalum / Mucuyché,Mexico,20.967,-89.6237,Puuc Route,Hiking | Gastronomy | Nature,"Nature, traditional cuisine",Rafael Jiménez,"Mountain-bike route along henequen roads, agricultural plots, milpas, haciendas and cenotes, with a traditional meal at the end.",,"The mountain-bike route begins in Sacalum and follows historic roads once used to transport henequen, passing henequen fields, low forest, citrus plots and milpas. It crosses communities and former haciendas, with stops at the San Marcos and Sabakhá cenotes. Depending on the season, visitors may harvest fruit in the plots.",Former henequen haciendas and historic Decauville railway tracks.,The history of henequen production in Yucatán and traditional gastronomy in a Maya home.,"Tropical dry forest, citrus plots, Maya milpas and open cenotes.","Guides, families and suppliers from communities along the route.",Traditional Yucatecan food served in a Maya home.,Low-impact mobility and knowledge of the biocultural landscape.,Local consumption and collaboration with communities along the route.,999 1307 123,proyecticamx@gmail.com,,,"Maya World Mexico Tourism Experiences Catalogue, UNESCO / Maya World Mexico Alliance, 2025",CC BY-SA 3.0 IGO,,,,,https://acortar.link/npscU4,"The mountain-bike route begins in Sacalum and follows historic roads once used to transport henequen, passing henequen fields, low forest, citrus plots and milpas. It crosses communities and former haciendas, with stops at the San Marcos and Sabakhá cenotes. Depending on the season, visitors may harvest fruit in the plots.","Mountain-bike route along henequen roads, agricultural plots, milpas, haciendas and cenotes, with a traditional meal at the end."
