{"type":"FeatureCollection","name":"infraestructura_transporte","features":[{"type":"Feature","id":"RNC-1","geometry":{"type":"Point","coordinates":[-99.07818735899997,19.42227407100006]},"properties":{"id":"RNC-1","nombre":"Aeropuerto Internacional Benito Juárez de la Ciudad de México - Terminal 2","categoria":"aeropuerto","categoria_label":"Aeropuerto","subcategoria":"Internacional","fuente":"Red Nacional de Caminos 2025, INEGI"}},{"type":"Feature","id":"RNC-31","geometry":{"type":"Point","coordinates":[-99.082942631,19.435437226000033]},"properties":{"id":"RNC-31","nombre":"Aeropuerto Internacional Benito Juárez de la Ciudad de México - Terminal 1","categoria":"aeropuerto","categoria_label":"Aeropuerto","subcategoria":"Internacional","fuente":"Red Nacional de Caminos 2025, INEGI"}},{"type":"Feature","id":"RNC-66","geometry":{"type":"Point","coordinates":[-101.46388867099995,17.606249911000077]},"properties":{"id":"RNC-66","nombre":"Aeropuerto Internacional Ixtapa Zihuatanejo","categoria":"aeropuerto","categoria_label":"Aeropuerto","subcategoria":"Internacional","fuente":"Red Nacional de Caminos 2025, INEGI"}},{"type":"Feature","id":"RNC-76","geometry":{"type":"Point","coordinates":[-99.90124238699997,16.848597639000047]},"properties":{"id":"RNC-76","nombre":"Puerto Transatlántico Internacional Teniente José Azueta","categoria":"puerto_embarcadero","categoria_label":"Puerto o embarcadero","subcategoria":"Turístico","fuente":"Red Nacional de Caminos 2025, INEGI"}},{"type":"Feature","id":"RNC-102","geometry":{"type":"Point","coordinates":[-99.83751755399999,16.796134735000066]},"properties":{"id":"RNC-102","nombre":"Puerto Marqués","categoria":"puerto_embarcadero","categoria_label":"Puerto o embarcadero","subcategoria":"Turístico","fuente":"Red Nacional de Caminos 2025, INEGI"}},{"type":"Feature","id":"RNC-115","geometry":{"type":"Point","coordinates":[-101.55893005399997,17.636653195000065]},"properties":{"id":"RNC-115","nombre":"Puerto Zihuatanejo","categoria":"puerto_embarcadero","categoria_label":"Puerto o embarcadero","subcategoria":"Turístico","fuente":"Red Nacional de Caminos 2025, INEGI"}},{"type":"Feature","id":"RNC-116","geometry":{"type":"Point","coordinates":[-99.75444782754151,16.7623338735696]},"properties":{"id":"RNC-116","nombre":"Aeropuerto Internacional de Acapulco, General Juan N. Álvarez","categoria":"aeropuerto","categoria_label":"Aeropuerto","subcategoria":"Internacional","fuente":"Red Nacional de Caminos 2025, INEGI"}},{"type":"Feature","id":"RNC-120","geometry":{"type":"Point","coordinates":[-101.61633401099999,17.664876914000047]},"properties":{"id":"RNC-120","nombre":"Marina Ixtapa","categoria":"puerto_embarcadero","categoria_label":"Puerto o embarcadero","subcategoria":"Marina","fuente":"Red Nacional de Caminos 2025, INEGI"}},{"type":"Feature","id":"RNC-163","geometry":{"type":"Point","coordinates":[-101.06052722899994,17.276795193000055]},"properties":{"id":"RNC-163","nombre":"Puerto Vicente Guerrero","categoria":"puerto_embarcadero","categoria_label":"Puerto o embarcadero","subcategoria":"De Abrigo","fuente":"Red Nacional de Caminos 2025, INEGI"}},{"type":"Feature","id":"RNC-167","geometry":{"type":"Point","coordinates":[-99.90372414899997,16.836368609000033]},"properties":{"id":"RNC-167","nombre":"Club de Yates de Acapulco","categoria":"puerto_embarcadero","categoria_label":"Puerto o embarcadero","subcategoria":"Marina","fuente":"Red Nacional de Caminos 2025, INEGI"}},{"type":"Feature","id":"RNC-237","geometry":{"type":"Point","coordinates":[-99.51297522799996,17.568271517000028]},"properties":{"id":"RNC-237","nombre":"Aeropuerto Nacional de Chilpancingo","categoria":"aeropuerto","categoria_label":"Aeropuerto","subcategoria":"Local","fuente":"Red Nacional de Caminos 2025, INEGI"}},{"type":"Feature","id":"RNC-262","geometry":{"type":"Point","coordinates":[-99.25984159399997,18.830975915000067]},"properties":{"id":"RNC-262","nombre":"Aeropuerto Internacional de Cuernavaca, Mariano Matamoros","categoria":"aeropuerto","categoria_label":"Aeropuerto","subcategoria":"Internacional","fuente":"Red Nacional de Caminos 2025, INEGI"}},{"type":"Feature","id":"RNC-507","geometry":{"type":"Point","coordinates":[-99.5705903034607,19.3378930330517]},"properties":{"id":"RNC-507","nombre":"Aeropuerto Internacional de Toluca, Adolfo López Mateos","categoria":"aeropuerto","categoria_label":"Aeropuerto","subcategoria":"Internacional","fuente":"Red Nacional de Caminos 2025, INEGI"}},{"type":"Feature","id":"RNC-764","geometry":{"type":"Point","coordinates":[-99.29453650199997,19.571232519000034]},"properties":{"id":"RNC-764","nombre":"Aeropuerto Nacional Jorge Jiménez Cantú","categoria":"aeropuerto","categoria_label":"Aeropuerto","subcategoria":"Local","fuente":"Red Nacional de Caminos 2025, INEGI"}},{"type":"Feature","id":"RNC-791","geometry":{"type":"Point","coordinates":[-98.78267080899997,20.07431606800003]},"properties":{"id":"RNC-791","nombre":"Aeropuerto Nacional de Pachuca, Juan Guillermo Villasana","categoria":"aeropuerto","categoria_label":"Aeropuerto","subcategoria":"Nacional","fuente":"Red Nacional de Caminos 2025, INEGI"}},{"type":"Feature","id":"RNC-1023","geometry":{"type":"Point","coordinates":[-97.41894847999998,18.492103412000066]},"properties":{"id":"RNC-1023","nombre":"Aeropuerto Nacional de Tehuacán","categoria":"aeropuerto","categoria_label":"Aeropuerto","subcategoria":"Nacional","fuente":"Red Nacional de Caminos 2025, INEGI"}},{"type":"Feature","id":"RNC-1053","geometry":{"type":"Point","coordinates":[-98.37627600099995,19.163991157000055]},"properties":{"id":"RNC-1053","nombre":"Aeropuerto Internacional de Puebla","categoria":"aeropuerto","categoria_label":"Aeropuerto","subcategoria":"Internacional","fuente":"Red Nacional de Caminos 2025, INEGI"}},{"type":"Feature","id":"RNC-1592","geometry":{"type":"Point","coordinates":[-96.90891181399996,19.552683969000043]},"properties":{"id":"RNC-1592","nombre":"Estación Ferroviaria Terminal Xalapa","categoria":"estacion_ferrocarril","categoria_label":"Estación de ferrocarril","subcategoria":"","fuente":"Red Nacional de Caminos 2025, INEGI"}},{"type":"Feature","id":"RNC-1658","geometry":{"type":"Point","coordinates":[-96.79143093099998,19.47643643200007]},"properties":{"id":"RNC-1658","nombre":"Aeropuerto Nacional, El Lencero","categoria":"aeropuerto","categoria_label":"Aeropuerto","subcategoria":"Nacional","fuente":"Red Nacional de Caminos 2025, INEGI"}},{"type":"Feature","id":"RNC-1691","geometry":{"type":"Point","coordinates":[-96.183322923,19.142405367000038]},"properties":{"id":"RNC-1691","nombre":"Aeropuerto Internacional, General Heriberto Jara","categoria":"aeropuerto","categoria_label":"Aeropuerto","subcategoria":"Internacional","fuente":"Red Nacional de Caminos 2025, INEGI"}},{"type":"Feature","id":"RNC-1694","geometry":{"type":"Point","coordinates":[-96.12355849099998,19.189495107000027]},"properties":{"id":"RNC-1694","nombre":"Club de Yates de Veracruz","categoria":"puerto_embarcadero","categoria_label":"Puerto o embarcadero","subcategoria":"Marina","fuente":"Red Nacional de Caminos 2025, INEGI"}},{"type":"Feature","id":"RNC-1711","geometry":{"type":"Point","coordinates":[-96.13350938999997,19.202530602000024]},"properties":{"id":"RNC-1711","nombre":"Puerto de Veracruz","categoria":"puerto_embarcadero","categoria_label":"Puerto o embarcadero","subcategoria":"Turístico","fuente":"Red Nacional de Caminos 2025, INEGI"}},{"type":"Feature","id":"RNC-1761","geometry":{"type":"Point","coordinates":[-96.92955758899996,18.881214948000036]},"properties":{"id":"RNC-1761","nombre":"Estación Ferroviaria Córdoba","categoria":"estacion_ferrocarril","categoria_label":"Estación de ferrocarril","subcategoria":"","fuente":"Red Nacional de Caminos 2025, INEGI"}},{"type":"Feature","id":"RNC-1762","geometry":{"type":"Point","coordinates":[-96.36147498999999,18.447664624000026]},"properties":{"id":"RNC-1762","nombre":"Estación Ferroviaria Tierra Blanca","categoria":"estacion_ferrocarril","categoria_label":"Estación de ferrocarril","subcategoria":"","fuente":"Red Nacional de Caminos 2025, INEGI"}},{"type":"Feature","id":"RNC-1937","geometry":{"type":"Point","coordinates":[-96.13987102099998,19.203945341000065]},"properties":{"id":"RNC-1937","nombre":"Estación Ferroviaria Veracruz","categoria":"estacion_ferrocarril","categoria_label":"Estación de ferrocarril","subcategoria":"","fuente":"Red Nacional de Caminos 2025, INEGI"}},{"type":"Feature","id":"RNC-1938","geometry":{"type":"Point","coordinates":[-97.10607799399997,18.839680902000055]},"properties":{"id":"RNC-1938","nombre":"Estación Ferroviaria Orizaba","categoria":"estacion_ferrocarril","categoria_label":"Estación de ferrocarril","subcategoria":"","fuente":"Red Nacional de Caminos 2025, INEGI"}},{"type":"Feature","id":"RNC-1983","geometry":{"type":"Point","coordinates":[-95.40392682599997,17.99211494800005]},"properties":{"id":"RNC-1983","nombre":"Estación Ferroviaria Juan Rodríguez Clara","categoria":"estacion_ferrocarril","categoria_label":"Estación de ferrocarril","subcategoria":"","fuente":"Red Nacional de Caminos 2025, INEGI"}},{"type":"Feature","id":"RNC-1984","geometry":{"type":"Point","coordinates":[-96.09412559599997,18.16015318500007]},"properties":{"id":"RNC-1984","nombre":"Estación Ferroviaria Papaloapan","categoria":"estacion_ferrocarril","categoria_label":"Estación de ferrocarril","subcategoria":"","fuente":"Red Nacional de Caminos 2025, INEGI"}},{"type":"Feature","id":"RNC-1985","geometry":{"type":"Point","coordinates":[-95.02952550199996,17.66969653500007]},"properties":{"id":"RNC-1985","nombre":"Estación Ferroviaria Medias Aguas","categoria":"estacion_ferrocarril","categoria_label":"Estación de ferrocarril","subcategoria":"","fuente":"Red Nacional de Caminos 2025, INEGI"}},{"type":"Feature","id":"RNC-1986","geometry":{"type":"Point","coordinates":[-96.13341744399997,18.240456525000074]},"properties":{"id":"RNC-1986","nombre":"Estación Ferroviaria Tres Valles","categoria":"estacion_ferrocarril","categoria_label":"Estación de ferrocarril","subcategoria":"","fuente":"Red Nacional de Caminos 2025, INEGI"}},{"type":"Feature","id":"RNC-2054","geometry":{"type":"Point","coordinates":[-94.62026927899996,18.037326997000036]},"properties":{"id":"RNC-2054","nombre":"Estación Ferroviaria Hibueras","categoria":"estacion_ferrocarril","categoria_label":"Estación de ferrocarril","subcategoria":"","fuente":"Red Nacional de Caminos 2025, INEGI"}},{"type":"Feature","id":"RNC-2066","geometry":{"type":"Point","coordinates":[-94.57666096599996,18.102239139000062]},"properties":{"id":"RNC-2066","nombre":"Aeropuerto Internacional de Minatitlán","categoria":"aeropuerto","categoria_label":"Aeropuerto","subcategoria":"Internacional","fuente":"Red Nacional de Caminos 2025, INEGI"}},{"type":"Feature","id":"RNC-2078","geometry":{"type":"Point","coordinates":[-94.44097150699997,18.126710468000056]},"properties":{"id":"RNC-2078","nombre":"Estación Ferroviaria Coatzacoalcos","categoria":"estacion_ferrocarril","categoria_label":"Estación de ferrocarril","subcategoria":"","fuente":"Red Nacional de Caminos 2025, INEGI"}},{"type":"Feature","id":"RNC-2176","geometry":{"type":"Point","coordinates":[-97.46057486099994,20.599217457000066]},"properties":{"id":"RNC-2176","nombre":"Aeropuerto Nacional El Tajín","categoria":"aeropuerto","categoria_label":"Aeropuerto","subcategoria":"Nacional","fuente":"Red Nacional de Caminos 2025, INEGI"}},{"type":"Feature","id":"RNC-2262","geometry":{"type":"Point","coordinates":[-93.47802392899996,17.66799171200006]},"properties":{"id":"RNC-2262","nombre":"Estación Chontalpa","categoria":"estacion_ferrocarril","categoria_label":"Estación de ferrocarril","subcategoria":"","fuente":"Red Nacional de Caminos 2025, INEGI"}},{"type":"Feature","id":"RNC-2271","geometry":{"type":"Point","coordinates":[-92.81903301899997,17.99251795600003]},"properties":{"id":"RNC-2271","nombre":"Aeropuerto Internacional de Villahermosa, Carlos Rovirosa Pérez","categoria":"aeropuerto","categoria_label":"Aeropuerto","subcategoria":"Internacional","fuente":"Red Nacional de Caminos 2025, INEGI"}},{"type":"Feature","id":"RNC-2391","geometry":{"type":"Point","coordinates":[-92.94903298199996,17.56522652900003]},"properties":{"id":"RNC-2391","nombre":"Estación de Ferrocarril Teapa","categoria":"estacion_ferrocarril","categoria_label":"Estación de ferrocarril","subcategoria":"","fuente":"Red Nacional de Caminos 2025, INEGI"}},{"type":"Feature","id":"RNC-2453","geometry":{"type":"Point","coordinates":[-91.17105698899998,17.92382464600007]},"properties":{"id":"RNC-2453","nombre":"Estación El Triunfo","categoria":"estacion_ferrocarril","categoria_label":"Estación de ferrocarril","subcategoria":"","fuente":"Red Nacional de Caminos 2025, INEGI"}},{"type":"Feature","id":"RNC-2454","geometry":{"type":"Point","coordinates":[-91.43063400199999,17.460562776000074]},"properties":{"id":"RNC-2454","nombre":"Estación de Ferrocarril Tenosique","categoria":"estacion_ferrocarril","categoria_label":"Estación de ferrocarril","subcategoria":"","fuente":"Red Nacional de Caminos 2025, INEGI"}},{"type":"Feature","id":"RNC-2455","geometry":{"type":"Point","coordinates":[-91.29438879999998,17.586706159000073]},"properties":{"id":"RNC-2455","nombre":"Estación de Ferrocarril Mactún","categoria":"estacion_ferrocarril","categoria_label":"Estación de ferrocarril","subcategoria":"","fuente":"Red Nacional de Caminos 2025, INEGI"}},{"type":"Feature","id":"RNC-2462","geometry":{"type":"Point","coordinates":[-91.77483681299998,17.741417486000046]},"properties":{"id":"RNC-2462","nombre":"Terminal de Autobuses ADO, OCC y AU","categoria":"terminal_autobuses","categoria_label":"Terminal de autobuses","subcategoria":"","fuente":"Red Nacional de Caminos 2025, INEGI"}},{"type":"Feature","id":"RNC-2470","geometry":{"type":"Point","coordinates":[-93.07445557499994,18.42595925100005]},"properties":{"id":"RNC-2470","nombre":"Puerto Marina Chiltepec","categoria":"puerto_embarcadero","categoria_label":"Puerto o embarcadero","subcategoria":"Marina","fuente":"Red Nacional de Caminos 2025, INEGI"}},{"type":"Feature","id":"RNC-2552","geometry":{"type":"Point","coordinates":[-96.72158308899998,17.001113733000068]},"properties":{"id":"RNC-2552","nombre":"Aeropuerto Internacional Xoxocotlán","categoria":"aeropuerto","categoria_label":"Aeropuerto","subcategoria":"Internacional","fuente":"Red Nacional de Caminos 2025, INEGI"}},{"type":"Feature","id":"RNC-2708","geometry":{"type":"Point","coordinates":[-96.130881071,15.755525839]},"properties":{"id":"RNC-2708","nombre":"Marina Dársena Santa Cruz","categoria":"puerto_embarcadero","categoria_label":"Puerto o embarcadero","subcategoria":"Marina","fuente":"Red Nacional de Caminos 2025, INEGI"}},{"type":"Feature","id":"RNC-2709","geometry":{"type":"Point","coordinates":[-96.12091600299999,15.764977929000052]},"properties":{"id":"RNC-2709","nombre":"Marina Chahué","categoria":"puerto_embarcadero","categoria_label":"Puerto o embarcadero","subcategoria":"Marina","fuente":"Red Nacional de Caminos 2025, INEGI"}},{"type":"Feature","id":"RNC-2724","geometry":{"type":"Point","coordinates":[-97.09158433999994,15.875085488000025]},"properties":{"id":"RNC-2724","nombre":"Aeropuerto Internacional de Puerto Escondido","categoria":"aeropuerto","categoria_label":"Aeropuerto","subcategoria":"Internacional","fuente":"Red Nacional de Caminos 2025, INEGI"}},{"type":"Feature","id":"RNC-2725","geometry":{"type":"Point","coordinates":[-96.25799774499995,15.77200033100007]},"properties":{"id":"RNC-2725","nombre":"Aeropuerto Internacional de Bahías de Huatulco","categoria":"aeropuerto","categoria_label":"Aeropuerto","subcategoria":"Internacional","fuente":"Red Nacional de Caminos 2025, INEGI"}},{"type":"Feature","id":"RNC-2793","geometry":{"type":"Point","coordinates":[-93.01929390099997,16.561098779000076]},"properties":{"id":"RNC-2793","nombre":"Aeropuerto Internacional de Tuxtla Gutiérrez, Ángel Albino Corzo","categoria":"aeropuerto","categoria_label":"Aeropuerto","subcategoria":"Internacional","fuente":"Red Nacional de Caminos 2025, INEGI"}},{"type":"Feature","id":"RNC-2951","geometry":{"type":"Point","coordinates":[-92.0156554250955,17.5375213232515]},"properties":{"id":"RNC-2951","nombre":"Aeropuerto Internacional de Palenque","categoria":"aeropuerto","categoria_label":"Aeropuerto","subcategoria":"Internacional","fuente":"Red Nacional de Caminos 2025, INEGI"}},{"type":"Feature","id":"RNC-3118","geometry":{"type":"Point","coordinates":[-90.50408842999997,19.814177607000033]},"properties":{"id":"RNC-3118","nombre":"Aeropuerto Internacional de Campeche. Ing. Alberto Acuña Ongay","categoria":"aeropuerto","categoria_label":"Aeropuerto","subcategoria":"Internacional","fuente":"Red Nacional de Caminos 2025, INEGI"}},{"type":"Feature","id":"RNC-3158","geometry":{"type":"Point","coordinates":[-91.80254844599995,18.651102370000046]},"properties":{"id":"RNC-3158","nombre":"Aeropuerto Internacional de Ciudad del Carmen","categoria":"aeropuerto","categoria_label":"Aeropuerto","subcategoria":"Internacional","fuente":"Red Nacional de Caminos 2025, INEGI"}},{"type":"Feature","id":"RNC-3181","geometry":{"type":"Point","coordinates":[-87.43768822999994,20.225762488000044]},"properties":{"id":"RNC-3181","nombre":"Estación Aeronaval de Tulum","categoria":"aeropuerto","categoria_label":"Aeropuerto","subcategoria":"Local","fuente":"Red Nacional de Caminos 2025, INEGI"}},{"type":"Feature","id":"RNC-3192","geometry":{"type":"Point","coordinates":[-88.3242006808139,18.5066059349744]},"properties":{"id":"RNC-3192","nombre":"Aeropuerto Internacional de Chetumal","categoria":"aeropuerto","categoria_label":"Aeropuerto","subcategoria":"Internacional","fuente":"Red Nacional de Caminos 2025, INEGI"}},{"type":"Feature","id":"RNC-3196","geometry":{"type":"Point","coordinates":[-87.08134157299997,20.62275196300004]},"properties":{"id":"RNC-3196","nombre":"Aeródromo Playa del Carmen","categoria":"aeropuerto","categoria_label":"Aeropuerto","subcategoria":"Local","fuente":"Red Nacional de Caminos 2025, INEGI"}},{"type":"Feature","id":"RNC-3197","geometry":{"type":"Point","coordinates":[-86.87627187199996,21.039831803000027]},"properties":{"id":"RNC-3197","nombre":"Aeropuerto Internacional de Cancún","categoria":"aeropuerto","categoria_label":"Aeropuerto","subcategoria":"Internacional","fuente":"Red Nacional de Caminos 2025, INEGI"}},{"type":"Feature","id":"RNC-3198","geometry":{"type":"Point","coordinates":[-86.93010988499998,20.511517866000077]},"properties":{"id":"RNC-3198","nombre":"Aeropuerto Internacional de Cozumel","categoria":"aeropuerto","categoria_label":"Aeropuerto","subcategoria":"Internacional","fuente":"Red Nacional de Caminos 2025, INEGI"}},{"type":"Feature","id":"RNC-3230","geometry":{"type":"Point","coordinates":[-89.84112674899995,21.24673675400004]},"properties":{"id":"RNC-3230","nombre":"Puerto de Abrigo Chuburná","categoria":"puerto_embarcadero","categoria_label":"Puerto o embarcadero","subcategoria":"De Abrigo","fuente":"Red Nacional de Caminos 2025, INEGI"}},{"type":"Feature","id":"RNC-3234","geometry":{"type":"Point","coordinates":[-89.70420864299996,21.273762797000074]},"properties":{"id":"RNC-3234","nombre":"Puerto de Abrigo de Yucalpetén","categoria":"puerto_embarcadero","categoria_label":"Puerto o embarcadero","subcategoria":"De Abrigo","fuente":"Red Nacional de Caminos 2025, INEGI"}},{"type":"Feature","id":"RNC-3235","geometry":{"type":"Point","coordinates":[-89.69886913699997,21.271442791000027]},"properties":{"id":"RNC-3235","nombre":"Marina Tortuga","categoria":"puerto_embarcadero","categoria_label":"Puerto o embarcadero","subcategoria":"Marina","fuente":"Red Nacional de Caminos 2025, INEGI"}},{"type":"Feature","id":"RNC-3236","geometry":{"type":"Point","coordinates":[-89.69617633499996,21.272852750000027]},"properties":{"id":"RNC-3236","nombre":"Marina Chevetas","categoria":"puerto_embarcadero","categoria_label":"Puerto o embarcadero","subcategoria":"Marina","fuente":"Red Nacional de Caminos 2025, INEGI"}},{"type":"Feature","id":"RNC-3237","geometry":{"type":"Point","coordinates":[-89.69529573099999,21.271900324000057]},"properties":{"id":"RNC-3237","nombre":"Marina Paraíso","categoria":"puerto_embarcadero","categoria_label":"Puerto o embarcadero","subcategoria":"Marina","fuente":"Red Nacional de Caminos 2025, INEGI"}},{"type":"Feature","id":"RNC-3238","geometry":{"type":"Point","coordinates":[-89.69953390599994,21.280788383000072]},"properties":{"id":"RNC-3238","nombre":"Marina Yucalpeten 1","categoria":"puerto_embarcadero","categoria_label":"Puerto o embarcadero","subcategoria":"Marina","fuente":"Red Nacional de Caminos 2025, INEGI"}},{"type":"Feature","id":"RNC-3263","geometry":{"type":"Point","coordinates":[-88.16762320299995,21.152091063000057]},"properties":{"id":"RNC-3263","nombre":"Aeropuerto Local Cupul","categoria":"aeropuerto","categoria_label":"Aeropuerto","subcategoria":"Local","fuente":"Red Nacional de Caminos 2025, INEGI"}},{"type":"Feature","id":"RNC-3264","geometry":{"type":"Point","coordinates":[-88.56628326399994,20.689055058000065]},"properties":{"id":"RNC-3264","nombre":"Aeropuerto Nacional Chichén Itzá","categoria":"aeropuerto","categoria_label":"Aeropuerto","subcategoria":"Nacional","fuente":"Red Nacional de Caminos 2025, INEGI"}},{"type":"Feature","id":"RNC-3265","geometry":{"type":"Point","coordinates":[-88.44916392899995,20.638885043000073]},"properties":{"id":"RNC-3265","nombre":"Aeropuerto Internacional Chichen Itzá","categoria":"aeropuerto","categoria_label":"Aeropuerto","subcategoria":"Internacional","fuente":"Red Nacional de Caminos 2025, INEGI"}},{"type":"Feature","id":"RNC-3287","geometry":{"type":"Point","coordinates":[-89.1431835548394,21.3546020460351]},"properties":{"id":"RNC-3287","nombre":"Puerto de Abrigo Chabihau","categoria":"puerto_embarcadero","categoria_label":"Puerto o embarcadero","subcategoria":"De Abrigo","fuente":"Red Nacional de Caminos 2025, INEGI"}},{"type":"Feature","id":"RNC-3291","geometry":{"type":"Point","coordinates":[-88.88370830399998,21.39436767500007]},"properties":{"id":"RNC-3291","nombre":"Puerto de Abrigo Dzilam de Bravo","categoria":"puerto_embarcadero","categoria_label":"Puerto o embarcadero","subcategoria":"De Abrigo","fuente":"Red Nacional de Caminos 2025, INEGI"}},{"type":"Feature","id":"RNC-3370","geometry":{"type":"Point","coordinates":[-89.66313549999995,20.933748303000073]},"properties":{"id":"RNC-3370","nombre":"Aeropuerto Internacional de Mérida, Lic. Manuel Crescencio Rejón","categoria":"aeropuerto","categoria_label":"Aeropuerto","subcategoria":"Internacional","fuente":"Red Nacional de Caminos 2025, INEGI"}},{"type":"Feature","id":"RNC-3440","geometry":{"type":"Point","coordinates":[-90.04551142499997,21.16104000400003]},"properties":{"id":"RNC-3440","nombre":"Puerto de Abrigo de Sisal","categoria":"puerto_embarcadero","categoria_label":"Puerto o embarcadero","subcategoria":"De Abrigo","fuente":"Red Nacional de Caminos 2025, INEGI"}},{"type":"Feature","id":"RNC-3449","geometry":{"type":"Point","coordinates":[-107.87583341299995,30.40230187500003]},"properties":{"id":"RNC-3449","nombre":"Aeropuerto Nuevo Casas Grandes","categoria":"aeropuerto","categoria_label":"Aeropuerto","subcategoria":"Local","fuente":"Red Nacional de Caminos 2025, INEGI"}},{"type":"Feature","id":"RNC-3540","geometry":{"type":"Point","coordinates":[-106.43598762899995,31.635875397000063]},"properties":{"id":"RNC-3540","nombre":"Aeropuerto Internacional de Ciudad Juárez, Abraham González","categoria":"aeropuerto","categoria_label":"Aeropuerto","subcategoria":"Internacional","fuente":"Red Nacional de Caminos 2025, INEGI"}},{"type":"Feature","id":"RNC-3749","geometry":{"type":"Point","coordinates":[-105.77701892599998,26.919980861000056]},"properties":{"id":"RNC-3749","nombre":"Aeropuerto Parral","categoria":"aeropuerto","categoria_label":"Aeropuerto","subcategoria":"Local","fuente":"Red Nacional de Caminos 2025, INEGI"}},{"type":"Feature","id":"RNC-3833","geometry":{"type":"Point","coordinates":[-107.65131389599999,27.72764096800006]},"properties":{"id":"RNC-3833","nombre":"Aeropuerto Internacional de Creel","categoria":"aeropuerto","categoria_label":"Aeropuerto","subcategoria":"Internacional","fuente":"Red Nacional de Caminos 2025, INEGI"}},{"type":"Feature","id":"RNC-3868","geometry":{"type":"Point","coordinates":[-105.96945193199997,28.70404662900006]},"properties":{"id":"RNC-3868","nombre":"Aeropuerto Internacional de Chihuahua, General Roberto Fierro Villalobos","categoria":"aeropuerto","categoria_label":"Aeropuerto","subcategoria":"Internacional","fuente":"Red Nacional de Caminos 2025, INEGI"}},{"type":"Feature","id":"RNC-4060","geometry":{"type":"Point","coordinates":[-104.53409326599996,24.12643856400007]},"properties":{"id":"RNC-4060","nombre":"Aeropuerto Internacional de Durango, General Guadalupe Victoria","categoria":"aeropuerto","categoria_label":"Aeropuerto","subcategoria":"Internacional","fuente":"Red Nacional de Caminos 2025, INEGI"}},{"type":"Feature","id":"RNC-4442","geometry":{"type":"Point","coordinates":[-102.68007171599999,22.900498621000054]},"properties":{"id":"RNC-4442","nombre":"Aeropuerto Internacional de Zacatecas, General Leobardo C. Ruíz","categoria":"aeropuerto","categoria_label":"Aeropuerto","subcategoria":"Internacional","fuente":"Red Nacional de Caminos 2025, INEGI"}},{"type":"Feature","id":"RNC-4473","geometry":{"type":"Point","coordinates":[-102.57893265099995,22.76424879700005]},"properties":{"id":"RNC-4473","nombre":"Estación de Ferrocarril de Zacatecas","categoria":"estacion_ferrocarril","categoria_label":"Estación de ferrocarril","subcategoria":"","fuente":"Red Nacional de Caminos 2025, INEGI"}},{"type":"Feature","id":"RNC-4594","geometry":{"type":"Point","coordinates":[-103.39864207399995,25.562824714000044]},"properties":{"id":"RNC-4594","nombre":"Aeropuerto Internacional de Torreón","categoria":"aeropuerto","categoria_label":"Aeropuerto","subcategoria":"Internacional","fuente":"Red Nacional de Caminos 2025, INEGI"}},{"type":"Feature","id":"RNC-4595","geometry":{"type":"Point","coordinates":[-100.93229453599997,25.54912648800007]},"properties":{"id":"RNC-4595","nombre":"Aeropuerto Internacional de Saltillo, Plan de Guadalupe","categoria":"aeropuerto","categoria_label":"Aeropuerto","subcategoria":"Internacional","fuente":"Red Nacional de Caminos 2025, INEGI"}},{"type":"Feature","id":"RNC-4727","geometry":{"type":"Point","coordinates":[-100.54461128099996,28.62918983800006]},"properties":{"id":"RNC-4727","nombre":"Aeropuerto Internacional de Piedras Negras","categoria":"aeropuerto","categoria_label":"Aeropuerto","subcategoria":"Internacional","fuente":"Red Nacional de Caminos 2025, INEGI"}},{"type":"Feature","id":"RNC-4805","geometry":{"type":"Point","coordinates":[-101.09614592199995,29.334677417000027]},"properties":{"id":"RNC-4805","nombre":"Aeropuerto Internacional Ciudad Acuña","categoria":"aeropuerto","categoria_label":"Aeropuerto","subcategoria":"Internacional","fuente":"Red Nacional de Caminos 2025, INEGI"}},{"type":"Feature","id":"RNC-4811","geometry":{"type":"Point","coordinates":[-101.46048131299995,26.953809395000064]},"properties":{"id":"RNC-4811","nombre":"Aeropuerto Internacional de Monclova, Venustiano Carranza","categoria":"aeropuerto","categoria_label":"Aeropuerto","subcategoria":"Internacional","fuente":"Red Nacional de Caminos 2025, INEGI"}},{"type":"Feature","id":"RNC-5050","geometry":{"type":"Point","coordinates":[-100.23827912599995,25.860110404000068]},"properties":{"id":"RNC-5050","nombre":"Aeropuerto Internacional del Norte","categoria":"aeropuerto","categoria_label":"Aeropuerto","subcategoria":"Internacional","fuente":"Red Nacional de Caminos 2025, INEGI"}},{"type":"Feature","id":"RNC-5112","geometry":{"type":"Point","coordinates":[-100.11910753899997,25.779448236000068]},"properties":{"id":"RNC-5112","nombre":"Aeropuerto Internacional de Monterrey - Terminal C","categoria":"aeropuerto","categoria_label":"Aeropuerto","subcategoria":"Internacional","fuente":"Red Nacional de Caminos 2025, INEGI"}},{"type":"Feature","id":"RNC-5113","geometry":{"type":"Point","coordinates":[-100.11472235499997,25.77690743900007]},"properties":{"id":"RNC-5113","nombre":"Aeropuerto Internacional de Monterrey","categoria":"aeropuerto","categoria_label":"Aeropuerto","subcategoria":"Internacional","fuente":"Red Nacional de Caminos 2025, INEGI"}},{"type":"Feature","id":"RNC-5114","geometry":{"type":"Point","coordinates":[-100.11181315199997,25.774570131000075]},"properties":{"id":"RNC-5114","nombre":"Aeropuerto Internacional de Monterrey - Terminal B","categoria":"aeropuerto","categoria_label":"Aeropuerto","subcategoria":"Internacional","fuente":"Red Nacional de Caminos 2025, INEGI"}},{"type":"Feature","id":"RNC-5453","geometry":{"type":"Point","coordinates":[-99.56781494999997,27.449901179000054]},"properties":{"id":"RNC-5453","nombre":"Aeropuerto Internacional de Nuevo Laredo, Quetzalcóatl","categoria":"aeropuerto","categoria_label":"Aeropuerto","subcategoria":"Internacional","fuente":"Red Nacional de Caminos 2025, INEGI"}},{"type":"Feature","id":"RNC-5466","geometry":{"type":"Point","coordinates":[-98.22691331599998,26.011903176000033]},"properties":{"id":"RNC-5466","nombre":"Aeropuerto Internacional de Reynosa General Lucio Blanco","categoria":"aeropuerto","categoria_label":"Aeropuerto","subcategoria":"Internacional","fuente":"Red Nacional de Caminos 2025, INEGI"}},{"type":"Feature","id":"RNC-5481","geometry":{"type":"Point","coordinates":[-97.53095749199997,25.771303499000055]},"properties":{"id":"RNC-5481","nombre":"Aeropuerto Internacional de Matamoros, General Servando Canales","categoria":"aeropuerto","categoria_label":"Aeropuerto","subcategoria":"Internacional","fuente":"Red Nacional de Caminos 2025, INEGI"}},{"type":"Feature","id":"RNC-5522","geometry":{"type":"Point","coordinates":[-99.15172768799994,26.52237505100004]},"properties":{"id":"RNC-5522","nombre":"Aeropista de Nueva Ciudad Guerrero","categoria":"aeropuerto","categoria_label":"Aeropuerto","subcategoria":"Local","fuente":"Red Nacional de Caminos 2025, INEGI"}},{"type":"Feature","id":"RNC-5918","geometry":{"type":"Point","coordinates":[-97.87007026199996,22.28925660500005]},"properties":{"id":"RNC-5918","nombre":"Aeropuerto Internacional de Tampico, Gral. Francisco Javier Mina","categoria":"aeropuerto","categoria_label":"Aeropuerto","subcategoria":"Internacional","fuente":"Red Nacional de Caminos 2025, INEGI"}},{"type":"Feature","id":"RNC-5923","geometry":{"type":"Point","coordinates":[-98.95492555499999,23.71274949900004]},"properties":{"id":"RNC-5923","nombre":"Aeropuerto Internacional de Cd. Victoria General Pedro J. Méndez","categoria":"aeropuerto","categoria_label":"Aeropuerto","subcategoria":"Internacional","fuente":"Red Nacional de Caminos 2025, INEGI"}},{"type":"Feature","id":"RNC-5924","geometry":{"type":"Point","coordinates":[-98.95536379699998,23.711673142000052]},"properties":{"id":"RNC-5924","nombre":"Aeropuerto Internacional de Cd. Victoria General Pedro J. Méndez - Terminal 1","categoria":"aeropuerto","categoria_label":"Aeropuerto","subcategoria":"Internacional","fuente":"Red Nacional de Caminos 2025, INEGI"}},{"type":"Feature","id":"RNC-5925","geometry":{"type":"Point","coordinates":[-98.95636475299995,23.716592715000047]},"properties":{"id":"RNC-5925","nombre":"Aeropuerto Internacional de Cd. Victoria General Pedro J. Méndez - Terminal 2","categoria":"aeropuerto","categoria_label":"Aeropuerto","subcategoria":"Internacional","fuente":"Red Nacional de Caminos 2025, INEGI"}},{"type":"Feature","id":"RNC-6060","geometry":{"type":"Point","coordinates":[-99.01659689799999,22.74819274600003]},"properties":{"id":"RNC-6060","nombre":"Aeropuerto de las Huastecas","categoria":"aeropuerto","categoria_label":"Aeropuerto","subcategoria":"Local","fuente":"Red Nacional de Caminos 2025, INEGI"}},{"type":"Feature","id":"RNC-6087","geometry":{"type":"Point","coordinates":[-97.77326212999998,23.793553228000064]},"properties":{"id":"RNC-6087","nombre":"Aeropista La Pesca","categoria":"aeropuerto","categoria_label":"Aeropuerto","subcategoria":"Local","fuente":"Red Nacional de Caminos 2025, INEGI"}},{"type":"Feature","id":"RNC-6153","geometry":{"type":"Point","coordinates":[-115.24788503199993,32.62847335300006]},"properties":{"id":"RNC-6153","nombre":"Aeropuerto Internacional de Mexicali, Gral. Rodolfo Sánchez Taboada","categoria":"aeropuerto","categoria_label":"Aeropuerto","subcategoria":"Internacional","fuente":"Red Nacional de Caminos 2025, INEGI"}},{"type":"Feature","id":"RNC-6316","geometry":{"type":"Point","coordinates":[-114.80836749299999,30.93216944400007]},"properties":{"id":"RNC-6316","nombre":"Aeropuerto Internacional de San Felipe","categoria":"aeropuerto","categoria_label":"Aeropuerto","subcategoria":"Internacional","fuente":"Red Nacional de Caminos 2025, INEGI"}},{"type":"Feature","id":"RNC-6317","geometry":{"type":"Point","coordinates":[-114.82784126599996,30.992180372000067]},"properties":{"id":"RNC-6317","nombre":"Puerto San Felipe","categoria":"puerto_embarcadero","categoria_label":"Puerto o embarcadero","subcategoria":"Turístico","fuente":"Red Nacional de Caminos 2025, INEGI"}},{"type":"Feature","id":"RNC-6628","geometry":{"type":"Point","coordinates":[-116.973127735,32.54616411500007]},"properties":{"id":"RNC-6628","nombre":"Aeropuerto Internacional de Tijuana, Gral. Abelardo Rodríguez","categoria":"aeropuerto","categoria_label":"Aeropuerto","subcategoria":"Internacional","fuente":"Red Nacional de Caminos 2025, INEGI"}},{"type":"Feature","id":"RNC-6653","geometry":{"type":"Point","coordinates":[-109.71730229999997,23.162577191000025]},"properties":{"id":"RNC-6653","nombre":"Aeropuerto Internacional de Los Cabos","categoria":"aeropuerto","categoria_label":"Aeropuerto","subcategoria":"Internacional","fuente":"Red Nacional de Caminos 2025, INEGI"}},{"type":"Feature","id":"RNC-6660","geometry":{"type":"Point","coordinates":[-110.36763308099997,24.07606632100004]},"properties":{"id":"RNC-6660","nombre":"Aeropuerto Internacional de La Paz, Gral. Manuel Márquez de León","categoria":"aeropuerto","categoria_label":"Aeropuerto","subcategoria":"Internacional","fuente":"Red Nacional de Caminos 2025, INEGI"}},{"type":"Feature","id":"RNC-6680","geometry":{"type":"Point","coordinates":[-109.672409852066,23.0640419418145]},"properties":{"id":"RNC-6680","nombre":"Puerto San José del Cabo","categoria":"puerto_embarcadero","categoria_label":"Puerto o embarcadero","subcategoria":"Turístico","fuente":"Red Nacional de Caminos 2025, INEGI"}},{"type":"Feature","id":"RNC-6685","geometry":{"type":"Point","coordinates":[-109.91147861617,22.8804949530217]},"properties":{"id":"RNC-6685","nombre":"Puerto Cabo San Lucas","categoria":"puerto_embarcadero","categoria_label":"Puerto o embarcadero","subcategoria":"Marina","fuente":"Red Nacional de Caminos 2025, INEGI"}},{"type":"Feature","id":"RNC-6686","geometry":{"type":"Point","coordinates":[-110.30388859,24.181219003000024]},"properties":{"id":"RNC-6686","nombre":"Puerto Palmira","categoria":"puerto_embarcadero","categoria_label":"Puerto o embarcadero","subcategoria":"Turístico","fuente":"Red Nacional de Caminos 2025, INEGI"}},{"type":"Feature","id":"RNC-6687","geometry":{"type":"Point","coordinates":[-110.298688647489,24.2161023419557]},"properties":{"id":"RNC-6687","nombre":"Puerto Costa Baja","categoria":"puerto_embarcadero","categoria_label":"Puerto o embarcadero","subcategoria":"Turístico","fuente":"Red Nacional de Caminos 2025, INEGI"}},{"type":"Feature","id":"RNC-6692","geometry":{"type":"Point","coordinates":[-109.67584899099995,23.06222986800003]},"properties":{"id":"RNC-6692","nombre":"Marina San José","categoria":"puerto_embarcadero","categoria_label":"Puerto o embarcadero","subcategoria":"Marina","fuente":"Red Nacional de Caminos 2025, INEGI"}},{"type":"Feature","id":"RNC-6713","geometry":{"type":"Point","coordinates":[-110.345902020701,24.125247962409304]},"properties":{"id":"RNC-6713","nombre":"Marina Fidepaz la Paz","categoria":"puerto_embarcadero","categoria_label":"Puerto o embarcadero","subcategoria":"Marina","fuente":"Red Nacional de Caminos 2025, INEGI"}},{"type":"Feature","id":"RNC-6737","geometry":{"type":"Point","coordinates":[-111.35270195499999,25.991018584000074]},"properties":{"id":"RNC-6737","nombre":"Aeropuerto Internacional de Loreto","categoria":"aeropuerto","categoria_label":"Aeropuerto","subcategoria":"Internacional","fuente":"Red Nacional de Caminos 2025, INEGI"}},{"type":"Feature","id":"RNC-6741","geometry":{"type":"Point","coordinates":[-111.30735612399997,25.811354651000045]},"properties":{"id":"RNC-6741","nombre":"Puerto Escondido","categoria":"puerto_embarcadero","categoria_label":"Puerto o embarcadero","subcategoria":"Turístico","fuente":"Red Nacional de Caminos 2025, INEGI"}},{"type":"Feature","id":"RNC-6743","geometry":{"type":"Point","coordinates":[-111.956521754,27.06590901000004]},"properties":{"id":"RNC-6743","nombre":"Punta Chivato","categoria":"puerto_embarcadero","categoria_label":"Puerto o embarcadero","subcategoria":"Turístico","fuente":"Red Nacional de Caminos 2025, INEGI"}},{"type":"Feature","id":"RNC-6775","geometry":{"type":"Point","coordinates":[-112.12405414699998,25.19354270200006]},"properties":{"id":"RNC-6775","nombre":"Puerto Adolfo López Mateos","categoria":"puerto_embarcadero","categoria_label":"Puerto o embarcadero","subcategoria":"Turístico","fuente":"Red Nacional de Caminos 2025, INEGI"}},{"type":"Feature","id":"RNC-6780","geometry":{"type":"Point","coordinates":[-111.35563434199997,25.935765808000042]},"properties":{"id":"RNC-6780","nombre":"Puerto Nopoló","categoria":"puerto_embarcadero","categoria_label":"Puerto o embarcadero","subcategoria":"Turístico","fuente":"Red Nacional de Caminos 2025, INEGI"}},{"type":"Feature","id":"RNC-6829","geometry":{"type":"Point","coordinates":[-109.08270022799996,25.690166920000024]},"properties":{"id":"RNC-6829","nombre":"Aeropuerto Internacional de Los Mochis","categoria":"aeropuerto","categoria_label":"Aeropuerto","subcategoria":"Internacional","fuente":"Red Nacional de Caminos 2025, INEGI"}},{"type":"Feature","id":"RNC-6907","geometry":{"type":"Point","coordinates":[-108.59218066199998,26.36500996600006]},"properties":{"id":"RNC-6907","nombre":"Estación El Fuerte","categoria":"estacion_ferrocarril","categoria_label":"Estación de ferrocarril","subcategoria":"","fuente":"Red Nacional de Caminos 2025, INEGI"}},{"type":"Feature","id":"RNC-6909","geometry":{"type":"Point","coordinates":[-108.96733679499994,25.761250326000038]},"properties":{"id":"RNC-6909","nombre":"Ferrocarril Chihuahua Pacífico","categoria":"estacion_ferrocarril","categoria_label":"Estación de ferrocarril","subcategoria":"","fuente":"Red Nacional de Caminos 2025, INEGI"}},{"type":"Feature","id":"RNC-6988","geometry":{"type":"Point","coordinates":[-107.46947104199995,24.766690707000066]},"properties":{"id":"RNC-6988","nombre":"Aeropuerto Internacional de Culiacán","categoria":"aeropuerto","categoria_label":"Aeropuerto","subcategoria":"Internacional","fuente":"Red Nacional de Caminos 2025, INEGI"}},{"type":"Feature","id":"RNC-6990","geometry":{"type":"Point","coordinates":[-107.93111286199998,24.63276286100006]},"properties":{"id":"RNC-6990","nombre":"Puerto de Altata","categoria":"puerto_embarcadero","categoria_label":"Puerto o embarcadero","subcategoria":"De Abrigo","fuente":"Red Nacional de Caminos 2025, INEGI"}},{"type":"Feature","id":"RNC-7196","geometry":{"type":"Point","coordinates":[-106.27019027699998,23.16735860700004]},"properties":{"id":"RNC-7196","nombre":"Aeropuerto Internacional de Mazatlán","categoria":"aeropuerto","categoria_label":"Aeropuerto","subcategoria":"Internacional","fuente":"Red Nacional de Caminos 2025, INEGI"}},{"type":"Feature","id":"RNC-7279","geometry":{"type":"Point","coordinates":[-113.51873730199998,31.352362795000033]},"properties":{"id":"RNC-7279","nombre":"Aeropuerto Internacional de Puerto Peñasco","categoria":"aeropuerto","categoria_label":"Aeropuerto","subcategoria":"Internacional","fuente":"Red Nacional de Caminos 2025, INEGI"}},{"type":"Feature","id":"RNC-7317","geometry":{"type":"Point","coordinates":[-110.97257249399996,31.22551241300005]},"properties":{"id":"RNC-7317","nombre":"Aeropuerto Internacional de Nogales","categoria":"aeropuerto","categoria_label":"Aeropuerto","subcategoria":"Internacional","fuente":"Red Nacional de Caminos 2025, INEGI"}},{"type":"Feature","id":"RNC-7405","geometry":{"type":"Point","coordinates":[-111.05158508299996,29.089672115000045]},"properties":{"id":"RNC-7405","nombre":"Aeropuerto Internacional de Hermosillo, Gral. Ignacio Pesqueira García","categoria":"aeropuerto","categoria_label":"Aeropuerto","subcategoria":"Internacional","fuente":"Red Nacional de Caminos 2025, INEGI"}},{"type":"Feature","id":"RNC-7500","geometry":{"type":"Point","coordinates":[-110.92144356199998,27.969375953000053]},"properties":{"id":"RNC-7500","nombre":"Aeropuerto Internacional de Guaymas, Gral. José María Yáñez","categoria":"aeropuerto","categoria_label":"Aeropuerto","subcategoria":"Internacional","fuente":"Red Nacional de Caminos 2025, INEGI"}},{"type":"Feature","id":"RNC-7503","geometry":{"type":"Point","coordinates":[-109.83325708699999,27.397808862000034]},"properties":{"id":"RNC-7503","nombre":"Aeropuerto Internacional de Ciudad Obregón","categoria":"aeropuerto","categoria_label":"Aeropuerto","subcategoria":"Internacional","fuente":"Red Nacional de Caminos 2025, INEGI"}},{"type":"Feature","id":"RNC-7516","geometry":{"type":"Point","coordinates":[-109.92801638499998,27.493931708000048]},"properties":{"id":"RNC-7516","nombre":"Ferromex","categoria":"estacion_ferrocarril","categoria_label":"Estación de ferrocarril","subcategoria":"","fuente":"Red Nacional de Caminos 2025, INEGI"}},{"type":"Feature","id":"RNC-7794","geometry":{"type":"Point","coordinates":[-101.76028327399996,19.852643697000076]},"properties":{"id":"RNC-7794","nombre":"Aeródromo de Zacapu","categoria":"aeropuerto","categoria_label":"Aeropuerto","subcategoria":"Local","fuente":"Red Nacional de Caminos 2025, INEGI"}},{"type":"Feature","id":"RNC-8034","geometry":{"type":"Point","coordinates":[-101.98938542999998,20.311290875000054]},"properties":{"id":"RNC-8034","nombre":"Aeropuerto Las Lomas","categoria":"aeropuerto","categoria_label":"Aeropuerto","subcategoria":"Local","fuente":"Red Nacional de Caminos 2025, INEGI"}},{"type":"Feature","id":"RNC-8116","geometry":{"type":"Point","coordinates":[-101.61667393799996,19.543154151000067]},"properties":{"id":"RNC-8116","nombre":"Puerto Turístico General de Pátzcuaro","categoria":"puerto_embarcadero","categoria_label":"Puerto o embarcadero","subcategoria":"Turístico","fuente":"Red Nacional de Caminos 2025, INEGI"}},{"type":"Feature","id":"RNC-8206","geometry":{"type":"Point","coordinates":[-101.61547149399996,19.53608457100006]},"properties":{"id":"RNC-8206","nombre":"Estación de Ferrocarril de Pátzcuaro","categoria":"estacion_ferrocarril","categoria_label":"Estación de ferrocarril","subcategoria":"","fuente":"Red Nacional de Caminos 2025, INEGI"}},{"type":"Feature","id":"RNC-8418","geometry":{"type":"Point","coordinates":[-101.163346532,18.743885599000066]},"properties":{"id":"RNC-8418","nombre":"Aeródromo el Baztán","categoria":"aeropuerto","categoria_label":"Aeropuerto","subcategoria":"Local","fuente":"Red Nacional de Caminos 2025, INEGI"}},{"type":"Feature","id":"RNC-8419","geometry":{"type":"Point","coordinates":[-101.68285421999997,19.234735044000047]},"properties":{"id":"RNC-8419","nombre":"Pista Aérea Ario de Rosales","categoria":"aeropuerto","categoria_label":"Aeropuerto","subcategoria":"Nacional","fuente":"Red Nacional de Caminos 2025, INEGI"}},{"type":"Feature","id":"RNC-8461","geometry":{"type":"Point","coordinates":[-101.02732685499996,19.843957225000054]},"properties":{"id":"RNC-8461","nombre":"Aeropuerto Internacional de Morelia, Gral. Francisco J. Mújica","categoria":"aeropuerto","categoria_label":"Aeropuerto","subcategoria":"Internacional","fuente":"Red Nacional de Caminos 2025, INEGI"}},{"type":"Feature","id":"RNC-8999","geometry":{"type":"Point","coordinates":[-100.94579415099997,19.881684521000068]},"properties":{"id":"RNC-8999","nombre":"Estación Queréndaro","categoria":"estacion_ferrocarril","categoria_label":"Estación de ferrocarril","subcategoria":"","fuente":"Red Nacional de Caminos 2025, INEGI"}},{"type":"Feature","id":"RNC-9113","geometry":{"type":"Point","coordinates":[-102.22329000564,17.9965378250392]},"properties":{"id":"RNC-9113","nombre":"Aeropuerto Nacional de Lázaro Cárdenas","categoria":"aeropuerto","categoria_label":"Aeropuerto","subcategoria":"Nacional","fuente":"Red Nacional de Caminos 2025, INEGI"}},{"type":"Feature","id":"RNC-9114","geometry":{"type":"Point","coordinates":[-102.39954816599999,19.09154475100007]},"properties":{"id":"RNC-9114","nombre":"Aeropuerto Nacional Pablo L. Sidar","categoria":"aeropuerto","categoria_label":"Aeropuerto","subcategoria":"Nacional","fuente":"Red Nacional de Caminos 2025, INEGI"}},{"type":"Feature","id":"RNC-9189","geometry":{"type":"Point","coordinates":[-103.17380370499995,18.772370284000033]},"properties":{"id":"RNC-9189","nombre":"Aeródromo Pablo L. Sidar","categoria":"aeropuerto","categoria_label":"Aeropuerto","subcategoria":"Local","fuente":"Red Nacional de Caminos 2025, INEGI"}},{"type":"Feature","id":"RNC-9198","geometry":{"type":"Point","coordinates":[-102.37582949799997,18.519914339000024]},"properties":{"id":"RNC-9198","nombre":"Aeródromo Tumbiscatío","categoria":"aeropuerto","categoria_label":"Aeropuerto","subcategoria":"Local","fuente":"Red Nacional de Caminos 2025, INEGI"}},{"type":"Feature","id":"RNC-9316","geometry":{"type":"Point","coordinates":[-103.53111252199994,19.260514914000055]},"properties":{"id":"RNC-9316","nombre":"Estación de Ferrocarril Alzada","categoria":"estacion_ferrocarril","categoria_label":"Estación de ferrocarril","subcategoria":"","fuente":"Red Nacional de Caminos 2025, INEGI"}},{"type":"Feature","id":"RNC-9323","geometry":{"type":"Point","coordinates":[-103.57920706499999,19.279493432000038]},"properties":{"id":"RNC-9323","nombre":"Aeropuerto Nacional de Colima","categoria":"aeropuerto","categoria_label":"Aeropuerto","subcategoria":"Nacional","fuente":"Red Nacional de Caminos 2025, INEGI"}},{"type":"Feature","id":"RNC-9324","geometry":{"type":"Point","coordinates":[-104.56001936713,19.1482553448309]},"properties":{"id":"RNC-9324","nombre":"Aeropuerto Internacional de Manzanillo, Playa de Oro","categoria":"aeropuerto","categoria_label":"Aeropuerto","subcategoria":"Internacional","fuente":"Red Nacional de Caminos 2025, INEGI"}},{"type":"Feature","id":"RNC-9325","geometry":{"type":"Point","coordinates":[-103.67610663699998,18.683582622000074]},"properties":{"id":"RNC-9325","nombre":"Aeródromo El Ranchito","categoria":"aeropuerto","categoria_label":"Aeropuerto","subcategoria":"Local","fuente":"Red Nacional de Caminos 2025, INEGI"}},{"type":"Feature","id":"RNC-9334","geometry":{"type":"Point","coordinates":[-104.83904106099999,21.416989879000027]},"properties":{"id":"RNC-9334","nombre":"Aeropuerto Internacional de Tepic, Amado Nervo","categoria":"aeropuerto","categoria_label":"Aeropuerto","subcategoria":"Internacional","fuente":"Red Nacional de Caminos 2025, INEGI"}},{"type":"Feature","id":"RNC-9337","geometry":{"type":"Point","coordinates":[-105.24936336699994,20.678109169000038]},"properties":{"id":"RNC-9337","nombre":"Aeropuerto Internacional de Puerto Vallarta, Lic. Gustavo Díaz Ordaz","categoria":"aeropuerto","categoria_label":"Aeropuerto","subcategoria":"Internacional","fuente":"Red Nacional de Caminos 2025, INEGI"}},{"type":"Feature","id":"RNC-9338","geometry":{"type":"Point","coordinates":[-105.24302783599995,20.653420029000074]},"properties":{"id":"RNC-9338","nombre":"Puerto Vallarta","categoria":"puerto_embarcadero","categoria_label":"Puerto o embarcadero","subcategoria":"Turístico","fuente":"Red Nacional de Caminos 2025, INEGI"}},{"type":"Feature","id":"RNC-9339","geometry":{"type":"Point","coordinates":[-105.24899015299997,20.665203683000072]},"properties":{"id":"RNC-9339","nombre":"Marina Puerto Vallarta","categoria":"puerto_embarcadero","categoria_label":"Puerto o embarcadero","subcategoria":"Marina","fuente":"Red Nacional de Caminos 2025, INEGI"}},{"type":"Feature","id":"RNC-9340","geometry":{"type":"Point","coordinates":[-105.29404363899995,20.693225234000067]},"properties":{"id":"RNC-9340","nombre":"Marina Nuevo Vallarta","categoria":"puerto_embarcadero","categoria_label":"Puerto o embarcadero","subcategoria":"Marina","fuente":"Red Nacional de Caminos 2025, INEGI"}},{"type":"Feature","id":"RNC-9362","geometry":{"type":"Point","coordinates":[-105.37936883399999,20.747849685000062]},"properties":{"id":"RNC-9362","nombre":"Marina Riviera Nayarit","categoria":"puerto_embarcadero","categoria_label":"Puerto o embarcadero","subcategoria":"Marina","fuente":"Red Nacional de Caminos 2025, INEGI"}},{"type":"Feature","id":"RNC-9379","geometry":{"type":"Point","coordinates":[-104.88192943999996,21.503435615000058]},"properties":{"id":"RNC-9379","nombre":"Estación de Trenes de Tepic","categoria":"estacion_ferrocarril","categoria_label":"Estación de ferrocarril","subcategoria":"","fuente":"Red Nacional de Caminos 2025, INEGI"}},{"type":"Feature","id":"RNC-9805","geometry":{"type":"Point","coordinates":[-103.30106123199994,20.52590983400006]},"properties":{"id":"RNC-9805","nombre":"Aeropuerto Internacional de Guadalajara Don Miguel Hidalgo y Costilla - Terminal 1","categoria":"aeropuerto","categoria_label":"Aeropuerto","subcategoria":"Internacional","fuente":"Red Nacional de Caminos 2025, INEGI"}},{"type":"Feature","id":"RNC-10037","geometry":{"type":"Point","coordinates":[-102.313847651858,21.7013237946101]},"properties":{"id":"RNC-10037","nombre":"Aeropuerto Internacional de Aguascalientes","categoria":"aeropuerto","categoria_label":"Aeropuerto","subcategoria":"Internacional","fuente":"Red Nacional de Caminos 2025, INEGI"}},{"type":"Feature","id":"RNC-10305","geometry":{"type":"Point","coordinates":[-100.18730713799994,20.622692924000035]},"properties":{"id":"RNC-10305","nombre":"Aeropuerto Intercontinental de Querétaro","categoria":"aeropuerto","categoria_label":"Aeropuerto","subcategoria":"Internacional","fuente":"Red Nacional de Caminos 2025, INEGI"}},{"type":"Feature","id":"RNC-10316","geometry":{"type":"Point","coordinates":[-100.629904459,23.670885947000045]},"properties":{"id":"RNC-10316","nombre":"Aeropuerto de Matehuala","categoria":"aeropuerto","categoria_label":"Aeropuerto","subcategoria":"Local","fuente":"Red Nacional de Caminos 2025, INEGI"}},{"type":"Feature","id":"RNC-10497","geometry":{"type":"Point","coordinates":[-100.93660118099996,22.255900626000027]},"properties":{"id":"RNC-10497","nombre":"Aeropuerto Internacional de San Luis Potosí","categoria":"aeropuerto","categoria_label":"Aeropuerto","subcategoria":"Internacional","fuente":"Red Nacional de Caminos 2025, INEGI"}},{"type":"Feature","id":"RNC-10575","geometry":{"type":"Point","coordinates":[-100.00289986399997,21.936211556000046]},"properties":{"id":"RNC-10575","nombre":"Antigua Estación de Ferrocarril de Río Verde","categoria":"estacion_ferrocarril","categoria_label":"Estación de ferrocarril","subcategoria":"","fuente":"Red Nacional de Caminos 2025, INEGI"}},{"type":"Feature","id":"RNC-10618","geometry":{"type":"Point","coordinates":[-98.80540005599994,22.045565812000063]},"properties":{"id":"RNC-10618","nombre":"Aeropuerto Nacional de Tamuín","categoria":"aeropuerto","categoria_label":"Aeropuerto","subcategoria":"Nacional","fuente":"Red Nacional de Caminos 2025, INEGI"}},{"type":"Feature","id":"RNC-10702","geometry":{"type":"Point","coordinates":[-100.94913164399998,23.88336521100007]},"properties":{"id":"RNC-10702","nombre":"Estación Vanegas","categoria":"estacion_ferrocarril","categoria_label":"Estación de ferrocarril","subcategoria":"","fuente":"Red Nacional de Caminos 2025, INEGI"}},{"type":"Feature","id":"RNC-10754","geometry":{"type":"Point","coordinates":[-101.72338025499994,22.616417799000033]},"properties":{"id":"RNC-10754","nombre":"Estación Salinas","categoria":"estacion_ferrocarril","categoria_label":"Estación de ferrocarril","subcategoria":"","fuente":"Red Nacional de Caminos 2025, INEGI"}},{"type":"Feature","id":"RNC-10858","geometry":{"type":"Point","coordinates":[-100.885528553532,20.544990482156]},"properties":{"id":"RNC-10858","nombre":"Aeropuerto Nacional de Celaya","categoria":"aeropuerto","categoria_label":"Aeropuerto","subcategoria":"Local","fuente":"Red Nacional de Caminos 2025, INEGI"}},{"type":"Feature","id":"RNC-11075","geometry":{"type":"Point","coordinates":[-101.47913382499996,20.98551726200003]},"properties":{"id":"RNC-11075","nombre":"Aeropuerto Internacional de Guanajuato","categoria":"aeropuerto","categoria_label":"Aeropuerto","subcategoria":"Internacional","fuente":"Red Nacional de Caminos 2025, INEGI"}},{"type":"Feature","id":"RNC-11645","geometry":{"type":"Point","coordinates":[-101.57950567199998,19.54781356500007]},"properties":{"id":"RNC-11645","nombre":"Aeródromo Tzurumútaro","categoria":"aeropuerto","categoria_label":"Aeropuerto","subcategoria":"Local","fuente":"Red Nacional de Caminos 2025, INEGI"}},{"type":"Feature","id":"RNC-11810","geometry":{"type":"Point","coordinates":[-101.03591970699995,23.09679472600004]},"properties":{"id":"RNC-11810","nombre":"Estación de Ferrocarril Charcas","categoria":"estacion_ferrocarril","categoria_label":"Estación de ferrocarril","subcategoria":"","fuente":"Red Nacional de Caminos 2025, INEGI"}},{"type":"Feature","id":"RNC-11884","geometry":{"type":"Point","coordinates":[-105.17206937099998,21.838724658000046]},"properties":{"id":"RNC-11884","nombre":"Aeropuerto Local Loma Bonita de Puerta Azul","categoria":"aeropuerto","categoria_label":"Aeropuerto","subcategoria":"Local","fuente":"Red Nacional de Caminos 2025, INEGI"}},{"type":"Feature","id":"RNC-11889","geometry":{"type":"Point","coordinates":[-102.61354671499998,20.166123624000022]},"properties":{"id":"RNC-11889","nombre":"Aeródromo de Pajacuarán","categoria":"aeropuerto","categoria_label":"Aeropuerto","subcategoria":"Local","fuente":"Red Nacional de Caminos 2025, INEGI"}},{"type":"Feature","id":"RNC-11933","geometry":{"type":"Point","coordinates":[-101.28119478599996,19.611005868000063]},"properties":{"id":"RNC-11933","nombre":"Aeródromo Morelia","categoria":"aeropuerto","categoria_label":"Aeropuerto","subcategoria":"Local","fuente":"Red Nacional de Caminos 2025, INEGI"}},{"type":"Feature","id":"RNC-11950","geometry":{"type":"Point","coordinates":[-90.3981865502077,20.8554110676149]},"properties":{"id":"RNC-11950","nombre":"Puerto de Abrigo Celestún","categoria":"puerto_embarcadero","categoria_label":"Puerto o embarcadero","subcategoria":"De Abrigo","fuente":"Red Nacional de Caminos 2025, INEGI"}},{"type":"Feature","id":"RNC-12228","geometry":{"type":"Point","coordinates":[-101.10509267499998,19.733591536000063]},"properties":{"id":"RNC-12228","nombre":"Helipuerto ISSSTE Morelia","categoria":"aeropuerto","categoria_label":"Aeropuerto","subcategoria":"Local","fuente":"Red Nacional de Caminos 2025, INEGI"}},{"type":"Feature","id":"RNC-12276","geometry":{"type":"Point","coordinates":[-101.11923166199995,19.715068531000043]},"properties":{"id":"RNC-12276","nombre":"Helipuerto Cinépolis Morelia","categoria":"aeropuerto","categoria_label":"Aeropuerto","subcategoria":"Local","fuente":"Red Nacional de Caminos 2025, INEGI"}},{"type":"Feature","id":"RNC-12314","geometry":{"type":"Point","coordinates":[-102.50740566099995,20.010637962000033]},"properties":{"id":"RNC-12314","nombre":"Estación Moreno","categoria":"estacion_ferrocarril","categoria_label":"Estación de ferrocarril","subcategoria":"","fuente":"Red Nacional de Caminos 2025, INEGI"}},{"type":"Feature","id":"RNC-12627","geometry":{"type":"Point","coordinates":[-106.41502852699995,23.19376178500005]},"properties":{"id":"RNC-12627","nombre":"Puerto de Mazatlán","categoria":"puerto_embarcadero","categoria_label":"Puerto o embarcadero","subcategoria":"Turístico","fuente":"Red Nacional de Caminos 2025, INEGI"}},{"type":"Feature","id":"RNC-13052","geometry":{"type":"Point","coordinates":[-105.25685209499994,20.80745113200004]},"properties":{"id":"RNC-13052","nombre":"Aeropuerto Local Valle de Banderas","categoria":"aeropuerto","categoria_label":"Aeropuerto","subcategoria":"Local","fuente":"Red Nacional de Caminos 2025, INEGI"}},{"type":"Feature","id":"RNC-13097","geometry":{"type":"Point","coordinates":[-100.43669668399998,19.893335609000076]},"properties":{"id":"RNC-13097","nombre":"Estación del Ferrocarril Maravatío","categoria":"estacion_ferrocarril","categoria_label":"Estación de ferrocarril","subcategoria":"","fuente":"Red Nacional de Caminos 2025, INEGI"}},{"type":"Feature","id":"RNC-13114","geometry":{"type":"Point","coordinates":[-100.41012790099995,19.516709221000042]},"properties":{"id":"RNC-13114","nombre":"Helipuerto Zitácuaro","categoria":"aeropuerto","categoria_label":"Aeropuerto","subcategoria":"Local","fuente":"Red Nacional de Caminos 2025, INEGI"}},{"type":"Feature","id":"RNC-13143","geometry":{"type":"Point","coordinates":[-100.42823859799995,19.47643138600006]},"properties":{"id":"RNC-13143","nombre":"Aeródromo El Pinocho","categoria":"aeropuerto","categoria_label":"Aeropuerto","subcategoria":"Local","fuente":"Red Nacional de Caminos 2025, INEGI"}},{"type":"Feature","id":"RNC-13301","geometry":{"type":"Point","coordinates":[-110.93553220499996,31.287390103000067]},"properties":{"id":"RNC-13301","nombre":"Estación Ferroviaria de Nogales","categoria":"estacion_ferrocarril","categoria_label":"Estación de ferrocarril","subcategoria":"","fuente":"Red Nacional de Caminos 2025, INEGI"}},{"type":"Feature","id":"RNC-13333","geometry":{"type":"Point","coordinates":[-113.54160518499998,31.32119090200007]},"properties":{"id":"RNC-13333","nombre":"Estación Ferroviaria de Puerto Peñasco","categoria":"estacion_ferrocarril","categoria_label":"Estación de ferrocarril","subcategoria":"","fuente":"Red Nacional de Caminos 2025, INEGI"}},{"type":"Feature","id":"RNC-13395","geometry":{"type":"Point","coordinates":[-102.21690438099995,19.003204529000072]},"properties":{"id":"RNC-13395","nombre":"Aeródromo Los Barajas","categoria":"aeropuerto","categoria_label":"Aeropuerto","subcategoria":"Local","fuente":"Red Nacional de Caminos 2025, INEGI"}},{"type":"Feature","id":"RNC-13410","geometry":{"type":"Point","coordinates":[-102.11222488499999,18.99061319900005]},"properties":{"id":"RNC-13410","nombre":"Aeródromo Nueva Italia","categoria":"aeropuerto","categoria_label":"Aeropuerto","subcategoria":"Local","fuente":"Red Nacional de Caminos 2025, INEGI"}},{"type":"Feature","id":"RNC-13412","geometry":{"type":"Point","coordinates":[-102.08608448099996,18.988466270000064]},"properties":{"id":"RNC-13412","nombre":"Aeródromo Múgica","categoria":"aeropuerto","categoria_label":"Aeropuerto","subcategoria":"Local","fuente":"Red Nacional de Caminos 2025, INEGI"}},{"type":"Feature","id":"RNC-13444","geometry":{"type":"Point","coordinates":[-102.01415219999996,19.15689700100006]},"properties":{"id":"RNC-13444","nombre":"Aeródromo Gabriel Zamora","categoria":"aeropuerto","categoria_label":"Aeropuerto","subcategoria":"Local","fuente":"Red Nacional de Caminos 2025, INEGI"}},{"type":"Feature","id":"RNC-13572","geometry":{"type":"Point","coordinates":[-101.50152382799996,19.17808582500004]},"properties":{"id":"RNC-13572","nombre":"Aeródromo Cutzarondiro","categoria":"aeropuerto","categoria_label":"Aeropuerto","subcategoria":"Local","fuente":"Red Nacional de Caminos 2025, INEGI"}},{"type":"Feature","id":"RNC-13591","geometry":{"type":"Point","coordinates":[-89.39398868699999,18.50839909900003]},"properties":{"id":"RNC-13591","nombre":"Terminal de Autobuses ADO Xpujil","categoria":"terminal_autobuses","categoria_label":"Terminal de autobuses","subcategoria":"","fuente":"Red Nacional de Caminos 2025, INEGI"}},{"type":"Feature","id":"RNC-13615","geometry":{"type":"Point","coordinates":[-104.38968760699998,21.03790923300005]},"properties":{"id":"RNC-13615","nombre":"Estación de Ferrocarril Ixtlán del Rio","categoria":"estacion_ferrocarril","categoria_label":"Estación de ferrocarril","subcategoria":"","fuente":"Red Nacional de Caminos 2025, INEGI"}},{"type":"Feature","id":"RNC-13635","geometry":{"type":"Point","coordinates":[-105.20255118599994,21.808834603000037]},"properties":{"id":"RNC-13635","nombre":"Autotransportes de Santiago Ixcuintla","categoria":"terminal_autobuses","categoria_label":"Terminal de autobuses","subcategoria":"","fuente":"Red Nacional de Caminos 2025, INEGI"}},{"type":"Feature","id":"RNC-13640","geometry":{"type":"Point","coordinates":[-105.20539376899995,21.807699838000076]},"properties":{"id":"RNC-13640","nombre":"Transporte Pasajeros Express de Oro","categoria":"terminal_autobuses","categoria_label":"Terminal de autobuses","subcategoria":"","fuente":"Red Nacional de Caminos 2025, INEGI"}},{"type":"Feature","id":"RNC-13641","geometry":{"type":"Point","coordinates":[-105.20547704999996,21.807726012000046]},"properties":{"id":"RNC-13641","nombre":"Transportes Costa de Oro","categoria":"terminal_autobuses","categoria_label":"Terminal de autobuses","subcategoria":"","fuente":"Red Nacional de Caminos 2025, INEGI"}},{"type":"Feature","id":"RNC-13646","geometry":{"type":"Point","coordinates":[-104.37255392499998,21.037358769000036]},"properties":{"id":"RNC-13646","nombre":"Servicios y Transportación Perla","categoria":"terminal_autobuses","categoria_label":"Terminal de autobuses","subcategoria":"","fuente":"Red Nacional de Caminos 2025, INEGI"}},{"type":"Feature","id":"RNC-13653","geometry":{"type":"Point","coordinates":[-104.37167364399994,21.035734906000073]},"properties":{"id":"RNC-13653","nombre":"Transportes del Pacífico","categoria":"terminal_autobuses","categoria_label":"Terminal de autobuses","subcategoria":"","fuente":"Red Nacional de Caminos 2025, INEGI"}},{"type":"Feature","id":"RNC-13654","geometry":{"type":"Point","coordinates":[-105.23573427599996,21.740626401000043]},"properties":{"id":"RNC-13654","nombre":"Grupo Estrella Blanca Villa Hidalgo Nayarit","categoria":"terminal_autobuses","categoria_label":"Terminal de autobuses","subcategoria":"","fuente":"Red Nacional de Caminos 2025, INEGI"}},{"type":"Feature","id":"RNC-13763","geometry":{"type":"Point","coordinates":[-98.56748834099994,19.586797471000068]},"properties":{"id":"RNC-13763","nombre":"Terminal Texcoco Plus, Calpulalpan","categoria":"terminal_autobuses","categoria_label":"Terminal de autobuses","subcategoria":"","fuente":"Red Nacional de Caminos 2025, INEGI"}},{"type":"Feature","id":"RNC-13779","geometry":{"type":"Point","coordinates":[-105.23439867499997,21.740805584000043]},"properties":{"id":"RNC-13779","nombre":"Terminal de Autobuses Coordinados de Nayarit","categoria":"terminal_autobuses","categoria_label":"Terminal de autobuses","subcategoria":"","fuente":"Red Nacional de Caminos 2025, INEGI"}},{"type":"Feature","id":"RNC-13783","geometry":{"type":"Point","coordinates":[-102.28405741699999,19.01996753000003]},"properties":{"id":"RNC-13783","nombre":"Aeródromo El Fénix","categoria":"aeropuerto","categoria_label":"Aeropuerto","subcategoria":"Local","fuente":"Red Nacional de Caminos 2025, INEGI"}},{"type":"Feature","id":"RNC-13856","geometry":{"type":"Point","coordinates":[-102.32973660499994,19.328888419000066]},"properties":{"id":"RNC-13856","nombre":"Aeródromo Hernández Ranch","categoria":"aeropuerto","categoria_label":"Aeropuerto","subcategoria":"Local","fuente":"Red Nacional de Caminos 2025, INEGI"}},{"type":"Feature","id":"RNC-14004","geometry":{"type":"Point","coordinates":[-109.93639656899995,22.946043332000045]},"properties":{"id":"RNC-14004","nombre":"Aeropuerto Nacional de Cabo San Lucas","categoria":"aeropuerto","categoria_label":"Aeropuerto","subcategoria":"Nacional","fuente":"Red Nacional de Caminos 2025, INEGI"}},{"type":"Feature","id":"RNC-14009","geometry":{"type":"Point","coordinates":[-98.56805955899995,19.586714517000075]},"properties":{"id":"RNC-14009","nombre":"Terminal de Camiones Puebla","categoria":"terminal_autobuses","categoria_label":"Terminal de autobuses","subcategoria":"","fuente":"Red Nacional de Caminos 2025, INEGI"}},{"type":"Feature","id":"RNC-14030","geometry":{"type":"Point","coordinates":[-98.14513546099994,19.412959688000058]},"properties":{"id":"RNC-14030","nombre":"ADO, Apizaco","categoria":"terminal_autobuses","categoria_label":"Terminal de autobuses","subcategoria":"","fuente":"Red Nacional de Caminos 2025, INEGI"}},{"type":"Feature","id":"RNC-14031","geometry":{"type":"Point","coordinates":[-98.14310065999996,19.41213059100005]},"properties":{"id":"RNC-14031","nombre":"Autotransportes Tlaxcala, Apizaco, Huamantla","categoria":"terminal_autobuses","categoria_label":"Terminal de autobuses","subcategoria":"","fuente":"Red Nacional de Caminos 2025, INEGI"}},{"type":"Feature","id":"RNC-14033","geometry":{"type":"Point","coordinates":[-97.92157772599995,19.310881407000068]},"properties":{"id":"RNC-14033","nombre":"Terminal de Autobuses Surianos","categoria":"terminal_autobuses","categoria_label":"Terminal de autobuses","subcategoria":"","fuente":"Red Nacional de Caminos 2025, INEGI"}},{"type":"Feature","id":"RNC-14041","geometry":{"type":"Point","coordinates":[-97.92013889099997,19.31249682500004]},"properties":{"id":"RNC-14041","nombre":"Coordinados de México del Norte, S.A. de C.V.","categoria":"terminal_autobuses","categoria_label":"Terminal de autobuses","subcategoria":"","fuente":"Red Nacional de Caminos 2025, INEGI"}},{"type":"Feature","id":"RNC-14042","geometry":{"type":"Point","coordinates":[-97.91971113899996,19.31249364000007]},"properties":{"id":"RNC-14042","nombre":"Autotransportes Tlaxcala Apizaco Huamantla, S.A. de C.V.","categoria":"terminal_autobuses","categoria_label":"Terminal de autobuses","subcategoria":"","fuente":"Red Nacional de Caminos 2025, INEGI"}},{"type":"Feature","id":"RNC-14062","geometry":{"type":"Point","coordinates":[-102.68558729099999,19.227832635000027]},"properties":{"id":"RNC-14062","nombre":"Aeródromo Buenavista 3","categoria":"aeropuerto","categoria_label":"Aeropuerto","subcategoria":"Local","fuente":"Red Nacional de Caminos 2025, INEGI"}},{"type":"Feature","id":"RNC-14067","geometry":{"type":"Point","coordinates":[-102.82888353799996,19.203696679000075]},"properties":{"id":"RNC-14067","nombre":"Aeródromo Tepalcatepec 3","categoria":"aeropuerto","categoria_label":"Aeropuerto","subcategoria":"Local","fuente":"Red Nacional de Caminos 2025, INEGI"}},{"type":"Feature","id":"RNC-14069","geometry":{"type":"Point","coordinates":[-102.83479055,19.20017507600005]},"properties":{"id":"RNC-14069","nombre":"Aeródromo Tepalcatepec 4","categoria":"aeropuerto","categoria_label":"Aeropuerto","subcategoria":"Local","fuente":"Red Nacional de Caminos 2025, INEGI"}},{"type":"Feature","id":"RNC-14070","geometry":{"type":"Point","coordinates":[-102.83847157599996,19.214563677000058]},"properties":{"id":"RNC-14070","nombre":"Aeródromo Tepalcatepec 6","categoria":"aeropuerto","categoria_label":"Aeropuerto","subcategoria":"Local","fuente":"Red Nacional de Caminos 2025, INEGI"}},{"type":"Feature","id":"RNC-14089","geometry":{"type":"Point","coordinates":[-102.81590646499996,19.135958553000023]},"properties":{"id":"RNC-14089","nombre":"Aeródromo Tepalcatepec 5","categoria":"aeropuerto","categoria_label":"Aeropuerto","subcategoria":"Local","fuente":"Red Nacional de Caminos 2025, INEGI"}},{"type":"Feature","id":"RNC-14105","geometry":{"type":"Point","coordinates":[-105.30106464799997,21.94253990800007]},"properties":{"id":"RNC-14105","nombre":"Central Camionera, S. A.","categoria":"terminal_autobuses","categoria_label":"Terminal de autobuses","subcategoria":"","fuente":"Red Nacional de Caminos 2025, INEGI"}},{"type":"Feature","id":"RNC-14107","geometry":{"type":"Point","coordinates":[-105.29578474299996,21.943898739000076]},"properties":{"id":"RNC-14107","nombre":"Autobuses Coordinados de Nayarit","categoria":"terminal_autobuses","categoria_label":"Terminal de autobuses","subcategoria":"","fuente":"Red Nacional de Caminos 2025, INEGI"}},{"type":"Feature","id":"RNC-14110","geometry":{"type":"Point","coordinates":[-105.29400285399998,21.942703309000024]},"properties":{"id":"RNC-14110","nombre":"Autobuses Unidos de Nayarit","categoria":"terminal_autobuses","categoria_label":"Terminal de autobuses","subcategoria":"","fuente":"Red Nacional de Caminos 2025, INEGI"}},{"type":"Feature","id":"RNC-14113","geometry":{"type":"Point","coordinates":[-102.80156228499999,19.074153187000036]},"properties":{"id":"RNC-14113","nombre":"Aeródromo Tepalcatepec 1","categoria":"aeropuerto","categoria_label":"Aeropuerto","subcategoria":"Local","fuente":"Red Nacional de Caminos 2025, INEGI"}},{"type":"Feature","id":"RNC-14133","geometry":{"type":"Point","coordinates":[-102.71916485399998,18.97884716300007]},"properties":{"id":"RNC-14133","nombre":"Aeródromo Aguililla 2","categoria":"aeropuerto","categoria_label":"Aeropuerto","subcategoria":"Local","fuente":"Red Nacional de Caminos 2025, INEGI"}},{"type":"Feature","id":"RNC-14169","geometry":{"type":"Point","coordinates":[-100.85080749099996,18.529093500000045]},"properties":{"id":"RNC-14169","nombre":"Aeródromo Huetamo","categoria":"aeropuerto","categoria_label":"Aeropuerto","subcategoria":"Local","fuente":"Red Nacional de Caminos 2025, INEGI"}},{"type":"Feature","id":"RNC-14217","geometry":{"type":"Point","coordinates":[-105.13703138199998,21.179441540000028]},"properties":{"id":"RNC-14217","nombre":"Terminal de Transportes del Pacífico","categoria":"terminal_autobuses","categoria_label":"Terminal de autobuses","subcategoria":"","fuente":"Red Nacional de Caminos 2025, INEGI"}},{"type":"Feature","id":"RNC-14218","geometry":{"type":"Point","coordinates":[-105.13591600999996,21.17967353800003]},"properties":{"id":"RNC-14218","nombre":"Transportes del Pacífico","categoria":"terminal_autobuses","categoria_label":"Terminal de autobuses","subcategoria":"","fuente":"Red Nacional de Caminos 2025, INEGI"}},{"type":"Feature","id":"RNC-14386","geometry":{"type":"Point","coordinates":[-98.24659570699998,19.31527946500006]},"properties":{"id":"RNC-14386","nombre":"Central de Autobuses de Tlaxcala","categoria":"terminal_autobuses","categoria_label":"Terminal de autobuses","subcategoria":"","fuente":"Red Nacional de Caminos 2025, INEGI"}},{"type":"Feature","id":"RNC-14395","geometry":{"type":"Point","coordinates":[-105.22109081499997,21.946338406000052]},"properties":{"id":"RNC-14395","nombre":"Estación de Autobuses del Norte de Sonora","categoria":"terminal_autobuses","categoria_label":"Terminal de autobuses","subcategoria":"","fuente":"Red Nacional de Caminos 2025, INEGI"}},{"type":"Feature","id":"RNC-14397","geometry":{"type":"Point","coordinates":[-105.22032700799997,21.94629319600006]},"properties":{"id":"RNC-14397","nombre":"Estación de Autobuses en el Crucero de Peñas","categoria":"terminal_autobuses","categoria_label":"Terminal de autobuses","subcategoria":"","fuente":"Red Nacional de Caminos 2025, INEGI"}},{"type":"Feature","id":"RNC-14399","geometry":{"type":"Point","coordinates":[-105.22002957599994,21.945600773000024]},"properties":{"id":"RNC-14399","nombre":"Transportes Elite","categoria":"terminal_autobuses","categoria_label":"Terminal de autobuses","subcategoria":"","fuente":"Red Nacional de Caminos 2025, INEGI"}},{"type":"Feature","id":"RNC-14415","geometry":{"type":"Point","coordinates":[-105.14225155099996,21.949438840000028]},"properties":{"id":"RNC-14415","nombre":"Terminal de Transportes del Pacífico","categoria":"terminal_autobuses","categoria_label":"Terminal de autobuses","subcategoria":"","fuente":"Red Nacional de Caminos 2025, INEGI"}},{"type":"Feature","id":"RNC-14451","geometry":{"type":"Point","coordinates":[-105.24697523499998,21.038889484000038]},"properties":{"id":"RNC-14451","nombre":"Transportes del Pacífico","categoria":"terminal_autobuses","categoria_label":"Terminal de autobuses","subcategoria":"","fuente":"Red Nacional de Caminos 2025, INEGI"}},{"type":"Feature","id":"RNC-14453","geometry":{"type":"Point","coordinates":[-105.24710967399994,21.03824940900006]},"properties":{"id":"RNC-14453","nombre":"Autotransportes en la Peñita de Jaltemba","categoria":"terminal_autobuses","categoria_label":"Terminal de autobuses","subcategoria":"","fuente":"Red Nacional de Caminos 2025, INEGI"}},{"type":"Feature","id":"RNC-14489","geometry":{"type":"Point","coordinates":[-100.95329973299994,21.82999010900005]},"properties":{"id":"RNC-14489","nombre":"Estación Villa Reyes","categoria":"estacion_ferrocarril","categoria_label":"Estación de ferrocarril","subcategoria":"","fuente":"Red Nacional de Caminos 2025, INEGI"}},{"type":"Feature","id":"RNC-14527","geometry":{"type":"Point","coordinates":[-104.90085257799996,21.238388857000075]},"properties":{"id":"RNC-14527","nombre":"Autotransportes Compostela S.A. de C.V.","categoria":"terminal_autobuses","categoria_label":"Terminal de autobuses","subcategoria":"","fuente":"Red Nacional de Caminos 2025, INEGI"}},{"type":"Feature","id":"RNC-14563","geometry":{"type":"Point","coordinates":[-109.68577718899996,30.372913272000062]},"properties":{"id":"RNC-14563","nombre":"Estación de Ferrocarril de Nacozari","categoria":"estacion_ferrocarril","categoria_label":"Estación de ferrocarril","subcategoria":"","fuente":"Red Nacional de Caminos 2025, INEGI"}},{"type":"Feature","id":"RNC-14647","geometry":{"type":"Point","coordinates":[-86.95062150099994,20.511758125000032]},"properties":{"id":"RNC-14647","nombre":"Puerto de Cozumel","categoria":"puerto_embarcadero","categoria_label":"Puerto o embarcadero","subcategoria":"Turístico","fuente":"Red Nacional de Caminos 2025, INEGI"}},{"type":"Feature","id":"RNC-14664","geometry":{"type":"Point","coordinates":[-109.94587130099997,31.32994112800003]},"properties":{"id":"RNC-14664","nombre":"Estación de Ferrocarril de Naco","categoria":"estacion_ferrocarril","categoria_label":"Estación de ferrocarril","subcategoria":"","fuente":"Red Nacional de Caminos 2025, INEGI"}},{"type":"Feature","id":"RNC-14670","geometry":{"type":"Point","coordinates":[-90.72295320199999,19.357858340000064]},"properties":{"id":"RNC-14670","nombre":"Terminal de Autobuses ADO Champotón","categoria":"terminal_autobuses","categoria_label":"Terminal de autobuses","subcategoria":"","fuente":"Red Nacional de Caminos 2025, INEGI"}},{"type":"Feature","id":"RNC-14854","geometry":{"type":"Point","coordinates":[-105.28611736699997,21.542098804000034]},"properties":{"id":"RNC-14854","nombre":"Terminal San Blas","categoria":"terminal_autobuses","categoria_label":"Terminal de autobuses","subcategoria":"","fuente":"Red Nacional de Caminos 2025, INEGI"}},{"type":"Feature","id":"RNC-14856","geometry":{"type":"Point","coordinates":[-105.291710965,21.54387031300007]},"properties":{"id":"RNC-14856","nombre":"Marina San Blas","categoria":"puerto_embarcadero","categoria_label":"Puerto o embarcadero","subcategoria":"Marina","fuente":"Red Nacional de Caminos 2025, INEGI"}},{"type":"Feature","id":"RNC-15169","geometry":{"type":"Point","coordinates":[-87.38267712499999,21.51999708200003]},"properties":{"id":"RNC-15169","nombre":"Aeropuerto de Holbox","categoria":"aeropuerto","categoria_label":"Aeropuerto","subcategoria":"Local","fuente":"Red Nacional de Caminos 2025, INEGI"}},{"type":"Feature","id":"RNC-15203","geometry":{"type":"Point","coordinates":[-86.80791515199996,21.18371184500006]},"properties":{"id":"RNC-15203","nombre":"Puerto Juárez","categoria":"puerto_embarcadero","categoria_label":"Puerto o embarcadero","subcategoria":"Marina","fuente":"Red Nacional de Caminos 2025, INEGI"}},{"type":"Feature","id":"RNC-15292","geometry":{"type":"Point","coordinates":[-105.36250148299996,22.49044456000007]},"properties":{"id":"RNC-15292","nombre":"Venta de Boletos Norte de Sonora Acaponeta","categoria":"terminal_autobuses","categoria_label":"Terminal de autobuses","subcategoria":"","fuente":"Red Nacional de Caminos 2025, INEGI"}},{"type":"Feature","id":"RNC-15297","geometry":{"type":"Point","coordinates":[-105.37219764399998,22.489111249000075]},"properties":{"id":"RNC-15297","nombre":"Terminal de Autobuses Coordinados de Nayarit","categoria":"terminal_autobuses","categoria_label":"Terminal de autobuses","subcategoria":"","fuente":"Red Nacional de Caminos 2025, INEGI"}},{"type":"Feature","id":"RNC-15323","geometry":{"type":"Point","coordinates":[-105.45869761399997,22.39533597800005]},"properties":{"id":"RNC-15323","nombre":"Autotransportes Victorias S.A. de C.V.","categoria":"terminal_autobuses","categoria_label":"Terminal de autobuses","subcategoria":"","fuente":"Red Nacional de Caminos 2025, INEGI"}},{"type":"Feature","id":"RNC-15325","geometry":{"type":"Point","coordinates":[-105.45853200399996,22.394945746000076]},"properties":{"id":"RNC-15325","nombre":"Autobuses Coordinados de Nayarit","categoria":"terminal_autobuses","categoria_label":"Terminal de autobuses","subcategoria":"","fuente":"Red Nacional de Caminos 2025, INEGI"}},{"type":"Feature","id":"RNC-15327","geometry":{"type":"Point","coordinates":[-105.46072602499999,22.394524165000064]},"properties":{"id":"RNC-15327","nombre":"Transporte Norte de Sonora Tecuala","categoria":"terminal_autobuses","categoria_label":"Terminal de autobuses","subcategoria":"","fuente":"Red Nacional de Caminos 2025, INEGI"}},{"type":"Feature","id":"RNC-15336","geometry":{"type":"Point","coordinates":[-105.38426750299999,22.49119527600004]},"properties":{"id":"RNC-15336","nombre":"Autotransportes TUFESA","categoria":"terminal_autobuses","categoria_label":"Terminal de autobuses","subcategoria":"","fuente":"Red Nacional de Caminos 2025, INEGI"}},{"type":"Feature","id":"RNC-15362","geometry":{"type":"Point","coordinates":[-90.51273361899996,19.834800560000076]},"properties":{"id":"RNC-15362","nombre":"Estación de Ferrocarril de Campeche","categoria":"estacion_ferrocarril","categoria_label":"Estación de ferrocarril","subcategoria":"","fuente":"Red Nacional de Caminos 2025, INEGI"}},{"type":"Feature","id":"RNC-15373","geometry":{"type":"Point","coordinates":[-90.52696127999997,19.842860418000043]},"properties":{"id":"RNC-15373","nombre":"Terminal de Autobuses Sur","categoria":"terminal_autobuses","categoria_label":"Terminal de autobuses","subcategoria":"","fuente":"Red Nacional de Caminos 2025, INEGI"}},{"type":"Feature","id":"RNC-15497","geometry":{"type":"Point","coordinates":[-104.88764867899994,21.513116187000037]},"properties":{"id":"RNC-15497","nombre":"Terminal de Autobuses Victoria","categoria":"terminal_autobuses","categoria_label":"Terminal de autobuses","subcategoria":"","fuente":"Red Nacional de Caminos 2025, INEGI"}},{"type":"Feature","id":"RNC-15498","geometry":{"type":"Point","coordinates":[-90.53223122199995,19.82330468600003]},"properties":{"id":"RNC-15498","nombre":"Terminal de Autobuses ADO Campeche","categoria":"terminal_autobuses","categoria_label":"Terminal de autobuses","subcategoria":"","fuente":"Red Nacional de Caminos 2025, INEGI"}},{"type":"Feature","id":"RNC-15499","geometry":{"type":"Point","coordinates":[-104.889342856,21.514372542000046]},"properties":{"id":"RNC-15499","nombre":"Central Camionera de Puga","categoria":"terminal_autobuses","categoria_label":"Terminal de autobuses","subcategoria":"","fuente":"Red Nacional de Caminos 2025, INEGI"}},{"type":"Feature","id":"RNC-15500","geometry":{"type":"Point","coordinates":[-104.89010428299997,21.514876988000026]},"properties":{"id":"RNC-15500","nombre":"Grupo Estrella Blanca","categoria":"terminal_autobuses","categoria_label":"Terminal de autobuses","subcategoria":"","fuente":"Red Nacional de Caminos 2025, INEGI"}},{"type":"Feature","id":"RNC-15505","geometry":{"type":"Point","coordinates":[-104.89122024999995,21.513595054000064]},"properties":{"id":"RNC-15505","nombre":"Terminal de Transporte Público de Tepic","categoria":"terminal_autobuses","categoria_label":"Terminal de autobuses","subcategoria":"","fuente":"Red Nacional de Caminos 2025, INEGI"}},{"type":"Feature","id":"RNC-15582","geometry":{"type":"Point","coordinates":[-104.85397928399999,21.47211212600007]},"properties":{"id":"RNC-15582","nombre":"Terminal de Autobuses Tepic Plus","categoria":"terminal_autobuses","categoria_label":"Terminal de autobuses","subcategoria":"","fuente":"Red Nacional de Caminos 2025, INEGI"}},{"type":"Feature","id":"RNC-15624","geometry":{"type":"Point","coordinates":[-104.88671307599998,21.498459814000057]},"properties":{"id":"RNC-15624","nombre":"Central de Autobuses Tepic","categoria":"terminal_autobuses","categoria_label":"Terminal de autobuses","subcategoria":"","fuente":"Red Nacional de Caminos 2025, INEGI"}},{"type":"Feature","id":"RNC-15625","geometry":{"type":"Point","coordinates":[-104.88789804799995,21.498930947000076]},"properties":{"id":"RNC-15625","nombre":"Autobuses Coordinados de Nayarit","categoria":"terminal_autobuses","categoria_label":"Terminal de autobuses","subcategoria":"","fuente":"Red Nacional de Caminos 2025, INEGI"}},{"type":"Feature","id":"RNC-15626","geometry":{"type":"Point","coordinates":[-104.88774814199996,21.49977327600004]},"properties":{"id":"RNC-15626","nombre":"Autobuses Tepic Plus Terminal Tepic Insurgentes","categoria":"terminal_autobuses","categoria_label":"Terminal de autobuses","subcategoria":"","fuente":"Red Nacional de Caminos 2025, INEGI"}},{"type":"Feature","id":"RNC-15627","geometry":{"type":"Point","coordinates":[-104.88818001399994,21.499841091000064]},"properties":{"id":"RNC-15627","nombre":"Estrellas del Pacífico","categoria":"terminal_autobuses","categoria_label":"Terminal de autobuses","subcategoria":"","fuente":"Red Nacional de Caminos 2025, INEGI"}},{"type":"Feature","id":"RNC-15628","geometry":{"type":"Point","coordinates":[-104.88814432199996,21.499673339000026]},"properties":{"id":"RNC-15628","nombre":"Autobuses Directos","categoria":"terminal_autobuses","categoria_label":"Terminal de autobuses","subcategoria":"","fuente":"Red Nacional de Caminos 2025, INEGI"}},{"type":"Feature","id":"RNC-15652","geometry":{"type":"Point","coordinates":[-88.07348365199994,19.61008914000007]},"properties":{"id":"RNC-15652","nombre":"Aeródromo Felipe Carrillo Puerto","categoria":"aeropuerto","categoria_label":"Aeropuerto","subcategoria":"Local","fuente":"Red Nacional de Caminos 2025, INEGI"}},{"type":"Feature","id":"RNC-15674","geometry":{"type":"Point","coordinates":[-104.86380468199998,21.475532084000065]},"properties":{"id":"RNC-15674","nombre":"TUFESA Terminal Tepic","categoria":"terminal_autobuses","categoria_label":"Terminal de autobuses","subcategoria":"","fuente":"Red Nacional de Caminos 2025, INEGI"}},{"type":"Feature","id":"RNC-15757","geometry":{"type":"Point","coordinates":[-99.46279014999999,21.215570031000027]},"properties":{"id":"RNC-15757","nombre":"Terminal de Autobuses de Jalpan","categoria":"terminal_autobuses","categoria_label":"Terminal de autobuses","subcategoria":"","fuente":"Red Nacional de Caminos 2025, INEGI"}},{"type":"Feature","id":"RNC-15830","geometry":{"type":"Point","coordinates":[-107.40892572199999,24.799631067000064]},"properties":{"id":"RNC-15830","nombre":"Estación Culiacán Ferromex","categoria":"estacion_ferrocarril","categoria_label":"Estación de ferrocarril","subcategoria":"","fuente":"Red Nacional de Caminos 2025, INEGI"}},{"type":"Feature","id":"RNC-15925","geometry":{"type":"Point","coordinates":[-88.23496316899997,21.568059319000042]},"properties":{"id":"RNC-15925","nombre":"Puerto de Abrigo de San Felipe","categoria":"puerto_embarcadero","categoria_label":"Puerto o embarcadero","subcategoria":"De Abrigo","fuente":"Red Nacional de Caminos 2025, INEGI"}},{"type":"Feature","id":"RNC-15961","geometry":{"type":"Point","coordinates":[-87.6866851613666,21.5175499823696]},"properties":{"id":"RNC-15961","nombre":"Puerto de Abrigo El Cuyo","categoria":"puerto_embarcadero","categoria_label":"Puerto o embarcadero","subcategoria":"De Abrigo","fuente":"Red Nacional de Caminos 2025, INEGI"}},{"type":"Feature","id":"RNC-16167","geometry":{"type":"Point","coordinates":[-88.57253671699993,20.682656619000056]},"properties":{"id":"RNC-16167","nombre":"Terminal de Autobuses ADO Chichén Itzá","categoria":"terminal_autobuses","categoria_label":"Terminal de autobuses","subcategoria":"","fuente":"Red Nacional de Caminos 2025, INEGI"}},{"type":"Feature","id":"RNC-16170","geometry":{"type":"Point","coordinates":[-88.58810572799996,20.69831496000006]},"properties":{"id":"RNC-16170","nombre":"Autobuses de Oriente ADO","categoria":"terminal_autobuses","categoria_label":"Terminal de autobuses","subcategoria":"","fuente":"Red Nacional de Caminos 2025, INEGI"}},{"type":"Feature","id":"RNC-16447","geometry":{"type":"Point","coordinates":[-114.020866744773,28.0265844382892]},"properties":{"id":"RNC-16447","nombre":"Aeropuerto Nacional de Guerrero Negro","categoria":"aeropuerto","categoria_label":"Aeropuerto","subcategoria":"Nacional","fuente":"Red Nacional de Caminos 2025, INEGI"}},{"type":"Feature","id":"RNC-16457","geometry":{"type":"Point","coordinates":[-91.80872604299998,18.64468366500006]},"properties":{"id":"RNC-16457","nombre":"Terminal de Autobuses ADO","categoria":"terminal_autobuses","categoria_label":"Terminal de autobuses","subcategoria":"","fuente":"Red Nacional de Caminos 2025, INEGI"}},{"type":"Feature","id":"RNC-16574","geometry":{"type":"Point","coordinates":[-90.74478017399998,18.609248222000076]},"properties":{"id":"RNC-16574","nombre":"ADO Escárcega","categoria":"terminal_autobuses","categoria_label":"Terminal de autobuses","subcategoria":"","fuente":"Red Nacional de Caminos 2025, INEGI"}},{"type":"Feature","id":"RNC-16579","geometry":{"type":"Point","coordinates":[-90.73090661099998,18.606021217000034]},"properties":{"id":"RNC-16579","nombre":"Terminal de Autobuses SUR Escárcega","categoria":"terminal_autobuses","categoria_label":"Terminal de autobuses","subcategoria":"","fuente":"Red Nacional de Caminos 2025, INEGI"}},{"type":"Feature","id":"RNC-16611","geometry":{"type":"Point","coordinates":[-89.62994577199999,20.962667871000065]},"properties":{"id":"RNC-16611","nombre":"Terminal Chichén Itzá","categoria":"terminal_autobuses","categoria_label":"Terminal de autobuses","subcategoria":"","fuente":"Red Nacional de Caminos 2025, INEGI"}},{"type":"Feature","id":"RNC-16615","geometry":{"type":"Point","coordinates":[-89.61788428399996,20.96250606800004]},"properties":{"id":"RNC-16615","nombre":"Central Camionera Noreste","categoria":"terminal_autobuses","categoria_label":"Terminal de autobuses","subcategoria":"","fuente":"Red Nacional de Caminos 2025, INEGI"}},{"type":"Feature","id":"RNC-16617","geometry":{"type":"Point","coordinates":[-89.61717877399997,20.963332931000025]},"properties":{"id":"RNC-16617","nombre":"Terminal de Autobuses Oriente","categoria":"terminal_autobuses","categoria_label":"Terminal de autobuses","subcategoria":"","fuente":"Red Nacional de Caminos 2025, INEGI"}},{"type":"Feature","id":"RNC-16631","geometry":{"type":"Point","coordinates":[-88.14872166899994,21.14487265300005]},"properties":{"id":"RNC-16631","nombre":"Autobuses ADO","categoria":"terminal_autobuses","categoria_label":"Terminal de autobuses","subcategoria":"","fuente":"Red Nacional de Caminos 2025, INEGI"}},{"type":"Feature","id":"RNC-16632","geometry":{"type":"Point","coordinates":[-88.14897389199996,21.144453868000028]},"properties":{"id":"RNC-16632","nombre":"Autobuses del Noreste","categoria":"terminal_autobuses","categoria_label":"Terminal de autobuses","subcategoria":"","fuente":"Red Nacional de Caminos 2025, INEGI"}},{"type":"Feature","id":"RNC-16692","geometry":{"type":"Point","coordinates":[-89.30552657278942,21.3401027878383]},"properties":{"id":"RNC-16692","nombre":"Puerto de Abrigo de Telchac Puerto","categoria":"puerto_embarcadero","categoria_label":"Puerto o embarcadero","subcategoria":"De Abrigo","fuente":"Red Nacional de Caminos 2025, INEGI"}},{"type":"Feature","id":"RNC-16951","geometry":{"type":"Point","coordinates":[-89.87692905299997,21.01757888900005]},"properties":{"id":"RNC-16951","nombre":"Terminal de Autobuses Hunucmá","categoria":"terminal_autobuses","categoria_label":"Terminal de autobuses","subcategoria":"","fuente":"Red Nacional de Caminos 2025, INEGI"}},{"type":"Feature","id":"RNC-16989","geometry":{"type":"Point","coordinates":[-92.3685981476644,14.79020803437]},"properties":{"id":"RNC-16989","nombre":"Aeropuerto Internacional de Tapachula","categoria":"aeropuerto","categoria_label":"Aeropuerto","subcategoria":"Internacional","fuente":"Red Nacional de Caminos 2025, INEGI"}},{"type":"Feature","id":"RNC-17005","geometry":{"type":"Point","coordinates":[-101.80599718799999,24.631816790000073]},"properties":{"id":"RNC-17005","nombre":"Aeropuerto Cedros","categoria":"aeropuerto","categoria_label":"Aeropuerto","subcategoria":"Local","fuente":"Red Nacional de Caminos 2025, INEGI"}},{"type":"Feature","id":"RNC-17031","geometry":{"type":"Point","coordinates":[-96.91944523999996,18.883205647000068]},"properties":{"id":"RNC-17031","nombre":"Central de Autobuses de Córdoba","categoria":"terminal_autobuses","categoria_label":"Terminal de autobuses","subcategoria":"","fuente":"Red Nacional de Caminos 2025, INEGI"}},{"type":"Feature","id":"RNC-17091","geometry":{"type":"Point","coordinates":[-102.29885754299994,21.865786770000057]},"properties":{"id":"RNC-17091","nombre":"Central de Autobuses de Aguascalientes","categoria":"terminal_autobuses","categoria_label":"Terminal de autobuses","subcategoria":"","fuente":"Red Nacional de Caminos 2025, INEGI"}},{"type":"Feature","id":"RNC-17188","geometry":{"type":"Point","coordinates":[-90.39912995199995,20.85990613200005]},"properties":{"id":"RNC-17188","nombre":"Terminal de Autobuses Celestún","categoria":"terminal_autobuses","categoria_label":"Terminal de autobuses","subcategoria":"","fuente":"Red Nacional de Caminos 2025, INEGI"}},{"type":"Feature","id":"RNC-17209","geometry":{"type":"Point","coordinates":[-115.68682352199995,29.747557672000028]},"properties":{"id":"RNC-17209","nombre":"Puerto de Abrigo Punta San Antonio","categoria":"puerto_embarcadero","categoria_label":"Puerto o embarcadero","subcategoria":"De Abrigo","fuente":"Red Nacional de Caminos 2025, INEGI"}},{"type":"Feature","id":"RNC-17397","geometry":{"type":"Point","coordinates":[-98.20437589799997,19.073504679000052]},"properties":{"id":"RNC-17397","nombre":"Central Camionera Puebla","categoria":"terminal_autobuses","categoria_label":"Terminal de autobuses","subcategoria":"","fuente":"Red Nacional de Caminos 2025, INEGI"}},{"type":"Feature","id":"RNC-17605","geometry":{"type":"Point","coordinates":[-89.61551724799996,20.963484208000068]},"properties":{"id":"RNC-17605","nombre":"Terminal de Autobuses del Centro","categoria":"terminal_autobuses","categoria_label":"Terminal de autobuses","subcategoria":"","fuente":"Red Nacional de Caminos 2025, INEGI"}},{"type":"Feature","id":"RNC-17731","geometry":{"type":"Point","coordinates":[-113.54299377399997,31.304565250000056]},"properties":{"id":"RNC-17731","nombre":"Puerto Peñasco","categoria":"puerto_embarcadero","categoria_label":"Puerto o embarcadero","subcategoria":"Marina","fuente":"Red Nacional de Caminos 2025, INEGI"}},{"type":"Feature","id":"RNC-17737","geometry":{"type":"Point","coordinates":[-111.05341976799997,27.947937212000056]},"properties":{"id":"RNC-17737","nombre":"Puerto San Carlos Nuevo Guaymas","categoria":"puerto_embarcadero","categoria_label":"Puerto o embarcadero","subcategoria":"Turístico","fuente":"Red Nacional de Caminos 2025, INEGI"}},{"type":"Feature","id":"RNC-17743","geometry":{"type":"Point","coordinates":[-110.333135486376,24.2666360290605]},"properties":{"id":"RNC-17743","nombre":"Puerto Pichilingue","categoria":"puerto_embarcadero","categoria_label":"Puerto o embarcadero","subcategoria":"Turístico","fuente":"Red Nacional de Caminos 2025, INEGI"}},{"type":"Feature","id":"RNC-17750","geometry":{"type":"Point","coordinates":[-110.09787318399998,31.066189914000066]},"properties":{"id":"RNC-17750","nombre":"Aeropuerto Nacional de Cananea","categoria":"aeropuerto","categoria_label":"Aeropuerto","subcategoria":"Nacional","fuente":"Red Nacional de Caminos 2025, INEGI"}},{"type":"Feature","id":"RNC-17754","geometry":{"type":"Point","coordinates":[-109.60704864499998,31.24603819100002]},"properties":{"id":"RNC-17754","nombre":"Aeropuerto de Agua Prieta","categoria":"aeropuerto","categoria_label":"Aeropuerto","subcategoria":"Nacional","fuente":"Red Nacional de Caminos 2025, INEGI"}},{"type":"Feature","id":"RNC-17757","geometry":{"type":"Point","coordinates":[-112.11989579099998,24.78776960400006]},"properties":{"id":"RNC-17757","nombre":"Puerto San Carlos","categoria":"puerto_embarcadero","categoria_label":"Puerto o embarcadero","subcategoria":"Turístico","fuente":"Red Nacional de Caminos 2025, INEGI"}},{"type":"Feature","id":"RNC-17767","geometry":{"type":"Point","coordinates":[-112.26376356699996,27.33745695600004]},"properties":{"id":"RNC-17767","nombre":"Puerto Santa Rosalía","categoria":"puerto_embarcadero","categoria_label":"Puerto o embarcadero","subcategoria":"Turístico","fuente":"Red Nacional de Caminos 2025, INEGI"}},{"type":"Feature","id":"RNC-17774","geometry":{"type":"Point","coordinates":[-112.08510709699999,27.19118454000005]},"properties":{"id":"RNC-17774","nombre":"Puerto Isla San Marcos","categoria":"puerto_embarcadero","categoria_label":"Puerto o embarcadero","subcategoria":"Turístico","fuente":"Red Nacional de Caminos 2025, INEGI"}},{"type":"Feature","id":"RNC-17777","geometry":{"type":"Point","coordinates":[-111.95764258999998,26.899434947000035]},"properties":{"id":"RNC-17777","nombre":"Puerto Mulegé","categoria":"puerto_embarcadero","categoria_label":"Puerto o embarcadero","subcategoria":"Turístico","fuente":"Red Nacional de Caminos 2025, INEGI"}},{"type":"Feature","id":"RNC-17820","geometry":{"type":"Point","coordinates":[-102.29718771599994,22.366761035000025]},"properties":{"id":"RNC-17820","nombre":"Central de Autobuses Cosío","categoria":"terminal_autobuses","categoria_label":"Terminal de autobuses","subcategoria":"","fuente":"Red Nacional de Caminos 2025, INEGI"}},{"type":"Feature","id":"RNC-18047","geometry":{"type":"Point","coordinates":[-103.30181665599997,20.526147024000068]},"properties":{"id":"RNC-18047","nombre":"Aeropuerto Internacional de Guadalajara Don Miguel Hidalgo y Costilla","categoria":"aeropuerto","categoria_label":"Aeropuerto","subcategoria":"Internacional","fuente":"Red Nacional de Caminos 2025, INEGI"}},{"type":"Feature","id":"RNC-18251","geometry":{"type":"Point","coordinates":[-102.27655126799999,20.038064895000048]},"properties":{"id":"RNC-18251","nombre":"Aeropuerto Nacional de Zamora","categoria":"aeropuerto","categoria_label":"Aeropuerto","subcategoria":"Nacional","fuente":"Red Nacional de Caminos 2025, INEGI"}},{"type":"Feature","id":"RNC-18281","geometry":{"type":"Point","coordinates":[-88.23217750899994,21.566998925000064]},"properties":{"id":"RNC-18281","nombre":"Terminal de Autobuses de San Felipe","categoria":"terminal_autobuses","categoria_label":"Terminal de autobuses","subcategoria":"","fuente":"Red Nacional de Caminos 2025, INEGI"}},{"type":"Feature","id":"RNC-18946","geometry":{"type":"Point","coordinates":[-89.31286304799994,21.335752081000066]},"properties":{"id":"RNC-18946","nombre":"Grand Marina","categoria":"puerto_embarcadero","categoria_label":"Puerto o embarcadero","subcategoria":"Marina","fuente":"Red Nacional de Caminos 2025, INEGI"}},{"type":"Feature","id":"RNC-18949","geometry":{"type":"Point","coordinates":[-89.30827070399994,21.340638150000075]},"properties":{"id":"RNC-18949","nombre":"Marina Telchac","categoria":"puerto_embarcadero","categoria_label":"Puerto o embarcadero","subcategoria":"Marina","fuente":"Red Nacional de Caminos 2025, INEGI"}},{"type":"Feature","id":"RNC-19280","geometry":{"type":"Point","coordinates":[-102.71324853299996,21.846371461000047]},"properties":{"id":"RNC-19280","nombre":"Central Camionera Calvillo","categoria":"terminal_autobuses","categoria_label":"Terminal de autobuses","subcategoria":"","fuente":"Red Nacional de Caminos 2025, INEGI"}},{"type":"Feature","id":"RNC-19551","geometry":{"type":"Point","coordinates":[-96.90350282899999,19.52750794700006]},"properties":{"id":"RNC-19551","nombre":"Central de Autobuses de Xalapa","categoria":"terminal_autobuses","categoria_label":"Terminal de autobuses","subcategoria":"","fuente":"Red Nacional de Caminos 2025, INEGI"}},{"type":"Feature","id":"RNC-19651","geometry":{"type":"Point","coordinates":[-95.11434722399997,18.416900102000056]},"properties":{"id":"RNC-19651","nombre":"Puerto Catemaco","categoria":"puerto_embarcadero","categoria_label":"Puerto o embarcadero","subcategoria":"Turístico","fuente":"Red Nacional de Caminos 2025, INEGI"}},{"type":"Feature","id":"RNC-20514","geometry":{"type":"Point","coordinates":[-96.13427531399998,19.178648036000027]},"properties":{"id":"RNC-20514","nombre":"Central de Autobuses de Veracruz","categoria":"terminal_autobuses","categoria_label":"Terminal de autobuses","subcategoria":"","fuente":"Red Nacional de Caminos 2025, INEGI"}},{"type":"Feature","id":"RNC-21425","geometry":{"type":"Point","coordinates":[-100.41714203599997,20.60508709800007]},"properties":{"id":"RNC-21425","nombre":"Terminal de Autobuses Querétaro Norte 5 de Febrero","categoria":"terminal_autobuses","categoria_label":"Terminal de autobuses","subcategoria":"","fuente":"Red Nacional de Caminos 2025, INEGI"}},{"type":"Feature","id":"RNC-21709","geometry":{"type":"Point","coordinates":[-100.35965838199996,20.577987780000058]},"properties":{"id":"RNC-21709","nombre":"Terminal de Autobuses de Querétaro","categoria":"terminal_autobuses","categoria_label":"Terminal de autobuses","subcategoria":"","fuente":"Red Nacional de Caminos 2025, INEGI"}},{"type":"Feature","id":"RNC-21796","geometry":{"type":"Point","coordinates":[-89.84158180299994,19.745886185000074]},"properties":{"id":"RNC-21796","nombre":"Autobuses del Sur","categoria":"terminal_autobuses","categoria_label":"Terminal de autobuses","subcategoria":"","fuente":"Red Nacional de Caminos 2025, INEGI"}},{"type":"Feature","id":"RNC-21895","geometry":{"type":"Point","coordinates":[-97.83324007799996,16.280838775000063]},"properties":{"id":"RNC-21895","nombre":"Aeropuerto Santiago Jamiltepec","categoria":"aeropuerto","categoria_label":"Aeropuerto","subcategoria":"Local","fuente":"Red Nacional de Caminos 2025, INEGI"}},{"type":"Feature","id":"RNC-22029","geometry":{"type":"Point","coordinates":[-97.61457492799997,16.107820161000063]},"properties":{"id":"RNC-22029","nombre":"Aeródromo de Tututepec","categoria":"aeropuerto","categoria_label":"Aeropuerto","subcategoria":"Local","fuente":"Red Nacional de Caminos 2025, INEGI"}},{"type":"Feature","id":"RNC-22046","geometry":{"type":"Point","coordinates":[-86.94002098399994,20.528302431000043]},"properties":{"id":"RNC-22046","nombre":"Puerto Banco Playa","categoria":"puerto_embarcadero","categoria_label":"Puerto o embarcadero","subcategoria":"De Abrigo","fuente":"Red Nacional de Caminos 2025, INEGI"}},{"type":"Feature","id":"RNC-22287","geometry":{"type":"Point","coordinates":[-88.79418021499998,21.202697236000063]},"properties":{"id":"RNC-22287","nombre":"Autobuses del Noreste","categoria":"terminal_autobuses","categoria_label":"Terminal de autobuses","subcategoria":"","fuente":"Red Nacional de Caminos 2025, INEGI"}},{"type":"Feature","id":"RNC-22671","geometry":{"type":"Point","coordinates":[-97.46932814399997,20.542069128000037]},"properties":{"id":"RNC-22671","nombre":"Central de Autobuses de Poza Rica","categoria":"terminal_autobuses","categoria_label":"Terminal de autobuses","subcategoria":"","fuente":"Red Nacional de Caminos 2025, INEGI"}},{"type":"Feature","id":"RNC-22888","geometry":{"type":"Point","coordinates":[-94.44534241399998,18.120791865000058]},"properties":{"id":"RNC-22888","nombre":"Central de Autobuses de Coatzacoalcos","categoria":"terminal_autobuses","categoria_label":"Terminal de autobuses","subcategoria":"","fuente":"Red Nacional de Caminos 2025, INEGI"}},{"type":"Feature","id":"RNC-22950","geometry":{"type":"Point","coordinates":[-99.13932056899995,19.479486088000044]},"properties":{"id":"RNC-22950","nombre":"Terminal Central de Autobuses del Norte","categoria":"terminal_autobuses","categoria_label":"Terminal de autobuses","subcategoria":"","fuente":"Red Nacional de Caminos 2025, INEGI"}},{"type":"Feature","id":"RNC-23281","geometry":{"type":"Point","coordinates":[-99.13880873899996,19.342358227000034]},"properties":{"id":"RNC-23281","nombre":"Terminal Central del Sur","categoria":"terminal_autobuses","categoria_label":"Terminal de autobuses","subcategoria":"","fuente":"Red Nacional de Caminos 2025, INEGI"}},{"type":"Feature","id":"RNC-23330","geometry":{"type":"Point","coordinates":[-99.20034167999995,19.397167873000058]},"properties":{"id":"RNC-23330","nombre":"Central Camionera Poniente","categoria":"terminal_autobuses","categoria_label":"Terminal de autobuses","subcategoria":"","fuente":"Red Nacional de Caminos 2025, INEGI"}},{"type":"Feature","id":"RNC-23766","geometry":{"type":"Point","coordinates":[-99.93197263599995,20.907459193000022]},"properties":{"id":"RNC-23766","nombre":"Central Camionera Tolimán","categoria":"terminal_autobuses","categoria_label":"Terminal de autobuses","subcategoria":"","fuente":"Red Nacional de Caminos 2025, INEGI"}},{"type":"Feature","id":"RNC-23949","geometry":{"type":"Point","coordinates":[-104.51896181299998,24.162622310000074]},"properties":{"id":"RNC-23949","nombre":"Nueva Terminal Ferroviaria de Carga de Durango","categoria":"estacion_ferrocarril","categoria_label":"Estación de ferrocarril","subcategoria":"","fuente":"Red Nacional de Caminos 2025, INEGI"}},{"type":"Feature","id":"RNC-23977","geometry":{"type":"Point","coordinates":[-99.81304565099998,20.70054517400007]},"properties":{"id":"RNC-23977","nombre":"Cadereyta de Montes","categoria":"terminal_autobuses","categoria_label":"Terminal de autobuses","subcategoria":"","fuente":"Red Nacional de Caminos 2025, INEGI"}},{"type":"Feature","id":"RNC-23999","geometry":{"type":"Point","coordinates":[-100.14885688799995,20.188047045000076]},"properties":{"id":"RNC-23999","nombre":"Central de Autobuses de Amealco","categoria":"terminal_autobuses","categoria_label":"Terminal de autobuses","subcategoria":"","fuente":"Red Nacional de Caminos 2025, INEGI"}},{"type":"Feature","id":"RNC-24016","geometry":{"type":"Point","coordinates":[-100.00190523399999,20.375706317000038]},"properties":{"id":"RNC-24016","nombre":"Central de Autobuses de San Juan del Río","categoria":"terminal_autobuses","categoria_label":"Terminal de autobuses","subcategoria":"","fuente":"Red Nacional de Caminos 2025, INEGI"}},{"type":"Feature","id":"RNC-24252","geometry":{"type":"Point","coordinates":[-100.05098288699998,20.78470254000007]},"properties":{"id":"RNC-24252","nombre":"Terminal de Autobuses Cristóbal Colón","categoria":"terminal_autobuses","categoria_label":"Terminal de autobuses","subcategoria":"","fuente":"Red Nacional de Caminos 2025, INEGI"}},{"type":"Feature","id":"RNC-24288","geometry":{"type":"Point","coordinates":[-99.89900027199997,20.51728697300007]},"properties":{"id":"RNC-24288","nombre":"Terminal de Autobuses Tequisquiapan","categoria":"terminal_autobuses","categoria_label":"Terminal de autobuses","subcategoria":"","fuente":"Red Nacional de Caminos 2025, INEGI"}},{"type":"Feature","id":"RNC-24392","geometry":{"type":"Point","coordinates":[-110.92973131299999,29.077978310000052]},"properties":{"id":"RNC-24392","nombre":"Central de Autobuses de Hermosillo","categoria":"terminal_autobuses","categoria_label":"Terminal de autobuses","subcategoria":"","fuente":"Red Nacional de Caminos 2025, INEGI"}},{"type":"Feature","id":"RNC-24541","geometry":{"type":"Point","coordinates":[-88.20473140399997,20.690879653000025]},"properties":{"id":"RNC-24541","nombre":"Terminal de Autobuses Valladolid","categoria":"terminal_autobuses","categoria_label":"Terminal de autobuses","subcategoria":"","fuente":"Red Nacional de Caminos 2025, INEGI"}},{"type":"Feature","id":"RNC-24546","geometry":{"type":"Point","coordinates":[-88.21145923699999,20.692697446000068]},"properties":{"id":"RNC-24546","nombre":"Autotransportes de Oriente","categoria":"terminal_autobuses","categoria_label":"Terminal de autobuses","subcategoria":"","fuente":"Red Nacional de Caminos 2025, INEGI"}},{"type":"Feature","id":"RNC-24820","geometry":{"type":"Point","coordinates":[-89.29054346299995,20.203117847000044]},"properties":{"id":"RNC-24820","nombre":"Terminal Tekax","categoria":"terminal_autobuses","categoria_label":"Terminal de autobuses","subcategoria":"","fuente":"Red Nacional de Caminos 2025, INEGI"}},{"type":"Feature","id":"RNC-25052","geometry":{"type":"Point","coordinates":[-90.73111485099997,18.61348346400007]},"properties":{"id":"RNC-25052","nombre":"Estación de Ferrocarril Escárcega","categoria":"estacion_ferrocarril","categoria_label":"Estación de ferrocarril","subcategoria":"","fuente":"Red Nacional de Caminos 2025, INEGI"}},{"type":"Feature","id":"RNC-25149","geometry":{"type":"Point","coordinates":[-89.42142910399998,20.30380908500007]},"properties":{"id":"RNC-25149","nombre":"Terminal de Oxkutzcab","categoria":"terminal_autobuses","categoria_label":"Terminal de autobuses","subcategoria":"","fuente":"Red Nacional de Caminos 2025, INEGI"}},{"type":"Feature","id":"RNC-25418","geometry":{"type":"Point","coordinates":[-100.44914307399995,25.793549480000024]},"properties":{"id":"RNC-25418","nombre":"Club Aéreo Francisco Lobo A.C.","categoria":"aeropuerto","categoria_label":"Aeropuerto","subcategoria":"Local","fuente":"Red Nacional de Caminos 2025, INEGI"}},{"type":"Feature","id":"RNC-25454","geometry":{"type":"Point","coordinates":[-98.75200413699997,20.106900858000074]},"properties":{"id":"RNC-25454","nombre":"Central Camionera Carlos Martínez Balmori","categoria":"terminal_autobuses","categoria_label":"Terminal de autobuses","subcategoria":"","fuente":"Red Nacional de Caminos 2025, INEGI"}},{"type":"Feature","id":"RNC-25717","geometry":{"type":"Point","coordinates":[-102.03875776099994,19.40284162200004]},"properties":{"id":"RNC-25717","nombre":"Aeropuerto Internacional de Uruapan, Gral. Ignacio L. Rayón","categoria":"aeropuerto","categoria_label":"Aeropuerto","subcategoria":"Internacional","fuente":"Red Nacional de Caminos 2025, INEGI"}},{"type":"Feature","id":"RNC-25952","geometry":{"type":"Point","coordinates":[-90.03167009999999,21.16517312800005]},"properties":{"id":"RNC-25952","nombre":"Terminal de Autobuses Oriente","categoria":"terminal_autobuses","categoria_label":"Terminal de autobuses","subcategoria":"","fuente":"Red Nacional de Caminos 2025, INEGI"}},{"type":"Feature","id":"RNC-26117","geometry":{"type":"Point","coordinates":[-89.53291496599996,20.396884416000034]},"properties":{"id":"RNC-26117","nombre":"Terminal Ticul","categoria":"terminal_autobuses","categoria_label":"Terminal de autobuses","subcategoria":"","fuente":"Red Nacional de Caminos 2025, INEGI"}},{"type":"Feature","id":"RNC-26196","geometry":{"type":"Point","coordinates":[-89.39555953299998,21.00360170900007]},"properties":{"id":"RNC-26196","nombre":"Terminal de Autobuses Centro","categoria":"terminal_autobuses","categoria_label":"Terminal de autobuses","subcategoria":"","fuente":"Red Nacional de Caminos 2025, INEGI"}},{"type":"Feature","id":"RNC-26606","geometry":{"type":"Point","coordinates":[-88.89151873099996,21.39294312000004]},"properties":{"id":"RNC-26606","nombre":"Autobuses del Noreste","categoria":"terminal_autobuses","categoria_label":"Terminal de autobuses","subcategoria":"","fuente":"Red Nacional de Caminos 2025, INEGI"}},{"type":"Feature","id":"RNC-27148","geometry":{"type":"Point","coordinates":[-97.09230046599998,20.44593610900006]},"properties":{"id":"RNC-27148","nombre":"Terminal de ADO, Gutiérrez Zamora","categoria":"terminal_autobuses","categoria_label":"Terminal de autobuses","subcategoria":"","fuente":"Red Nacional de Caminos 2025, INEGI"}},{"type":"Feature","id":"RNC-27157","geometry":{"type":"Point","coordinates":[-97.00895152599998,20.47886777800005]},"properties":{"id":"RNC-27157","nombre":"Terminal ADO Tecolutla","categoria":"terminal_autobuses","categoria_label":"Terminal de autobuses","subcategoria":"","fuente":"Red Nacional de Caminos 2025, INEGI"}},{"type":"Feature","id":"RNC-27187","geometry":{"type":"Point","coordinates":[-97.31973185699997,20.451343957000063]},"properties":{"id":"RNC-27187","nombre":"Terminal ADO Papantla","categoria":"terminal_autobuses","categoria_label":"Terminal de autobuses","subcategoria":"","fuente":"Red Nacional de Caminos 2025, INEGI"}},{"type":"Feature","id":"RNC-27243","geometry":{"type":"Point","coordinates":[-97.05227279199994,20.06444133100007]},"properties":{"id":"RNC-27243","nombre":"Terminal de Autobuses de Martínez de la Torre","categoria":"terminal_autobuses","categoria_label":"Terminal de autobuses","subcategoria":"","fuente":"Red Nacional de Caminos 2025, INEGI"}},{"type":"Feature","id":"RNC-27246","geometry":{"type":"Point","coordinates":[-103.30449124399996,20.525827873000026]},"properties":{"id":"RNC-27246","nombre":"Aeropuerto Internacional de Guadalajara Don Miguel Hidalgo y Costilla - Terminal 2","categoria":"aeropuerto","categoria_label":"Aeropuerto","subcategoria":"Internacional","fuente":"Red Nacional de Caminos 2025, INEGI"}},{"type":"Feature","id":"RNC-27282","geometry":{"type":"Point","coordinates":[-87.70021825899994,18.758132852000074]},"properties":{"id":"RNC-27282","nombre":"Aeropuerto Regional de Mahahual","categoria":"aeropuerto","categoria_label":"Aeropuerto","subcategoria":"Local","fuente":"Red Nacional de Caminos 2025, INEGI"}},{"type":"Feature","id":"RNC-27300","geometry":{"type":"Point","coordinates":[-94.15278666299997,18.13688337600007]},"properties":{"id":"RNC-27300","nombre":"Terminal Agua Dulce","categoria":"terminal_autobuses","categoria_label":"Terminal de autobuses","subcategoria":"","fuente":"Red Nacional de Caminos 2025, INEGI"}},{"type":"Feature","id":"RNC-27330","geometry":{"type":"Point","coordinates":[-96.86640621199997,20.18991593800007]},"properties":{"id":"RNC-27330","nombre":"Terminal de Autobuses San Rafael","categoria":"terminal_autobuses","categoria_label":"Terminal de autobuses","subcategoria":"","fuente":"Red Nacional de Caminos 2025, INEGI"}},{"type":"Feature","id":"RNC-27332","geometry":{"type":"Point","coordinates":[-94.90478322899999,17.948015996000038]},"properties":{"id":"RNC-27332","nombre":"Central Camionera de Acayucan","categoria":"terminal_autobuses","categoria_label":"Terminal de autobuses","subcategoria":"","fuente":"Red Nacional de Caminos 2025, INEGI"}},{"type":"Feature","id":"RNC-27334","geometry":{"type":"Point","coordinates":[-97.21357826399998,19.963057638000066]},"properties":{"id":"RNC-27334","nombre":"Terminal de Autobuses Tlapacoyan","categoria":"terminal_autobuses","categoria_label":"Terminal de autobuses","subcategoria":"","fuente":"Red Nacional de Caminos 2025, INEGI"}},{"type":"Feature","id":"RNC-27380","geometry":{"type":"Point","coordinates":[-97.24378624499998,19.767106805000026]},"properties":{"id":"RNC-27380","nombre":"Terminal de Autobuses Altotonga","categoria":"terminal_autobuses","categoria_label":"Terminal de autobuses","subcategoria":"","fuente":"Red Nacional de Caminos 2025, INEGI"}},{"type":"Feature","id":"RNC-27418","geometry":{"type":"Point","coordinates":[-89.28305742099997,21.09817556800005]},"properties":{"id":"RNC-27418","nombre":"Autobuses Centro, Motul","categoria":"terminal_autobuses","categoria_label":"Terminal de autobuses","subcategoria":"","fuente":"Red Nacional de Caminos 2025, INEGI"}},{"type":"Feature","id":"RNC-27448","geometry":{"type":"Point","coordinates":[-97.24357478499996,19.56232747300004]},"properties":{"id":"RNC-27448","nombre":"Central de Autobuses de Perote","categoria":"terminal_autobuses","categoria_label":"Terminal de autobuses","subcategoria":"","fuente":"Red Nacional de Caminos 2025, INEGI"}},{"type":"Feature","id":"RNC-27799","geometry":{"type":"Point","coordinates":[-99.23088969299994,18.93014236600004]},"properties":{"id":"RNC-27799","nombre":"Terminal de Autobuses Pullman de Morelos","categoria":"terminal_autobuses","categoria_label":"Terminal de autobuses","subcategoria":"","fuente":"Red Nacional de Caminos 2025, INEGI"}},{"type":"Feature","id":"RNC-27800","geometry":{"type":"Point","coordinates":[-99.23614663599994,18.918620540000063]},"properties":{"id":"RNC-27800","nombre":"Terminal Autobuses Pullman de Morelos","categoria":"terminal_autobuses","categoria_label":"Terminal de autobuses","subcategoria":"","fuente":"Red Nacional de Caminos 2025, INEGI"}},{"type":"Feature","id":"RNC-27802","geometry":{"type":"Point","coordinates":[-99.23838072399997,18.926036590000024]},"properties":{"id":"RNC-27802","nombre":"Terminal de Autobuses Grupo Estrella Blanca","categoria":"terminal_autobuses","categoria_label":"Terminal de autobuses","subcategoria":"","fuente":"Red Nacional de Caminos 2025, INEGI"}},{"type":"Feature","id":"RNC-27803","geometry":{"type":"Point","coordinates":[-99.23477934099998,18.91553685200006]},"properties":{"id":"RNC-27803","nombre":"Terminal de Autobuses Estrella Roja","categoria":"terminal_autobuses","categoria_label":"Terminal de autobuses","subcategoria":"","fuente":"Red Nacional de Caminos 2025, INEGI"}},{"type":"Feature","id":"RNC-27843","geometry":{"type":"Point","coordinates":[-89.66397600799996,21.28459559700008]},"properties":{"id":"RNC-27843","nombre":"Autoprogreso","categoria":"terminal_autobuses","categoria_label":"Terminal de autobuses","subcategoria":"","fuente":"Red Nacional de Caminos 2025, INEGI"}},{"type":"Feature","id":"RNC-27853","geometry":{"type":"Point","coordinates":[-98.30204841099999,19.060195289000035]},"properties":{"id":"RNC-27853","nombre":"Tren Turístico Puebla - Cholula","categoria":"estacion_ferrocarril","categoria_label":"Estación de ferrocarril","subcategoria":"","fuente":"Red Nacional de Caminos 2025, INEGI"}},{"type":"Feature","id":"RNC-27930","geometry":{"type":"Point","coordinates":[-116.59544736999999,31.798064053000076]},"properties":{"id":"RNC-27930","nombre":"Aeropuerto Internacional Ensenada","categoria":"aeropuerto","categoria_label":"Aeropuerto","subcategoria":"Internacional","fuente":"Red Nacional de Caminos 2025, INEGI"}},{"type":"Feature","id":"RNC-27978","geometry":{"type":"Point","coordinates":[-104.31445323561523,19.055017722364592]},"properties":{"id":"RNC-27978","nombre":"Puerto de Manzanillo","categoria":"puerto_embarcadero","categoria_label":"Puerto o embarcadero","subcategoria":"Turístico","fuente":"Red Nacional de Caminos 2025, INEGI"}},{"type":"Feature","id":"RNC-27981","geometry":{"type":"Point","coordinates":[-104.68255399299994,19.194343874000026]},"properties":{"id":"RNC-27981","nombre":"Marina Puerto de la Navidad","categoria":"puerto_embarcadero","categoria_label":"Puerto o embarcadero","subcategoria":"Marina","fuente":"Red Nacional de Caminos 2025, INEGI"}},{"type":"Feature","id":"RNC-27986","geometry":{"type":"Point","coordinates":[-87.37488099999996,21.519077000000042]},"properties":{"id":"RNC-27986","nombre":"Puerto Holbox","categoria":"puerto_embarcadero","categoria_label":"Puerto o embarcadero","subcategoria":"Turístico","fuente":"Red Nacional de Caminos 2025, INEGI"}},{"type":"Feature","id":"RNC-27989","geometry":{"type":"Point","coordinates":[-87.69227999999998,18.732930000000067]},"properties":{"id":"RNC-27989","nombre":"Puerto Majahual","categoria":"puerto_embarcadero","categoria_label":"Puerto o embarcadero","subcategoria":"Turístico","fuente":"Red Nacional de Caminos 2025, INEGI"}},{"type":"Feature","id":"RNC-27990","geometry":{"type":"Point","coordinates":[-87.07402722999996,20.620146764000026]},"properties":{"id":"RNC-27990","nombre":"Puerto Playa del Carmen","categoria":"puerto_embarcadero","categoria_label":"Puerto o embarcadero","subcategoria":"Turístico","fuente":"Red Nacional de Caminos 2025, INEGI"}},{"type":"Feature","id":"RNC-27999","geometry":{"type":"Point","coordinates":[-86.74630929199998,21.255093601000056]},"properties":{"id":"RNC-27999","nombre":"Puerto Isla Mujeres","categoria":"puerto_embarcadero","categoria_label":"Puerto o embarcadero","subcategoria":"Turístico","fuente":"Red Nacional de Caminos 2025, INEGI"}},{"type":"Feature","id":"RNC-28000","geometry":{"type":"Point","coordinates":[-104.34675372599997,19.099331371000062]},"properties":{"id":"RNC-28000","nombre":"Marina Las Hadas","categoria":"puerto_embarcadero","categoria_label":"Puerto o embarcadero","subcategoria":"Marina","fuente":"Red Nacional de Caminos 2025, INEGI"}},{"type":"Feature","id":"RNC-28002","geometry":{"type":"Point","coordinates":[-111.34008728199996,26.01490005000005]},"properties":{"id":"RNC-28002","nombre":"Puerto de Loreto","categoria":"puerto_embarcadero","categoria_label":"Puerto o embarcadero","subcategoria":"Marina","fuente":"Red Nacional de Caminos 2025, INEGI"}},{"type":"Feature","id":"RNC-28171","geometry":{"type":"Point","coordinates":[-99.11228549099997,19.430047031000072]},"properties":{"id":"RNC-28171","nombre":"Terminal de Autobuses de Pasajeros de Oriente","categoria":"terminal_autobuses","categoria_label":"Terminal de autobuses","subcategoria":"","fuente":"Red Nacional de Caminos 2025, INEGI"}},{"type":"Feature","id":"RNC-28318","geometry":{"type":"Point","coordinates":[-86.95091002899994,20.51207670200006]},"properties":{"id":"RNC-28318","nombre":"Puerto de Cozumel","categoria":"puerto_embarcadero","categoria_label":"Puerto o embarcadero","subcategoria":"Turístico","fuente":"Red Nacional de Caminos 2025, INEGI"}},{"type":"Feature","id":"RNC-28393","geometry":{"type":"Point","coordinates":[-87.07504114299996,20.620893352000053]},"properties":{"id":"RNC-28393","nombre":"Muelle Fiscal Playa del Carmen","categoria":"puerto_embarcadero","categoria_label":"Puerto o embarcadero","subcategoria":"Turístico","fuente":"Red Nacional de Caminos 2025, INEGI"}},{"type":"Feature","id":"RNC-29135","geometry":{"type":"Point","coordinates":[-99.08578659899996,19.433771076000028]},"properties":{"id":"RNC-29135","nombre":"Aeropuerto Internacional Benito Juárez de la Ciudad de México","categoria":"aeropuerto","categoria_label":"Aeropuerto","subcategoria":"Internacional","fuente":"Red Nacional de Caminos 2025, INEGI"}},{"type":"Feature","id":"RNC-29206","geometry":{"type":"Point","coordinates":[-98.44763185499994,19.709397288000048]},"properties":{"id":"RNC-29206","nombre":"Terminal de Autobuses ATAH, Apan","categoria":"terminal_autobuses","categoria_label":"Terminal de autobuses","subcategoria":"","fuente":"Red Nacional de Caminos 2025, INEGI"}},{"type":"Feature","id":"RNC-29232","geometry":{"type":"Point","coordinates":[-87.89470761999996,18.248133705000043]},"properties":{"id":"RNC-29232","nombre":"Puerto La Aguada","categoria":"puerto_embarcadero","categoria_label":"Puerto o embarcadero","subcategoria":"De Abrigo","fuente":"Red Nacional de Caminos 2025, INEGI"}},{"type":"Feature","id":"RNC-29242","geometry":{"type":"Point","coordinates":[-86.80747248399996,21.16768677300007]},"properties":{"id":"RNC-29242","nombre":"Puerto Cancún","categoria":"puerto_embarcadero","categoria_label":"Puerto o embarcadero","subcategoria":"Marina","fuente":"Red Nacional de Caminos 2025, INEGI"}},{"type":"Feature","id":"RNC-29478","geometry":{"type":"Point","coordinates":[-98.20229900499999,19.056040734000078]},"properties":{"id":"RNC-29478","nombre":"Tren Turístico Terminal Puebla","categoria":"estacion_ferrocarril","categoria_label":"Estación de ferrocarril","subcategoria":"","fuente":"Red Nacional de Caminos 2025, INEGI"}},{"type":"Feature","id":"RNC-29501","geometry":{"type":"Point","coordinates":[-101.28666253699998,20.98302195200006]},"properties":{"id":"RNC-29501","nombre":"Terminal Central de Autobuses de Guanajuato","categoria":"terminal_autobuses","categoria_label":"Terminal de autobuses","subcategoria":"","fuente":"Red Nacional de Caminos 2025, INEGI"}},{"type":"Feature","id":"RNC-29617","geometry":{"type":"Point","coordinates":[-96.95648094399996,18.872466238000072]},"properties":{"id":"RNC-29617","nombre":"Aeropuerto Ingeniero Juan Antonio Perdomo Díaz","categoria":"aeropuerto","categoria_label":"Aeropuerto","subcategoria":"Local","fuente":"Red Nacional de Caminos 2025, INEGI"}},{"type":"Feature","id":"RNC-30253","geometry":{"type":"Point","coordinates":[-99.02303695999996,19.736872298000037]},"properties":{"id":"RNC-30253","nombre":"Aeropuerto Internacional Felipe Ángeles","categoria":"aeropuerto","categoria_label":"Aeropuerto","subcategoria":"Internacional","fuente":"Red Nacional de Caminos 2025, INEGI"}},{"type":"Feature","id":"RNC-30667","geometry":{"type":"Point","coordinates":[-97.40073214999995,18.461006029000032]},"properties":{"id":"RNC-30667","nombre":"Estación de Ferrocarril Tehuacán","categoria":"estacion_ferrocarril","categoria_label":"Estación de ferrocarril","subcategoria":"","fuente":"Red Nacional de Caminos 2025, INEGI"}},{"type":"Feature","id":"RNC-30797","geometry":{"type":"Point","coordinates":[-111.66938575599994,25.029122175000055]},"properties":{"id":"RNC-30797","nombre":"Terminal AutoTransportes Aguila","categoria":"terminal_autobuses","categoria_label":"Terminal de autobuses","subcategoria":"","fuente":"Red Nacional de Caminos 2025, INEGI"}},{"type":"Feature","id":"RNC-30877","geometry":{"type":"Point","coordinates":[-99.99525481199998,21.92048014200003]},"properties":{"id":"RNC-30877","nombre":"Terminal de Autobuses","categoria":"terminal_autobuses","categoria_label":"Terminal de autobuses","subcategoria":"","fuente":"Red Nacional de Caminos 2025, INEGI"}},{"type":"Feature","id":"RNC-31362","geometry":{"type":"Point","coordinates":[-105.58436395599995,20.26170860900004]},"properties":{"id":"RNC-31362","nombre":"Aeropuerto de Mayto Ingeniero Leo Jiménez","categoria":"aeropuerto","categoria_label":"Aeropuerto","subcategoria":"Local","fuente":"Red Nacional de Caminos 2025, INEGI"}},{"type":"Feature","id":"RNC-31491","geometry":{"type":"Point","coordinates":[-113.38689125599996,27.652193800000077]},"properties":{"id":"RNC-31491","nombre":"Terminal ABC Vizcaino","categoria":"terminal_autobuses","categoria_label":"Terminal de autobuses","subcategoria":"","fuente":"Red Nacional de Caminos 2025, INEGI"}},{"type":"Feature","id":"RNC-31492","geometry":{"type":"Point","coordinates":[-113.38655813099996,27.651884470000027]},"properties":{"id":"RNC-31492","nombre":"Terminal de Autobuses Águila","categoria":"terminal_autobuses","categoria_label":"Terminal de autobuses","subcategoria":"","fuente":"Red Nacional de Caminos 2025, INEGI"}},{"type":"Feature","id":"RNC-31764","geometry":{"type":"Point","coordinates":[-101.20405352399996,27.97212534700003]},"properties":{"id":"RNC-31764","nombre":"Aeropuerto Región Carbonifera","categoria":"aeropuerto","categoria_label":"Aeropuerto","subcategoria":"Local","fuente":"Red Nacional de Caminos 2025, INEGI"}},{"type":"Feature","id":"RNC-31955","geometry":{"type":"Point","coordinates":[-102.57643639399998,22.75516872700007]},"properties":{"id":"RNC-31955","nombre":"Roberto Díaz Herrera","categoria":"terminal_autobuses","categoria_label":"Terminal de autobuses","subcategoria":"","fuente":"Red Nacional de Caminos 2025, INEGI"}},{"type":"Feature","id":"RNC-32076","geometry":{"type":"Point","coordinates":[-111.11987441199994,30.547882822000076]},"properties":{"id":"RNC-32076","nombre":"N/D","categoria":"terminal_autobuses","categoria_label":"Terminal de autobuses","subcategoria":"","fuente":"Red Nacional de Caminos 2025, INEGI"}},{"type":"Feature","id":"RNC-32080","geometry":{"type":"Point","coordinates":[-93.86452753399999,18.295798477000062]},"properties":{"id":"RNC-32080","nombre":"Capitania de Puerto Sánchez Magallanes Tabasco","categoria":"puerto_embarcadero","categoria_label":"Puerto o embarcadero","subcategoria":"Marina","fuente":"Red Nacional de Caminos 2025, INEGI"}},{"type":"Feature","id":"RNC-32470","geometry":{"type":"Point","coordinates":[-97.96927807899999,19.921997643000054]},"properties":{"id":"RNC-32470","nombre":"Central de Autobuses de Zacatlán","categoria":"terminal_autobuses","categoria_label":"Terminal de autobuses","subcategoria":"","fuente":"Red Nacional de Caminos 2025, INEGI"}},{"type":"Feature","id":"RNC-32558","geometry":{"type":"Point","coordinates":[-113.30296045199998,31.35115674800005]},"properties":{"id":"RNC-32558","nombre":"Mar de Cortez","categoria":"aeropuerto","categoria_label":"Aeropuerto","subcategoria":"Internacional","fuente":"Red Nacional de Caminos 2025, INEGI"}},{"type":"Feature","id":"RNC-32664","geometry":{"type":"Point","coordinates":[-110.93766409399996,31.296152749000044]},"properties":{"id":"RNC-32664","nombre":"Central de Autobuses de Nogales","categoria":"terminal_autobuses","categoria_label":"Terminal de autobuses","subcategoria":"","fuente":"Red Nacional de Caminos 2025, INEGI"}},{"type":"Feature","id":"RNC-32713","geometry":{"type":"Point","coordinates":[-98.20108690699999,19.076285306000045]},"properties":{"id":"RNC-32713","nombre":"Terminal Expresso del Sur","categoria":"terminal_autobuses","categoria_label":"Terminal de autobuses","subcategoria":"","fuente":"Red Nacional de Caminos 2025, INEGI"}},{"type":"Feature","id":"RNC-32715","geometry":{"type":"Point","coordinates":[-98.20332282699997,19.077594426000076]},"properties":{"id":"RNC-32715","nombre":"Central de Autobuses Ingeniero Alfonso Medrano Herrera","categoria":"terminal_autobuses","categoria_label":"Terminal de autobuses","subcategoria":"","fuente":"Red Nacional de Caminos 2025, INEGI"}},{"type":"Feature","id":"RNC-32716","geometry":{"type":"Point","coordinates":[-98.20225916799996,19.07130804800005]},"properties":{"id":"RNC-32716","nombre":"Central de Autobuses Puebla","categoria":"terminal_autobuses","categoria_label":"Terminal de autobuses","subcategoria":"","fuente":"Red Nacional de Caminos 2025, INEGI"}},{"type":"Feature","id":"RNC-33120","geometry":{"type":"Point","coordinates":[-114.77869063399999,32.480359434000036]},"properties":{"id":"RNC-33120","nombre":"Terminal de Autobuses San Luis Rio Colorado","categoria":"terminal_autobuses","categoria_label":"Terminal de autobuses","subcategoria":"","fuente":"Red Nacional de Caminos 2025, INEGI"}},{"type":"Feature","id":"RNC-33242","geometry":{"type":"Point","coordinates":[-99.23482917999996,20.132982195000068]},"properties":{"id":"RNC-33242","nombre":"Terminal de Autobuses de Tlahuelipan","categoria":"terminal_autobuses","categoria_label":"Terminal de autobuses","subcategoria":"","fuente":"Red Nacional de Caminos 2025, INEGI"}},{"type":"Feature","id":"RNC-33364","geometry":{"type":"Point","coordinates":[-88.31336658899994,18.518769872000064]},"properties":{"id":"RNC-33364","nombre":"Autobuses de Oriente","categoria":"terminal_autobuses","categoria_label":"Terminal de autobuses","subcategoria":"","fuente":"Red Nacional de Caminos 2025, INEGI"}},{"type":"Feature","id":"RNC-33453","geometry":{"type":"Point","coordinates":[-116.63058845599994,32.570069742000044]},"properties":{"id":"RNC-33453","nombre":"Estación de Ferrocarril de Tecate","categoria":"estacion_ferrocarril","categoria_label":"Estación de ferrocarril","subcategoria":"","fuente":"Red Nacional de Caminos 2025, INEGI"}},{"type":"Feature","id":"RNC-33483","geometry":{"type":"Point","coordinates":[-113.539892711,31.317771572000026]},"properties":{"id":"RNC-33483","nombre":"Terminal de Puerto Peñasco","categoria":"terminal_autobuses","categoria_label":"Terminal de autobuses","subcategoria":"","fuente":"Red Nacional de Caminos 2025, INEGI"}},{"type":"Feature","id":"RNC-33901","geometry":{"type":"Point","coordinates":[-89.60969934199994,20.978908975000024]},"properties":{"id":"RNC-33901","nombre":"Estación IE-TRAM","categoria":"terminal_autobuses","categoria_label":"Terminal de autobuses","subcategoria":"","fuente":"Red Nacional de Caminos 2025, INEGI"}},{"type":"Feature","id":"RNC-33903","geometry":{"type":"Point","coordinates":[-89.75569125799996,20.848967755000047]},"properties":{"id":"RNC-33903","nombre":"Estación Umán","categoria":"estacion_ferrocarril","categoria_label":"Estación de ferrocarril","subcategoria":"","fuente":"Red Nacional de Caminos 2025, INEGI"}},{"type":"Feature","id":"RNC-33909","geometry":{"type":"Point","coordinates":[-109.94685850899998,27.482514499000047]},"properties":{"id":"RNC-33909","nombre":"Central de Autobuses de Cd. Obregón","categoria":"terminal_autobuses","categoria_label":"Terminal de autobuses","subcategoria":"","fuente":"Red Nacional de Caminos 2025, INEGI"}},{"type":"Feature","id":"RNC-33943","geometry":{"type":"Point","coordinates":[-89.39923745299996,20.987287742000035]},"properties":{"id":"RNC-33943","nombre":"Estación Tixkokob","categoria":"estacion_ferrocarril","categoria_label":"Estación de ferrocarril","subcategoria":"","fuente":"Red Nacional de Caminos 2025, INEGI"}},{"type":"Feature","id":"RNC-33957","geometry":{"type":"Point","coordinates":[-89.51503976299995,20.929436103000057]},"properties":{"id":"RNC-33957","nombre":"Estación Teya","categoria":"estacion_ferrocarril","categoria_label":"Estación de ferrocarril","subcategoria":"","fuente":"Red Nacional de Caminos 2025, INEGI"}},{"type":"Feature","id":"RNC-33976","geometry":{"type":"Point","coordinates":[-89.08509675299996,20.936468241000057]},"properties":{"id":"RNC-33976","nombre":"Estación Izamal","categoria":"estacion_ferrocarril","categoria_label":"Estación de ferrocarril","subcategoria":"","fuente":"Red Nacional de Caminos 2025, INEGI"}},{"type":"Feature","id":"RNC-34146","geometry":{"type":"Point","coordinates":[-88.19325521299999,20.739819884000042]},"properties":{"id":"RNC-34146","nombre":"Estación Valladolid","categoria":"estacion_ferrocarril","categoria_label":"Estación de ferrocarril","subcategoria":"","fuente":"Red Nacional de Caminos 2025, INEGI"}},{"type":"Feature","id":"RNC-34169","geometry":{"type":"Point","coordinates":[-89.97529951499996,20.602536557000064]},"properties":{"id":"RNC-34169","nombre":"Estación Maxcanú","categoria":"estacion_ferrocarril","categoria_label":"Estación de ferrocarril","subcategoria":"","fuente":"Red Nacional de Caminos 2025, INEGI"}},{"type":"Feature","id":"RNC-34180","geometry":{"type":"Point","coordinates":[-88.54904714499997,20.719837978000044]},"properties":{"id":"RNC-34180","nombre":"Estación Chichén Itzá","categoria":"estacion_ferrocarril","categoria_label":"Estación de ferrocarril","subcategoria":"","fuente":"Red Nacional de Caminos 2025, INEGI"}},{"type":"Feature","id":"RNC-34712","geometry":{"type":"Point","coordinates":[-87.45345693499996,20.245847695000066]},"properties":{"id":"RNC-34712","nombre":"Estación Tulum","categoria":"estacion_ferrocarril","categoria_label":"Estación de ferrocarril","subcategoria":"","fuente":"Red Nacional de Caminos 2025, INEGI"}},{"type":"Feature","id":"RNC-34736","geometry":{"type":"Point","coordinates":[-88.39742188899999,18.70870319900007]},"properties":{"id":"RNC-34736","nombre":"Estación Bacalar","categoria":"estacion_ferrocarril","categoria_label":"Estación de ferrocarril","subcategoria":"","fuente":"Red Nacional de Caminos 2025, INEGI"}},{"type":"Feature","id":"RNC-34992","geometry":{"type":"Point","coordinates":[-98.24558068999994,19.008661020000034]},"properties":{"id":"RNC-34992","nombre":"Terminal de Autobuses Ebus","categoria":"terminal_autobuses","categoria_label":"Terminal de autobuses","subcategoria":"","fuente":"Red Nacional de Caminos 2025, INEGI"}},{"type":"Feature","id":"RNC-35532","geometry":{"type":"Point","coordinates":[-101.66137478999997,21.120947130000047]},"properties":{"id":"RNC-35532","nombre":"Central de Autobuses León","categoria":"terminal_autobuses","categoria_label":"Terminal de autobuses","subcategoria":"","fuente":"Red Nacional de Caminos 2025, INEGI"}},{"type":"Feature","id":"RNC-35578","geometry":{"type":"Point","coordinates":[-101.52709696999995,27.85828323000004]},"properties":{"id":"RNC-35578","nombre":"Aeródromo Múzquiz","categoria":"aeropuerto","categoria_label":"Aeropuerto","subcategoria":"Local","fuente":"Red Nacional de Caminos 2025, INEGI"}},{"type":"Feature","id":"RNC-35612","geometry":{"type":"Point","coordinates":[-87.63991868299996,20.15157144500006]},"properties":{"id":"RNC-35612","nombre":"Tulum Aeropuerto","categoria":"estacion_ferrocarril","categoria_label":"Estación de ferrocarril","subcategoria":"","fuente":"Red Nacional de Caminos 2025, INEGI"}},{"type":"Feature","id":"RNC-35614","geometry":{"type":"Point","coordinates":[-87.65901526099998,20.166328188000023]},"properties":{"id":"RNC-35614","nombre":"Aeropuerto Internacional de Tulum, Felipe Carrillo Puerto","categoria":"aeropuerto","categoria_label":"Aeropuerto","subcategoria":"Internacional","fuente":"Red Nacional de Caminos 2025, INEGI"}},{"type":"Feature","id":"RNC-36055","geometry":{"type":"Point","coordinates":[-88.11820050299997,19.02758447900004]},"properties":{"id":"RNC-36055","nombre":"Estación Limones - Chacchoben","categoria":"estacion_ferrocarril","categoria_label":"Estación de ferrocarril","subcategoria":"","fuente":"Red Nacional de Caminos 2025, INEGI"}},{"type":"Feature","id":"RNC-36078","geometry":{"type":"Point","coordinates":[-88.07435300199995,19.59241285300004]},"properties":{"id":"RNC-36078","nombre":"Estación Felipe Carrillo Puerto","categoria":"estacion_ferrocarril","categoria_label":"Estación de ferrocarril","subcategoria":"","fuente":"Red Nacional de Caminos 2025, INEGI"}},{"type":"Feature","id":"RNC-36177","geometry":{"type":"Point","coordinates":[-88.32280775199996,18.50813128300007]},"properties":{"id":"RNC-36177","nombre":"Estación Chetumal","categoria":"estacion_ferrocarril","categoria_label":"Estación de ferrocarril","subcategoria":"","fuente":"Red Nacional de Caminos 2025, INEGI"}},{"type":"Feature","id":"RNC-36599","geometry":{"type":"Point","coordinates":[-86.87286009699994,21.02828611600006]},"properties":{"id":"RNC-36599","nombre":"Estación Cancún Aeropuerto","categoria":"estacion_ferrocarril","categoria_label":"Estación de ferrocarril","subcategoria":"","fuente":"Red Nacional de Caminos 2025, INEGI"}},{"type":"Feature","id":"RNC-36633","geometry":{"type":"Point","coordinates":[-86.95004347099996,20.85069738900006]},"properties":{"id":"RNC-36633","nombre":"Estación Puerto Morelos","categoria":"estacion_ferrocarril","categoria_label":"Estación de ferrocarril","subcategoria":"","fuente":"Red Nacional de Caminos 2025, INEGI"}},{"type":"Feature","id":"RNC-36649","geometry":{"type":"Point","coordinates":[-87.60219147899994,20.878930534000062]},"properties":{"id":"RNC-36649","nombre":"Estación Nuevo Xcán","categoria":"estacion_ferrocarril","categoria_label":"Estación de ferrocarril","subcategoria":"","fuente":"Red Nacional de Caminos 2025, INEGI"}},{"type":"Feature","id":"RNC-36656","geometry":{"type":"Point","coordinates":[-88.87933979899998,18.45320771400003]},"properties":{"id":"RNC-36656","nombre":"Estación Nicolás Bravo / Kohunlich","categoria":"estacion_ferrocarril","categoria_label":"Estación de ferrocarril","subcategoria":"","fuente":"Red Nacional de Caminos 2025, INEGI"}},{"type":"Feature","id":"RNC-36657","geometry":{"type":"Point","coordinates":[-87.11692433899998,20.67833229200005]},"properties":{"id":"RNC-36657","nombre":"Estación Playa del Carmen","categoria":"estacion_ferrocarril","categoria_label":"Estación de ferrocarril","subcategoria":"","fuente":"Red Nacional de Caminos 2025, INEGI"}},{"type":"Feature","id":"RNC-36660","geometry":{"type":"Point","coordinates":[-87.19641912599997,20.97961430500004]},"properties":{"id":"RNC-36660","nombre":"Estación Leona Vicario","categoria":"estacion_ferrocarril","categoria_label":"Estación de ferrocarril","subcategoria":"","fuente":"Red Nacional de Caminos 2025, INEGI"}}]}